{"type": "FeatureCollection", "features": [{"type": "Feature", "properties": {"name": "FMSP Aztec to Mundys Gap"}, "geometry": {"type": "Polygon", "coordinates": [[[-106.49964948201472, 31.91728580181441], [-106.49994749854943, 31.917580975763297], [-106.49995557611139, 31.91769130285209], [-106.50018488824472, 31.917864513460582], [-106.50030558070398, 31.91814944278835], [-106.50042230563207, 31.91819512306845], [-106.5004778852417, 31.918290076177172], [-106.50081619249971, 31.91842433853226], [-106.50118099011898, 31.918718973846964], [-106.50139906893114, 31.918780033380198], [-106.50143696476562, 31.919041950844786], [-106.50158019549497, 31.919279158790985], [-106.5017604867031, 31.919322551053558], [-106.50215427239124, 31.919243129823254], [-106.5025222509736, 31.919434732674873], [-106.50269131109282, 31.919441624709364], [-106.5028406877143, 31.91950560444047], [-106.5033385812007, 31.919496259008476], [-106.50340798283638, 31.919559131645656], [-106.50341510914886, 31.919771046731352], [-106.5034965538986, 31.919890697109004], [-106.50383619504755, 31.91999836949425], [-106.50406164010253, 31.920210993484915], [-106.5041238781161, 31.92030506059715], [-106.50413980402931, 31.92047739191599], [-106.50412908550078, 31.920703046547715], [-106.50404538461908, 31.92085562942262], [-106.50402803193167, 31.921021028545805], [-106.50391764711853, 31.921103059434362], [-106.50377611813464, 31.92145612977535], [-106.50350546567545, 31.921494775459113], [-106.50326649487393, 31.92164523953094], [-106.50367175393575, 31.9217986897868], [-106.50374956011285, 31.921783477125402], [-106.50374412373748, 31.921874942477807], [-106.50360639067458, 31.921891842843685], [-106.50356512365286, 31.92183847963238], [-106.50320853794534, 31.92172683293826], [-106.50314280234223, 31.921656045807826], [-106.50330283949062, 31.92148122457781], [-106.50350103701521, 31.9213976635272], [-106.50370135004952, 31.921380535121205], [-106.50381546094191, 31.921065580463246], [-106.50393036241685, 31.92097442198169], [-106.50393706814168, 31.920831570092904], [-106.50402059018772, 31.920686829409544], [-106.50401632399732, 31.920326252961424], [-106.5039683783434, 31.920266890578944], [-106.50376403592097, 31.920076573865103], [-106.50340880728997, 31.91995582797987], [-106.50331216858902, 31.919809732979463], [-106.5032996139846, 31.919585670665526], [-106.50293469468609, 31.91960719895806], [-106.50247645179064, 31.919532649070028], [-106.50213656695875, 31.919336922001023], [-106.50175780463034, 31.9194161685038], [-106.50151018925864, 31.91935423561753], [-106.50133307130397, 31.919072308363543], [-106.5013149379539, 31.91884766041451], [-106.50111385933018, 31.918793588360447], [-106.50073642471017, 31.918496346440055], [-106.50040517391096, 31.918365340275827], [-106.50032969337467, 31.9182518262661], [-106.500207483205, 31.918196571414462], [-106.50009247603383, 31.917914721969293], [-106.4998708647051, 31.917751439627846], [-106.49984925288346, 31.91762470830347], [-106.4996047014724, 31.91736655146855], [-106.49960036799948, 31.917311725433446], [-106.49964948201472, 31.91728580181441]]]}}, {"type": "Feature", "properties": {"name": "FMSP Aztec Caves"}, "geometry": {"type": "Polygon", "coordinates": [[[-106.50371787951964, 31.921790461302997], [-106.50393302694839, 31.921945417979654], [-106.5039910098611, 31.922112424260025], [-106.50439237972385, 31.92276906163258], [-106.50456448048766, 31.92290481214801], [-106.50459564535866, 31.923022740007497], [-106.50477528137941, 31.92323608620544], [-106.50508892553424, 31.9235109469362], [-106.50521809295749, 31.92369238906121], [-106.50540142286911, 31.92378009674695], [-106.50558308759103, 31.92394231937717], [-106.50567434069207, 31.924131924113315], [-106.5056984406612, 31.924424318097284], [-106.50590617973305, 31.924527676512938], [-106.50582113882349, 31.924828361129464], [-106.50607452258383, 31.92549898891735], [-106.50632818950999, 31.925678015318283], [-106.50670543273301, 31.92575972421506], [-106.50878753738795, 31.926976660862568], [-106.50915145741153, 31.927276209214135], [-106.50926489789957, 31.927609293342403], [-106.5092654318921, 31.92789655455528], [-106.50941703228426, 31.928096461838162], [-106.50940692636082, 31.92814657379323], [-106.50932634850427, 31.928146288777988], [-106.50915813502759, 31.92792342527507], [-106.50915620001442, 31.92762391609603], [-106.50905279180856, 31.927319823948462], [-106.50871445320269, 31.92704595494251], [-106.50665188489513, 31.9258412465383], [-106.50627874393182, 31.925761873481036], [-106.50598186017871, 31.92555094435074], [-106.5057112926166, 31.92484081382258], [-106.50580363839153, 31.924566167505326], [-106.50560133778616, 31.924471728006168], [-106.505565925167, 31.924148546551944], [-106.50548775903584, 31.923988740952353], [-106.50510658088358, 31.92372719841801], [-106.50449368123199, 31.923063724284614], [-106.50447216678553, 31.922956749331345], [-106.5042979705436, 31.92281759309742], [-106.5041253087475, 31.922549834544547], [-106.50383994787619, 31.921996805545607], [-106.50367820443225, 31.921856671120736], [-106.50371787951964, 31.921790461302997]]]}}, {"type": "Feature", "properties": {"name": "FMSP Beginners Loop"}, "geometry": {"type": "Polygon", "coordinates": [[[-106.52135116192916, 31.913562754996292], [-106.52153076908773, 31.91346702589607], [-106.52178851531305, 31.913451330388362], [-106.52213866842563, 31.91330634974717], [-106.52240770436937, 31.913267418475048], [-106.52260422699383, 31.91332963739006], [-106.52304538754113, 31.913639381219113], [-106.52333515919742, 31.91355465627844], [-106.52348503971325, 31.913598070232407], [-106.52380433622305, 31.913546960797778], [-106.52401550940392, 31.913649660488158], [-106.52423119293069, 31.913658056792357], [-106.5244392092708, 31.91345802768121], [-106.52509389247567, 31.91330976484702], [-106.52523523575623, 31.91321505014405], [-106.52531066380271, 31.913090601956597], [-106.5254147637397, 31.913102888702163], [-106.52553186151789, 31.913000487647203], [-106.52538132423913, 31.912907259803024], [-106.52526596365215, 31.912912431779816], [-106.52507272801756, 31.912831678792692], [-106.52465888056294, 31.913349821770648], [-106.52431274581431, 31.913297466363176], [-106.52399351445548, 31.913360605184014], [-106.52386463110375, 31.913336155563865], [-106.52381045814167, 31.913272360936812], [-106.52365285807184, 31.913327239439866], [-106.52317639201381, 31.913274657880656], [-106.52262786228536, 31.912936240056982], [-106.52243163562771, 31.913036954992403], [-106.52234599223752, 31.912942813387904], [-106.5222078779397, 31.912897014033337], [-106.52209213134412, 31.91265587883624], [-106.52202470581906, 31.912632698152514], [-106.52156843236979, 31.91285807226071], [-106.52144233366862, 31.912772218490826], [-106.52122092122902, 31.912713211330935], [-106.52076118262222, 31.912851551229984], [-106.52002428410466, 31.912932412457135], [-106.51973294293562, 31.91279752172508], [-106.51947290925632, 31.912893945649333], [-106.51929832418142, 31.912759416077083], [-106.51918115638098, 31.91279525285595], [-106.51875122147733, 31.912674005192535], [-106.5186084634923, 31.912763812490194], [-106.51857577603218, 31.91286789986161], [-106.5183398201221, 31.91301654051622], [-106.51827334453326, 31.913117499669024], [-106.51798955171374, 31.91321220308506], [-106.51798079270341, 31.91333021168902], [-106.5178873795596, 31.91339327075557], [-106.51846445097122, 31.914100479674964], [-106.5184221675151, 31.91417254897493], [-106.51779804554056, 31.913480457211627], [-106.51777490707218, 31.913404912532414], [-106.51788032186097, 31.91328360555135], [-106.51790511495528, 31.91315196147725], [-106.51821710875414, 31.913035975118973], [-106.5182508511728, 31.91295964619279], [-106.51848697383342, 31.912807338104596], [-106.51851800097963, 31.91270852202067], [-106.51875692029067, 31.912574614597993], [-106.51918390721703, 31.91269987249411], [-106.51933184406697, 31.91266917145937], [-106.51949175057504, 31.91280232357696], [-106.51975699418423, 31.91270251593154], [-106.52002971430696, 31.91283918805721], [-106.52074066734406, 31.912760112636384], [-106.52121537398959, 31.9126181396591], [-106.52151092344177, 31.912697148603304], [-106.52155775287765, 31.91275957513439], [-106.52184848551613, 31.91258286981677], [-106.52203416954553, 31.91253977174714], [-106.52218276702074, 31.912601018933763], [-106.52229672399334, 31.912838802249354], [-106.52241277941438, 31.91286090646926], [-106.52246331564155, 31.91294231929414], [-106.52263658217386, 31.91284110980281], [-106.52321260830728, 31.913186513645506], [-106.52365006121511, 31.913233961741657], [-106.52384187927814, 31.913164780103664], [-106.52396531103535, 31.913265720827766], [-106.5243176094109, 31.913203057493945], [-106.52460064651089, 31.913262937072957], [-106.52471060389668, 31.91307538126314], [-106.52504649937354, 31.912731535985397], [-106.52549164727688, 31.912848220717617], [-106.52564326203432, 31.912986245475032], [-106.52556867527564, 31.913121257646793], [-106.52544572695798, 31.913199063960672], [-106.52536562464165, 31.91318642823354], [-106.52517991326127, 31.913375948479153], [-106.52448514189125, 31.913545908082977], [-106.52426407599503, 31.91374877053021], [-106.52397935274723, 31.913737770900386], [-106.52380056371835, 31.913641958227867], [-106.52347649216, 31.91369284891601], [-106.52335855591463, 31.913652607515047], [-106.52302380411412, 31.913732677417396], [-106.52281507062267, 31.913629027322997], [-106.52254895134041, 31.91341149694977], [-106.52240005036796, 31.91336374931955], [-106.52216693896872, 31.91339696281876], [-106.52183602399577, 31.913538452758612], [-106.521469366305, 31.913585244251642], [-106.52142725917089, 31.913637158463132], [-106.52143641843318, 31.91380213880908], [-106.52162378683842, 31.913882606936973], [-106.52176889702072, 31.914356788176676], [-106.52173781860215, 31.91443602493147], [-106.52161757752933, 31.914504638526004], [-106.521555248473, 31.91445009966498], [-106.52165823190366, 31.914360481424538], [-106.52152654110924, 31.913931182978498], [-106.5213570265542, 31.913874149805075], [-106.5213215090144, 31.9137973216179], [-106.52135116192916, 31.913562754996292]]]}}, {"type": "Feature", "properties": {"name": "FMSP Anthonys Cave"}, "geometry": {"type": "Polygon", "coordinates": [[[-106.5121438399118, 31.997951308974496], [-106.51182283145918, 31.99804409912963], [-106.51158122326659, 31.998014874426104], [-106.51134432975002, 31.99804864133464], [-106.51102010510095, 31.99783600676782], [-106.51078979267278, 31.997828020508095], [-106.5104757429568, 31.99772900625583], [-106.51035995409437, 31.99779659749866], [-106.51022610691888, 31.998130078212593], [-106.51013093694691, 31.998106158876574], [-106.51026575108227, 31.997746198776177], [-106.51047381782237, 31.997631862996013], [-106.51081792234469, 31.997737542509594], [-106.51107012904629, 31.997750214383313], [-106.51136192860731, 31.997953318945672], [-106.51156281614767, 31.997920065503074], [-106.51180395494478, 31.99795197856541], [-106.51215778669027, 31.997837611018884], [-106.51259301700198, 31.998069718021082], [-106.51297934163055, 31.9985974215107], [-106.51347358608375, 31.999964457191762], [-106.51357316741642, 32.00009963507654], [-106.51358789852324, 32.000201053651814], [-106.5137891961795, 32.0003955567796], [-106.51389977498073, 32.00079081020416], [-106.51409070032169, 32.00117232185472], [-106.5140678488018, 32.00122194559998], [-106.51398733472702, 32.001201938684254], [-106.5137955377602, 32.00081994812617], [-106.51368634994357, 32.00043391541704], [-106.51348915971452, 32.000245878433674], [-106.51337114846719, 31.999997505166313], [-106.51287509184968, 31.998632002415622], [-106.51251778344208, 31.99813880867883], [-106.5121438399118, 31.997951308974496]]]}}, {"type": "Feature", "properties": {"name": "FMSP Anthonys Cave to Hitt Canyon"}, "geometry": {"type": "Polygon", "coordinates": [[[-106.51067806766348, 31.98991540861494], [-106.51073827048587, 31.989943582049023], [-106.51073061886834, 31.990045588189705], [-106.5108139339068, 31.990165358797118], [-106.51075073605774, 31.99063322785954], [-106.510896320703, 31.990856720116085], [-106.51091799723417, 31.991103640375588], [-106.51099312454706, 31.991269465891328], [-106.51129872560149, 31.99156696813655], [-106.51132131619616, 31.991822770016803], [-106.51141104587235, 31.991989273990363], [-106.51143860809535, 31.99260324982053], [-106.51140797672518, 31.99274809957412], [-106.51155926813747, 31.993197750811326], [-106.51153931095361, 31.993381101257423], [-106.51163059094257, 31.99351697478781], [-106.51159109582656, 31.993651513617603], [-106.51139315307246, 31.99388543934318], [-106.51155212449558, 31.994176797814433], [-106.51158038781476, 31.994499724023655], [-106.5117918751893, 31.99468623216062], [-106.51183577157991, 31.994997649670342], [-106.51192360193996, 31.995184266846383], [-106.51210143301263, 31.99626357668444], [-106.51224065128629, 31.99660744888957], [-106.512248858119, 31.996839655137297], [-106.51234767106396, 31.9972026905326], [-106.51228883265526, 31.997290609459768], [-106.51219455243546, 31.997895554491578], [-106.51214945888047, 31.997928996501535], [-106.51208715513539, 31.997885660776852], [-106.51211064438522, 31.99761053380509], [-106.51219346248315, 31.99737448691998], [-106.51217708841031, 31.997269396601496], [-106.51223168826141, 31.997202524396872], [-106.51213051354873, 31.99662065333401], [-106.51199067703413, 31.996274197981386], [-106.51181488918876, 31.99520051661126], [-106.51172853133566, 31.99501912394857], [-106.51168280383739, 31.994719192108857], [-106.51147643370264, 31.994529922718183], [-106.51144406788204, 31.99419426178923], [-106.51127419855328, 31.993896380258754], [-106.51151703774111, 31.99352752434307], [-106.51142960726195, 31.993402503797572], [-106.51144960174841, 31.993208924095075], [-106.51129746214795, 31.992756417455336], [-106.51132894351424, 31.992599645571737], [-106.51130291914447, 31.992008725637998], [-106.51121353439399, 31.99184318872946], [-106.51119483257742, 31.99160092042653], [-106.51089945622135, 31.991320046596517], [-106.51080997593253, 31.991121799364464], [-106.51079123856286, 31.990886526887266], [-106.51063911957523, 31.99064998545617], [-106.51070422647157, 31.99018350459797], [-106.51061952942901, 31.990050864052158], [-106.51067806766348, 31.98991540861494]]]}}, {"type": "Feature", "properties": {"name": "FMSP Agave Loop"}, "geometry": {"type": "Polygon", "coordinates": [[[-106.50918044675318, 31.916750478347783], [-106.50875432365517, 31.916571767070366], [-106.50820151463469, 31.916183684711626], [-106.50598782038243, 31.915743867892612], [-106.5055124095571, 31.915604301304608], [-106.50536367203793, 31.915526449745354], [-106.50495794315168, 31.915085714515246], [-106.50479299814945, 31.915020029885543], [-106.50460056624202, 31.914807424800557], [-106.50439106960721, 31.91481504284827], [-106.50383616482557, 31.914964825672993], [-106.5020572526404, 31.91498723691644], [-106.50118569628196, 31.914805652221514], [-106.50115279859038, 31.91474993844372], [-106.501508258141, 31.91457796110504], [-106.50212560241461, 31.914553305605086], [-106.50279174808003, 31.914368134123908], [-106.5038228159896, 31.913929693966157], [-106.50408539192316, 31.913680279538482], [-106.50529258935022, 31.913681799882443], [-106.50582686531608, 31.913753310919382], [-106.50631160026978, 31.913290566566754], [-106.50648792278184, 31.91305525258634], [-106.5065952139174, 31.913016071650734], [-106.50710378762949, 31.91312510193882], [-106.50721571800854, 31.913311184681287], [-106.50709031338664, 31.913445197936397], [-106.50727223232484, 31.91343339111114], [-106.50759096943682, 31.913143954127474], [-106.5075556761022, 31.912986824095523], [-106.50764176002022, 31.912708018654815], [-106.5075257181858, 31.912247491539077], [-106.50761382732344, 31.91207111056617], [-106.50775786178308, 31.91200801543604], [-106.5078231412056, 31.912123211396004], [-106.50809052688909, 31.912246282480176], [-106.50842928729942, 31.91252556519817], [-106.50850937729207, 31.912789689113428], [-106.5086196505586, 31.91294882133416], [-106.50903165203977, 31.91326813367101], [-106.50907802562955, 31.913363239415315], [-106.50897458375125, 31.913453813277947], [-106.5087412491913, 31.913432266053903], [-106.50856350753513, 31.913559321815704], [-106.50846195636642, 31.913546826477337], [-106.50810449315269, 31.914155408942303], [-106.50791485148373, 31.91429725682937], [-106.50792731622157, 31.91439378109032], [-106.50816450427133, 31.91478726090935], [-106.50820759734648, 31.91528294098706], [-106.50806418656694, 31.915539736977284], [-106.50842987565146, 31.915280199603792], [-106.50849542150569, 31.9150610880767], [-106.50862441202749, 31.914879739272415], [-106.50871951478513, 31.914892155532844], [-106.50878037309892, 31.915006267738264], [-106.50887663812904, 31.915561612403526], [-106.5087554825744, 31.915822613539003], [-106.50874326942223, 31.9161012495074], [-106.50881577233869, 31.916309878850136], [-106.50900465028717, 31.916574653338337], [-106.50922793503332, 31.91666811617194], [-106.50924968604537, 31.91671549281847], [-106.50918044675318, 31.916750478347783]], [[-106.50876599960912, 31.9155507550552], [-106.50866000504732, 31.914998376727286], [-106.50859605739221, 31.91509782369913], [-106.50852165811162, 31.915331754666198], [-106.50818885938995, 31.9155847350392], [-106.50809493863815, 31.915630333921325], [-106.50781074991015, 31.91562180364169], [-106.5078181510198, 31.915562865194975], [-106.50796250522598, 31.915504597321522], [-106.50810229729503, 31.91521707746501], [-106.50803328066497, 31.914892292055004], [-106.50805488753835, 31.91479722714214], [-106.50781912114152, 31.9144243964641], [-106.50779951259057, 31.91427236377373], [-106.50800945351476, 31.914106958223623], [-106.5082131542818, 31.91371054096857], [-106.50840063729741, 31.9134591938148], [-106.50852411572279, 31.913468027775533], [-106.50870622602054, 31.913341808766766], [-106.5089578966308, 31.913353744773683], [-106.50853255125733, 31.913006304766636], [-106.5084042994018, 31.912818371549303], [-106.50833539442255, 31.91257783555614], [-106.5080252790994, 31.91232169772397], [-106.50775026340048, 31.912193696249528], [-106.50771361719606, 31.912116158905004], [-106.50763446381438, 31.912262956229828], [-106.50775523270765, 31.912693157977706], [-106.50766442512888, 31.913002884054404], [-106.50769962394116, 31.913160317963932], [-106.50732169897832, 31.913516534197342], [-106.50697890892529, 31.91353539307756], [-106.50692890792163, 31.91344453497293], [-106.50710185280631, 31.913305866408574], [-106.50703109449105, 31.913204296562206], [-106.50661417913753, 31.91310834203033], [-106.50586328169506, 31.913842271489234], [-106.5052870351388, 31.913774707629074], [-106.50412104118821, 31.913769451688896], [-106.5038785159668, 31.914010098808], [-106.50283223726139, 31.914454547921988], [-106.50214657178242, 31.914644755645913], [-106.5015394310935, 31.914667246854325], [-106.50133514683824, 31.91473806933255], [-106.501961848801, 31.914884128387236], [-106.50255557596488, 31.91489442402348], [-106.50382421479435, 31.914872289349127], [-106.50435830920672, 31.914725244274017], [-106.50463498595391, 31.914716027599304], [-106.50476126171772, 31.91480068950239], [-106.50485950680556, 31.914945067751347], [-106.50504074469464, 31.91502442460506], [-106.50534620919315, 31.915370218943504], [-106.50555952405026, 31.915520323257432], [-106.50601412521641, 31.91565362011462], [-106.50824401188184, 31.91609726409157], [-106.50880994870433, 31.916490667125462], [-106.50863414429077, 31.91611099014872], [-106.50864794304604, 31.915804230254643], [-106.50876599960912, 31.9155507550552]]]}}, {"type": "Feature", "properties": {"name": "FMSP Blue Moon Road"}, "geometry": {"type": "Polygon", "coordinates": [[[-106.47967625040522, 31.918710930172733], [-106.47940949365075, 31.918689203434173], [-106.47899032850736, 31.91877706580168], [-106.47827581750252, 31.919017367937016], [-106.47807747735261, 31.91900383553183], [-106.47791877580612, 31.918899293410732], [-106.47797638097532, 31.91886494288032], [-106.47826200840082, 31.918923841130606], [-106.47895463513652, 31.91868911816652], [-106.47940142348415, 31.91859582054261], [-106.47976870253264, 31.91865269355979], [-106.47989111082619, 31.91898536531685], [-106.47968345970276, 31.919272833318807], [-106.4794952118779, 31.920052360178996], [-106.47935740460065, 31.920281827926637], [-106.47925501616521, 31.92091173912383], [-106.47932437470399, 31.921479171307862], [-106.47956869608008, 31.922117956513333], [-106.47962219166294, 31.922485487777813], [-106.47930436719084, 31.923522950414693], [-106.47882331005329, 31.924568435402346], [-106.47786260301439, 31.925901914774286], [-106.47723483945924, 31.92662245204825], [-106.47669648029088, 31.92737190379632], [-106.4763102076076, 31.928059564368482], [-106.47606698084553, 31.928679307566384], [-106.47597903685808, 31.929478483489955], [-106.47617640852877, 31.93048772601434], [-106.47611990542514, 31.930882168283574], [-106.47578490462902, 31.93151899220652], [-106.47578229620756, 31.932291866190365], [-106.47608454412321, 31.93276417307445], [-106.47610522063579, 31.933449822540762], [-106.47605495093049, 31.93467800025933], [-106.47629366921606, 31.936079351778687], [-106.47617831454522, 31.936660741541335], [-106.47621932060183, 31.938983723430567], [-106.47631735883306, 31.94045066970168], [-106.47649043874326, 31.94058357013853], [-106.4767656219818, 31.941101304982855], [-106.47676082954094, 31.941681947347178], [-106.47661341095782, 31.94251641212943], [-106.476450967187, 31.943175446079856], [-106.47629686962736, 31.94338570169032], [-106.4762852105763, 31.943558371046038], [-106.47641465717773, 31.945357644128137], [-106.47636246958102, 31.945661404405303], [-106.47639220921111, 31.946567756896652], [-106.47646022764374, 31.947121404708184], [-106.47646711463541, 31.949199463527492], [-106.47649777017314, 31.949490949114058], [-106.47673285302146, 31.950054758562775], [-106.47689926038, 31.95067426611899], [-106.47678852329524, 31.951182798611146], [-106.47656167282581, 31.951735109763774], [-106.4764575241711, 31.952136616796334], [-106.4764529362932, 31.952591004898935], [-106.47638929071293, 31.95262834141474], [-106.47634431219524, 31.952582461475398], [-106.47634887507171, 31.952123334466737], [-106.47645718783622, 31.95170711224085], [-106.47668284129976, 31.951158310375106], [-106.47678916480923, 31.9506756460485], [-106.47662811610527, 31.950082012206718], [-106.47638988585933, 31.949508756041762], [-106.47635774069488, 31.94920501745639], [-106.47635077224392, 31.94712520895345], [-106.47628278206118, 31.946572037709526], [-106.47625282709262, 31.945658657284465], [-106.47630501689731, 31.945356970008053], [-106.47617558096132, 31.943558622504447], [-106.4761896685383, 31.943360428063173], [-106.47634581914481, 31.943148083529646], [-106.47650555831038, 31.94250013406618], [-106.47665193701032, 31.941671452273205], [-106.47665602549444, 31.94111118444575], [-106.4763993187734, 31.940636839342407], [-106.47620929994514, 31.94047520770773], [-106.47610989057917, 31.938987745375705], [-106.47606870886372, 31.936657712520688], [-106.47618350592471, 31.936078646948427], [-106.47594528705845, 31.934680636724668], [-106.47599567344524, 31.933449610161336], [-106.4759754016772, 31.93277796585643], [-106.47567279214778, 31.9323040055477], [-106.475676063586, 31.931502123962584], [-106.47601376766883, 31.930857182310245], [-106.47606624274694, 31.9304894281716], [-106.47586938852113, 31.929475292950862], [-106.47595911134131, 31.92866160737434], [-106.47620988977185, 31.9280221534202], [-106.47660083453044, 31.927326509642754], [-106.47714259992924, 31.926572290178136], [-106.47777125409831, 31.925850608427567], [-106.47872661969824, 31.924524593858063], [-106.47920094566393, 31.923492220184535], [-106.4795130343421, 31.922474745062235], [-106.47946294265596, 31.92214252277254], [-106.47921657324143, 31.92149692347241], [-106.47914567511478, 31.92090377623636], [-106.47925094601538, 31.92025716500463], [-106.47939023683165, 31.92002373800222], [-106.47957959185963, 31.919242521392626], [-106.47977808410282, 31.918967396786872], [-106.47967625040522, 31.918710930172733]]]}}, {"type": "Feature", "properties": {"name": "FMSP Blue Moon Extension"}, "geometry": {"type": "Polygon", "coordinates": [[[-106.47954754707338, 31.915514161938262], [-106.47960375115129, 31.915555252997336], [-106.47956014864059, 31.915606190915316], [-106.47854130576717, 31.915667602353036], [-106.47805273324558, 31.91574292198514], [-106.47732717455675, 31.916292569062364], [-106.47742324847064, 31.91646041875904], [-106.47800043318539, 31.916579174529595], [-106.4791340773457, 31.91658915103009], [-106.47974084236586, 31.91666797830613], [-106.48003544370796, 31.91700746202347], [-106.47986657636747, 31.917446102365925], [-106.47959265811234, 31.917836688735942], [-106.47880618147789, 31.91855742024945], [-106.47874500558001, 31.918569538350052], [-106.47872461628641, 31.91849538012803], [-106.47950178169701, 31.917784544473008], [-106.47976537869877, 31.917410261416588], [-106.47992503623699, 31.91703484750702], [-106.47969268382306, 31.916755168469713], [-106.47912906837202, 31.91668207690967], [-106.47798410208685, 31.916671375793673], [-106.4773647238411, 31.9165435201952], [-106.47720531024095, 31.91626895937304], [-106.47800936021979, 31.915655619184044], [-106.47852905858679, 31.915575195624573], [-106.47954754707338, 31.915514161938262]]]}}, {"type": "Feature", "properties": {"name": "FMSP FAA Road"}, "geometry": {"type": "Polygon", "coordinates": [[[-106.47359739050094, 31.853694409820722], [-106.47441580754175, 31.85378243161776], [-106.47483646184202, 31.853970646642853], [-106.47504389218743, 31.854142511777024], [-106.47501835951391, 31.85444455623906], [-106.47515367093578, 31.85450083243894], [-106.47577318955544, 31.854617006447178], [-106.47755037702734, 31.855148822308575], [-106.47774981519514, 31.85524700145854], [-106.4783283914946, 31.855711066913987], [-106.47932254581784, 31.856064488609945], [-106.47975376998309, 31.85628286731631], [-106.47994665568972, 31.856299566804946], [-106.48011405268906, 31.856374447587804], [-106.48034070212275, 31.85659042312691], [-106.48075309738685, 31.856777857845387], [-106.4811642167665, 31.857104896763392], [-106.48117714503472, 31.857157111588986], [-106.4810968589222, 31.857177799208085], [-106.48068356582407, 31.85684999953701], [-106.48027500301284, 31.856665753898163], [-106.48004845691737, 31.856449854236573], [-106.47971544612098, 31.856370406186038], [-106.47927706175277, 31.85614926902993], [-106.47827513720003, 31.855793500705865], [-106.47767935090508, 31.85531906680832], [-106.47749906657342, 31.85523107068143], [-106.47574144727459, 31.85470607343056], [-106.47511140016363, 31.85458683290295], [-106.47491579062364, 31.854495602977742], [-106.4749369765186, 31.854180749611324], [-106.47478091043345, 31.854051969135263], [-106.47454315349867, 31.853977518595705], [-106.47438316570899, 31.853871977837304], [-106.47359212276577, 31.853785006165833], [-106.47355220497602, 31.853737922946625], [-106.47359739050094, 31.853694409820722]]]}}, {"type": "Feature", "properties": {"name": "FMSP Brujos Garden (Part I)"}, "geometry": {"type": "Polygon", "coordinates": [[[-106.5303247537248, 31.899936725994788], [-106.53088911311117, 31.899596186721123], [-106.53095617856555, 31.89950727367035], [-106.5309665548982, 31.899356403891552], [-106.53087328322626, 31.89927234191212], [-106.53059840937372, 31.899165636631658], [-106.5303303475042, 31.89912404292661], [-106.53022452273852, 31.899052539880728], [-106.52983903979077, 31.899080228487723], [-106.52934562580926, 31.89896393091185], [-106.5292038145326, 31.898799251343444], [-106.52913296779187, 31.898611184742347], [-106.52901934609109, 31.898520978552234], [-106.52897192755432, 31.89838407242887], [-106.52899325213212, 31.89825026809334], [-106.52921933539328, 31.897987436137516], [-106.52944821224013, 31.897917757065567], [-106.52989527317699, 31.897948500752676], [-106.53039518303504, 31.89775675926712], [-106.53054288108765, 31.89764896842228], [-106.53060279174542, 31.8975137702708], [-106.53060568089765, 31.897157852241463], [-106.53065529645781, 31.897099263550857], [-106.53056589948731, 31.89696511539367], [-106.5305827060113, 31.89684177372313], [-106.53052001913193, 31.896725148799213], [-106.53038385924461, 31.89655241345797], [-106.53012918127006, 31.89648426205765], [-106.52918572865808, 31.896403085732878], [-106.529105144906, 31.89629145531107], [-106.52871954767546, 31.896310707667855], [-106.52849454110641, 31.89613743353934], [-106.52795648186424, 31.895874185866006], [-106.52785474739046, 31.895612639633384], [-106.52796016171655, 31.895091544537923], [-106.52825913432004, 31.894891561214322], [-106.52854894463795, 31.89480254052303], [-106.52861050420127, 31.894721949813743], [-106.52873179321831, 31.89471759563466], [-106.52887177985397, 31.894633187223054], [-106.52886266057038, 31.8945736866465], [-106.52838276071401, 31.894173371997542], [-106.52808670645344, 31.894148318407666], [-106.52805138404487, 31.894084329870033], [-106.52811073082168, 31.894013415495003], [-106.52844320821974, 31.893863992477694], [-106.52867763267588, 31.893563184260582], [-106.52886873031387, 31.893026335703833], [-106.528823124648, 31.89290429014247], [-106.528866557724, 31.892765405804344], [-106.52947846646573, 31.892518851888138], [-106.52957769908929, 31.892263872237447], [-106.5296804631369, 31.89219398255338], [-106.52973616729598, 31.892253693782614], [-106.52967063492238, 31.892314846461282], [-106.52957026101042, 31.892576592349286], [-106.52895616899004, 31.892826921095995], [-106.52893480405685, 31.892900503684157], [-106.52898209244063, 31.893037793449597], [-106.52877805495177, 31.893602191825646], [-106.52852114695725, 31.893931324858], [-106.52822451174126, 31.89406692805257], [-106.52844632437936, 31.894093895014112], [-106.5289553269495, 31.894522027139928], [-106.52898205638701, 31.894670175731875], [-106.52877215118991, 31.89480653792198], [-106.52867136035684, 31.8948084838681], [-106.52861199555306, 31.89488160218735], [-106.52831677429954, 31.89497233672577], [-106.52804790688594, 31.895154851859314], [-106.52796546685454, 31.895608010045642], [-106.5280423619091, 31.895811434648095], [-106.52855625112171, 31.89605995978221], [-106.52876141428416, 31.896220318447842], [-106.52914436775339, 31.896196381225955], [-106.52923883193176, 31.896315798858566], [-106.53015982941048, 31.896394968603207], [-106.53045151229779, 31.896475778122188], [-106.53061542137408, 31.896679174429657], [-106.53069373111249, 31.896829213322334], [-106.53067455923433, 31.896940494753913], [-106.53077752373603, 31.897103825381944], [-106.53071576664117, 31.897180622194668], [-106.53071108654977, 31.897531193566238], [-106.53063130477815, 31.89770620061101], [-106.53045263141523, 31.8978363873717], [-106.52991567185028, 31.898040599496408], [-106.52946192310124, 31.89801028256755], [-106.52927992756844, 31.898067064454178], [-106.52909548820992, 31.89828713706815], [-106.52908239743145, 31.898379425796787], [-106.52941040846412, 31.898887096235438], [-106.52985140891474, 31.89898760535705], [-106.53025443425504, 31.898959191069025], [-106.5303731299051, 31.899036800726325], [-106.5309247242123, 31.899186574894458], [-106.53106245999038, 31.899307232849694], [-106.53106334766775, 31.899532654992413], [-106.53097244074742, 31.89965742388094], [-106.53039973403367, 31.900005026846962], [-106.5302462362022, 31.9002353362575], [-106.53043213406251, 31.900574214353913], [-106.53165415681858, 31.900903674494483], [-106.53188029185708, 31.90108836035355], [-106.53188359203449, 31.901139138712608], [-106.53180496384098, 31.901154098528217], [-106.53160033151225, 31.90098598215231], [-106.5303560006694, 31.900643962442626], [-106.53013050674873, 31.90023325714333], [-106.5303247537248, 31.899936725994788]]]}}, {"type": "Feature", "properties": {"name": "FMSP Brujos Garden (Part II)"}, "geometry": {"type": "Polygon", "coordinates": [[[-106.52768151649063, 31.89783542681778], [-106.52775664297354, 31.897706597435928], [-106.52785128349994, 31.897659218979566], [-106.52791192361244, 31.89768382748674], [-106.5279142898855, 31.897601699878177], [-106.52809328842021, 31.897501047557714], [-106.52828992006087, 31.89748199145154], [-106.52837838194188, 31.897605016510198], [-106.52891773981891, 31.897680873448817], [-106.52965141603678, 31.897488323973764], [-106.529882274218, 31.896960100974464], [-106.53007273207352, 31.896860010391283], [-106.530386908266, 31.896799032077244], [-106.53060736078875, 31.896788475339054], [-106.53065429973786, 31.896823921017457], [-106.53062272096865, 31.89687734015956], [-106.53010968815948, 31.896948370694826], [-106.52996065373708, 31.897027570375137], [-106.5298286880664, 31.89741988121105], [-106.52972979418585, 31.89755647887197], [-106.52931209756773, 31.89770377997333], [-106.52890897759364, 31.897775027569093], [-106.52834994185166, 31.897695716144888], [-106.52826825849043, 31.897658475479115], [-106.52823449573472, 31.897577688080176], [-106.52812146775723, 31.897591541902884], [-106.52801899111344, 31.89765077662252], [-106.527987061696, 31.897885526839485], [-106.52792044667517, 31.89788156872156], [-106.52783935747982, 31.897770676226596], [-106.52778803405411, 31.897861843884154], [-106.52781174244905, 31.89799388479002], [-106.52765961392889, 31.898156614732212], [-106.52768572576757, 31.898260326725357], [-106.52762442134635, 31.898390774280205], [-106.52742722385365, 31.898525594390904], [-106.52740195176754, 31.898466386149646], [-106.527573766075, 31.898252524393023], [-106.52754845124578, 31.898116399749025], [-106.52770109050458, 31.89797309077391], [-106.52768151649063, 31.89783542681778]]]}}, {"type": "Feature", "properties": {"name": "FMSP Brujos Garden (Part III)"}, "geometry": {"type": "Polygon", "coordinates": [[[-106.52900695289617, 31.898624931362207], [-106.5286098647777, 31.898560591875572], [-106.52857875259171, 31.898418720524553], [-106.52867080328276, 31.898291997521866], [-106.52868602831819, 31.898046614607455], [-106.52856938535824, 31.89793302354194], [-106.52854970739824, 31.897836321935632], [-106.5282689566434, 31.89772508969649], [-106.52825143756529, 31.897547520632312], [-106.52832854790636, 31.89755279673575], [-106.5283599307349, 31.89766251379696], [-106.5286373841081, 31.897771259931574], [-106.5286705940051, 31.897892507317778], [-106.52878787183833, 31.898006904827604], [-106.52877760204576, 31.898315170327574], [-106.52869097184876, 31.89843455830302], [-106.52870590571119, 31.89850260349482], [-106.528906250202, 31.898495518247305], [-106.52908902481491, 31.898556049608697], [-106.52923738287933, 31.898886993876822], [-106.52948435820807, 31.899183272044134], [-106.52992357754047, 31.89938678550027], [-106.53016968694625, 31.89940635304381], [-106.53054424256266, 31.8996199871494], [-106.53057520203174, 31.899753050527572], [-106.530537001164, 31.899920918210814], [-106.5304400280787, 31.89990292794618], [-106.5304559950587, 31.899685705503618], [-106.5301176454595, 31.899491891372666], [-106.5298843027139, 31.899475701161382], [-106.52941092395349, 31.89925415564191], [-106.5291410946262, 31.89893183603334], [-106.52900695289617, 31.898624931362207]]]}}, {"type": "Feature", "properties": {"name": "FMSP Brujos Connector"}, "geometry": {"type": "Polygon", "coordinates": [[[-106.5234324594585, 31.894783465670546], [-106.52349662094645, 31.894832186741475], [-106.52339333857725, 31.8949836813948], [-106.52337031240455, 31.895185830929734], [-106.52344398637625, 31.895432720043086], [-106.52347467516128, 31.89592428101552], [-106.52344371256528, 31.89606306148757], [-106.52379501236301, 31.896289963672803], [-106.52382003084551, 31.896530279116472], [-106.52389456476988, 31.89661988203541], [-106.52474943293225, 31.897042786509747], [-106.5251501176759, 31.897380641079323], [-106.52522268099518, 31.89752096928652], [-106.52516232258417, 31.897721212358146], [-106.52482002685429, 31.898306498693493], [-106.5248619728482, 31.899267767842588], [-106.52489566592622, 31.899350296192534], [-106.52506162505453, 31.899460718782016], [-106.52503444000375, 31.899530370689074], [-106.52481023359263, 31.899411330779614], [-106.52475364823049, 31.899284566647907], [-106.52471022109899, 31.89829717439043], [-106.52511145589091, 31.897534974836606], [-106.52488026784057, 31.897254858541324], [-106.52468462267699, 31.897117933527284], [-106.52381936447738, 31.896689500070043], [-106.52371333689631, 31.89655954764185], [-106.52369916174587, 31.896343833552976], [-106.52344450514367, 31.896211644882573], [-106.52333746397763, 31.89609776839098], [-106.52333448632247, 31.895440676427857], [-106.52326032480013, 31.895185425494034], [-106.52328969219856, 31.89495013564618], [-106.5234324594585, 31.894783465670546]]]}}, {"type": "Feature", "properties": {"name": "FMSP Baby Head Trail"}, "geometry": {"type": "Polygon", "coordinates": [[[-106.51598970025881, 31.89250822408843], [-106.51608886331127, 31.892410441021077], [-106.51632834501835, 31.892387001054015], [-106.51639240957994, 31.89227998849522], [-106.51643238738022, 31.891654384527975], [-106.5163313018342, 31.891334089059132], [-106.51638405003058, 31.891112922886556], [-106.51638795329814, 31.890605001635457], [-106.51669910552813, 31.890016930214507], [-106.51706979240376, 31.889877063775838], [-106.5171736832577, 31.889775415509273], [-106.51772662361331, 31.889512399064397], [-106.51836068649759, 31.889325948235417], [-106.51866470856275, 31.889127356650974], [-106.51901155202209, 31.888787204250388], [-106.51987958973014, 31.88836496045954], [-106.52013824474966, 31.88829774493222], [-106.52025298278816, 31.88795619637259], [-106.5205984283002, 31.887721851071266], [-106.52062150768258, 31.88758147494107], [-106.52046939054527, 31.887316927998416], [-106.52039898676452, 31.886931661371438], [-106.52005961330558, 31.886492360599068], [-106.52011544026766, 31.88632119211897], [-106.520985756473, 31.88601924104291], [-106.5213717691614, 31.885773828356815], [-106.521430245895, 31.885642262879784], [-106.52176591227216, 31.885496609708564], [-106.52193397650609, 31.885347661574023], [-106.52217892483782, 31.88531186299927], [-106.52234798358622, 31.885198464263834], [-106.52288557245014, 31.885192535238033], [-106.52326152176798, 31.885039412343442], [-106.52358851338909, 31.884999026423365], [-106.5239598344798, 31.885152723829215], [-106.52400396757726, 31.885245868779887], [-106.52417131676803, 31.885242308543425], [-106.5248590743134, 31.884860955346863], [-106.5250958032344, 31.884612137752455], [-106.52521101211572, 31.88455095897882], [-106.52526942604517, 31.884570583041683], [-106.5252676873415, 31.88462390368238], [-106.52493109641168, 31.884931236944915], [-106.52421077069636, 31.885330028380892], [-106.52393680490674, 31.88532549036656], [-106.52387976494205, 31.88522021527789], [-106.5235879041958, 31.885095076625316], [-106.52328899164412, 31.88513125415638], [-106.52292092594789, 31.885282476725852], [-106.52239010774178, 31.88528636127754], [-106.5222215828243, 31.885398576321517], [-106.52198272992351, 31.885431495792623], [-106.52183487719238, 31.885570814365202], [-106.5215083699827, 31.885712061672557], [-106.52146010121463, 31.885831845473504], [-106.52103853676726, 31.886100968588668], [-106.52019377116392, 31.88639289113102], [-106.52016349293129, 31.886460357558924], [-106.52049701828717, 31.886888880265065], [-106.5205616702626, 31.88705497493047], [-106.52057708462272, 31.887295822294746], [-106.52072807599966, 31.887558049076556], [-106.5206956130578, 31.887765422835127], [-106.5206205908485, 31.887861465713442], [-106.52034746691838, 31.888009764403144], [-106.52029157879336, 31.88825877407747], [-106.52020450488764, 31.888375833671816], [-106.51992683041277, 31.888448992821598], [-106.51907641097738, 31.888862577132713], [-106.51874217414625, 31.889193216612423], [-106.51841536740645, 31.889407046256952], [-106.51777485340718, 31.889596613653477], [-106.51724036119825, 31.889850175290807], [-106.51713118549989, 31.889956433349926], [-106.51679241677688, 31.890075541096564], [-106.51649658813432, 31.890618179859665], [-106.51649392914078, 31.891120075069978], [-106.5164412273869, 31.891332133322436], [-106.51654069727307, 31.8916358528509], [-106.51651076231249, 31.891849572453797], [-106.51654583615145, 31.8919245967438], [-106.51646698425137, 31.892386324575504], [-106.51631506157598, 31.89250446122561], [-106.51613762937266, 31.89250343014208], [-106.51586790861005, 31.89294075505583], [-106.51565191374574, 31.89299071081836], [-106.51546088284063, 31.89359365543956], [-106.51554997648977, 31.893775687484435], [-106.51529407034838, 31.894058987214294], [-106.51522498035382, 31.8940698585661], [-106.51520407217947, 31.894006670094832], [-106.51543767958827, 31.893755514004344], [-106.51534956091422, 31.89359705169977], [-106.51556328852622, 31.892927717922362], [-106.51579175762895, 31.89287233048025], [-106.51598970025881, 31.89250822408843]]]}}, {"type": "Feature", "properties": {"name": "FMSP Boulder Dash"}, "geometry": {"type": "Polygon", "coordinates": [[[-106.46895403544897, 31.961588271174463], [-106.468407922362, 31.961508266982424], [-106.46806059621952, 31.961388665109805], [-106.46737903281928, 31.960995429270177], [-106.4672858404972, 31.960985220020987], [-106.46720659751202, 31.96067852005411], [-106.46683200996489, 31.96059775242752], [-106.46640916284699, 31.960604609638004], [-106.46609578967072, 31.96050826395488], [-106.46572302810033, 31.96026165572156], [-106.46479318718364, 31.959836495295413], [-106.46431456273623, 31.959851859948063], [-106.46337172726078, 31.95963414133151], [-106.46298593104534, 31.959663049926643], [-106.4627474685609, 31.959756089812547], [-106.46247966668238, 31.959934621095698], [-106.46221850661448, 31.959950363811764], [-106.46098222049163, 31.959650113846664], [-106.4604306829753, 31.959757637961005], [-106.45999796103925, 31.959732658953538], [-106.45892231282598, 31.960288364097856], [-106.45842354749153, 31.960406568726114], [-106.45754627519989, 31.960493466796276], [-106.45735645761535, 31.960413879554576], [-106.45740853539476, 31.96036906393382], [-106.45754533146545, 31.960400099901662], [-106.45840302688012, 31.960315183106456], [-106.45888354399752, 31.960201078371973], [-106.45997732151815, 31.95963780895577], [-106.46041488162169, 31.95966538956631], [-106.4609902823367, 31.95955700027148], [-106.46222203521204, 31.959857084817585], [-106.46243937435919, 31.959845784672915], [-106.46269114725429, 31.959676007211787], [-106.46295761197709, 31.959572572743095], [-106.46337919318171, 31.959540864278583], [-106.46432811519882, 31.95975902730964], [-106.46481907177129, 31.95974491955271], [-106.46527628341846, 31.959923642641026], [-106.466141521635, 31.960423500632114], [-106.46643041480472, 31.960512670033058], [-106.46684440633193, 31.960504993371522], [-106.46726006535707, 31.960596198997166], [-106.46734568272063, 31.960712982003834], [-106.46736635426215, 31.960902451318432], [-106.46811098197871, 31.961306066783266], [-106.4684433981746, 31.961419250931907], [-106.46901027857798, 31.96150636262952], [-106.46917570481708, 31.961650277978933], [-106.46940358101348, 31.961761688777436], [-106.4695185844011, 31.962007720840443], [-106.469520185259, 31.962512081204803], [-106.46983547115835, 31.962893425216738], [-106.47065635248062, 31.963432364597356], [-106.47150328152372, 31.96370583819279], [-106.47256552336088, 31.964160518236916], [-106.47263878883146, 31.96423802451308], [-106.4729177450804, 31.96427549508254], [-106.47294506935741, 31.964336971812433], [-106.47257991870654, 31.964318828697056], [-106.47250303642045, 31.964237583313952], [-106.47207897702857, 31.96404092983448], [-106.47060663329701, 31.96351592322323], [-106.47005879685291, 31.96317211699829], [-106.46975459483801, 31.962956227985977], [-106.46949434911241, 31.962688834101872], [-106.46941115525993, 31.962528534814155], [-106.46940964354795, 31.962023059962945], [-106.46931267144953, 31.96181779936], [-106.46910909232913, 31.96172477136756], [-106.46895403544897, 31.961588271174463]]]}}, {"type": "Feature", "properties": {"name": "FMSP El Refri"}, "geometry": {"type": "Polygon", "coordinates": [[[-106.5415834244538, 31.899017032356916], [-106.54549904406022, 31.898476749754177], [-106.54715687643443, 31.898637579677253], [-106.54926151092047, 31.89823246225954], [-106.55197399335933, 31.89601113629796], [-106.55316391058048, 31.895224981588353], [-106.55325062783051, 31.89525026687113], [-106.55204480918462, 31.896082132782684], [-106.54930818110776, 31.898318365293107], [-106.54716288365647, 31.898731091487633], [-106.54550035161476, 31.898570163788346], [-106.54161156371596, 31.89910734873124], [-106.54044336120519, 31.89969297265865], [-106.53502885823973, 31.900575686265412], [-106.53364559180616, 31.9011681843497], [-106.53174047757408, 31.901191632538374], [-106.53168626031031, 31.90115368498647], [-106.53173931376928, 31.901098658922642], [-106.53362311316741, 31.901075997842984], [-106.53499946396107, 31.90048590376473], [-106.54040513067234, 31.899605063625856], [-106.5415834244538, 31.899017032356916]]]}}, {"type": "Feature", "properties": {"name": "FMSP Cardiac Hill"}, "geometry": {"type": "Polygon", "coordinates": [[[-106.47187793147525, 31.932119188692635], [-106.47171354997676, 31.93200560895632], [-106.47155953156864, 31.932076981271404], [-106.47139366377425, 31.932041687961252], [-106.47123727638396, 31.931909568757764], [-106.47084318479729, 31.931326374057054], [-106.47057669692376, 31.931286722632336], [-106.47040333812053, 31.93117404538701], [-106.47013779185893, 31.931130660143907], [-106.46952360448732, 31.930693596113475], [-106.46935928409899, 31.93048899018139], [-106.46916170598298, 31.930389197849117], [-106.46912150542566, 31.929852877296316], [-106.46868445633447, 31.9297085784056], [-106.46859901390505, 31.929635424418088], [-106.46835715224, 31.92959444630564], [-106.4683409295224, 31.929425577514632], [-106.46797925156721, 31.92914138253258], [-106.46766869086866, 31.928992627197324], [-106.46737098962471, 31.928923001043206], [-106.46687512199398, 31.92908534065099], [-106.4667708871141, 31.92905293171708], [-106.46673769312777, 31.928942200629525], [-106.46692970417128, 31.928780462785785], [-106.46680377511349, 31.9288017257796], [-106.46633658425148, 31.929105301736485], [-106.46604268337299, 31.929066147439073], [-106.46591685386629, 31.929148326981778], [-106.46559161475828, 31.929168803041442], [-106.46513280570298, 31.929096102171833], [-106.46482293471692, 31.92916337455169], [-106.4644904784522, 31.92937789638166], [-106.46442713286761, 31.929512145185335], [-106.464343885716, 31.92953790132168], [-106.46387766583918, 31.929515680050162], [-106.46373367878513, 31.92946409086814], [-106.46359299472878, 31.92949487141016], [-106.46338740950661, 31.929443424579514], [-106.4624205474466, 31.92951208586344], [-106.46230029046824, 31.929482200081257], [-106.46201320995505, 31.929651283221688], [-106.46157655293686, 31.92973637050324], [-106.46142902076338, 31.92971727016761], [-106.46122897305835, 31.92956588473935], [-106.46097525376175, 31.92946799077232], [-106.460471384674, 31.929452549251845], [-106.4602920105553, 31.929498933862334], [-106.46016245187684, 31.92959096135209], [-106.46002662045613, 31.929778219295777], [-106.45989659030012, 31.92984970967487], [-106.45961201937259, 31.92972275698176], [-106.45955309505113, 31.929591037109304], [-106.45962015668606, 31.929462230746083], [-106.45996826038099, 31.929098380925545], [-106.45996594009056, 31.929010211706476], [-106.45919826240274, 31.92869784665771], [-106.45861034375933, 31.928605094308423], [-106.45851444652617, 31.928525521102245], [-106.45843352828135, 31.928590442138653], [-106.4582385026868, 31.92855376491056], [-106.45746601617479, 31.928958855648748], [-106.45720117377049, 31.928960324131538], [-106.45684565938997, 31.92911172630919], [-106.45545992123364, 31.929141061161225], [-106.45387480023984, 31.92945399963117], [-106.45337648394194, 31.92935347594788], [-106.45291205493724, 31.929612271502812], [-106.45264362607696, 31.92992672076505], [-106.45248709629742, 31.929960408455337], [-106.45216257381549, 31.930174989652095], [-106.4519392252839, 31.930241212959615], [-106.45090400670523, 31.93040460769263], [-106.45080449217096, 31.930360985586923], [-106.45073668135367, 31.930186103784003], [-106.45081756351708, 31.930149453223944], [-106.45089768109891, 31.930303965391307], [-106.45101238824633, 31.930312731973004], [-106.45210695471087, 31.9300930176406], [-106.45243121943201, 31.929880071203087], [-106.45257616817965, 31.929847653870695], [-106.45292769835575, 31.929478510871096], [-106.45336252546221, 31.9292595748024], [-106.4538768705721, 31.929360154218717], [-106.45544350041762, 31.929048815082428], [-106.45682564496389, 31.929019811671893], [-106.45719170327344, 31.928863211695088], [-106.45741606819854, 31.928875062979788], [-106.45819520458124, 31.92846728838257], [-106.45840529793894, 31.92846546620623], [-106.45846794727451, 31.928409383889907], [-106.45854667224872, 31.928415740159217], [-106.45865505226024, 31.928517831263193], [-106.45924135621732, 31.928610760706867], [-106.4600432869242, 31.928942156003345], [-106.46010411837533, 31.929025869669395], [-106.46006808118095, 31.92913757480198], [-106.45966660255417, 31.92959791368802], [-106.45969301429278, 31.929658810377326], [-106.45988527216873, 31.92975200901563], [-106.46022795845076, 31.92942321945505], [-106.46046520524135, 31.929359612929805], [-106.46100562470909, 31.929378390677112], [-106.4612938784988, 31.929490165604992], [-106.46147312006852, 31.929630875137388], [-106.46157300307635, 31.92964277415696], [-106.46197308929834, 31.929564670363213], [-106.46228809365394, 31.929386192674734], [-106.46242434362662, 31.92941877098986], [-106.46339401892337, 31.92934970858088], [-106.46434340315062, 31.929443466964727], [-106.46440593817773, 31.9293134638655], [-106.4647751679523, 31.92907751679317], [-106.46512470540344, 31.92900248430796], [-106.46559129972081, 31.92907487118174], [-106.46588074968429, 31.929058035847767], [-106.46602885833012, 31.928966914308738], [-106.46631209122263, 31.929010330841557], [-106.46674731566699, 31.92872120257784], [-106.46697650919091, 31.928689678332894], [-106.46706621968197, 31.928778181691566], [-106.46684908074364, 31.928984049180162], [-106.46735492862491, 31.928830662946833], [-106.46771102985045, 31.928906875620473], [-106.46804876587152, 31.929068075667637], [-106.46842655779724, 31.929365447980338], [-106.46846405062084, 31.929538546879453], [-106.46866242954543, 31.929549146629533], [-106.46873086874268, 31.929624358899527], [-106.4691983184228, 31.92977875684117], [-106.46926246959889, 31.930346151980483], [-106.46943152228738, 31.930416772844815], [-106.46960567262266, 31.930631401948176], [-106.47019184857525, 31.931048862396285], [-106.47044201205219, 31.9310808764806], [-106.47061455231692, 31.93119939471384], [-106.47091295032146, 31.931253596206684], [-106.47103629478994, 31.931362058871432], [-106.47103490829058, 31.93146699683893], [-106.47113243368868, 31.931539932342815], [-106.47133430127425, 31.93186214562243], [-106.47146189460432, 31.931967715463482], [-106.4717507346255, 31.93191220945678], [-106.47193871988966, 31.93204008207032], [-106.4721940717178, 31.931999470900816], [-106.47232719102244, 31.93186133622117], [-106.47266684885382, 31.931731372450095], [-106.4728539586335, 31.93160725086565], [-106.47300150548986, 31.93160969323845], [-106.47302721206131, 31.931571615297102], [-106.47299717483946, 31.93141582600912], [-106.47302958151882, 31.931302653275957], [-106.47317700402132, 31.931092617215004], [-106.47324709317608, 31.930816262030074], [-106.47339625265339, 31.930514367410574], [-106.47318043772015, 31.930323328391385], [-106.4731524899578, 31.930045034617564], [-106.47301622099376, 31.929867987978582], [-106.4730170820323, 31.929791378627808], [-106.47339920461553, 31.929630242151422], [-106.4734986129933, 31.929326726375095], [-106.47372519120778, 31.929306431900844], [-106.47388606684116, 31.929179279022012], [-106.47401576292424, 31.928977120414686], [-106.47404464306246, 31.928868948250198], [-106.4739968569882, 31.92870944469891], [-106.47415930181326, 31.928475248589304], [-106.47425948803063, 31.928176891978246], [-106.47419662124544, 31.927977271051393], [-106.4742120697034, 31.927830405317337], [-106.47466235626959, 31.927717714731163], [-106.47474379814504, 31.92779467440011], [-106.47501973969885, 31.927812810506524], [-106.4750661557384, 31.927911490646036], [-106.47501730469862, 31.92817439909341], [-106.47508338591689, 31.92834147658192], [-106.47501413377668, 31.928435072394826], [-106.47503270034471, 31.928528270764225], [-106.47553484247734, 31.928259136606933], [-106.4755824968271, 31.92818689720837], [-106.47623917018879, 31.928020714963687], [-106.47622669786587, 31.928091130214963], [-106.47564474341769, 31.928274005175215], [-106.47515773780643, 31.92857992280273], [-106.47498073556291, 31.92862665701982], [-106.47493516760866, 31.928595425463655], [-106.47490136895796, 31.92842313681228], [-106.47496260943171, 31.928339286436355], [-106.47490347092302, 31.928067390796258], [-106.47494782929687, 31.92789956137026], [-106.4746968377063, 31.92788880725075], [-106.47463927281045, 31.927824606400844], [-106.47430538222468, 31.927892041851802], [-106.4743711376902, 31.928194298798196], [-106.47425959656059, 31.928514956229897], [-106.47410779960182, 31.92872809204215], [-106.47415601429931, 31.92886525153529], [-106.474115585389, 31.929015906015806], [-106.47397317167746, 31.929236627875238], [-106.47378317904621, 31.92938761730546], [-106.47358259679096, 31.92940180571202], [-106.47348345182554, 31.92970265877216], [-106.47312288980243, 31.929827761688223], [-106.47325746230197, 31.93001730275848], [-106.4732838029248, 31.93028397121178], [-106.47344495081222, 31.930379214166177], [-106.47350649587725, 31.930501732558007], [-106.47327912810968, 31.9311262742787], [-106.47313306871925, 31.93133462805246], [-106.47312681987957, 31.93161104303342], [-106.47305403316757, 31.93170049313657], [-106.47288968919383, 31.931696066116416], [-106.47272072522162, 31.931812551703946], [-106.4723853980417, 31.931941121427275], [-106.47225044399228, 31.932079689201533], [-106.47187793147525, 31.932119188692635]]]}}, {"type": "Feature", "properties": {"name": "FMSP Coyote Ugly"}, "geometry": {"type": "Polygon", "coordinates": [[[-106.47260059400499, 31.965432917339104], [-106.47230717227258, 31.965398537883882], [-106.47216420003875, 31.96531693062], [-106.4718820941168, 31.965325936711906], [-106.47168945917927, 31.965190456454007], [-106.47130589867169, 31.965114372691694], [-106.47058750216644, 31.96529854695421], [-106.47045799186105, 31.965237039942824], [-106.47045860594301, 31.965099827808444], [-106.469977143821, 31.96501902026035], [-106.46963003963276, 31.9650515191463], [-106.4695656871966, 31.96512210794079], [-106.46946230041037, 31.965137027042264], [-106.46898704800319, 31.96509307655533], [-106.46875077412069, 31.96517867855318], [-106.46844741186352, 31.965124445926385], [-106.46821491086503, 31.965272378471283], [-106.4678616956396, 31.965125952077035], [-106.46733011840317, 31.965156351160164], [-106.46696946760159, 31.965114741340685], [-106.46686562271606, 31.965088794880455], [-106.46673626171199, 31.96496796682374], [-106.46654218906792, 31.96493470308678], [-106.46628485929038, 31.9649244202296], [-106.46590314292159, 31.965010620994725], [-106.4653614331832, 31.964981775167086], [-106.46499580227416, 31.964861016745193], [-106.46395970308781, 31.96474021213986], [-106.46362420832071, 31.964547600632667], [-106.46295652402259, 31.964699739176666], [-106.4623431221685, 31.964628222415943], [-106.46212293682798, 31.96439211240903], [-106.4619226500428, 31.96404990670328], [-106.46118349705905, 31.9635574616362], [-106.46062349534776, 31.96329653673212], [-106.46064207576656, 31.963174210522386], [-106.46085476985323, 31.963112978847793], [-106.4607219952145, 31.963036407817786], [-106.46072109169248, 31.96298002441249], [-106.46107830618132, 31.962914962755242], [-106.46104038831864, 31.962856612471537], [-106.46059056536501, 31.962612122974633], [-106.46004049327807, 31.96238429311515], [-106.45991021954596, 31.962370406552804], [-106.45969431192007, 31.962150006549813], [-106.4596779626752, 31.96201847268349], [-106.45976460358901, 31.96193061934096], [-106.4601107178068, 31.96205207901597], [-106.4600965668587, 31.961975955108983], [-106.46015476358293, 31.961869530840563], [-106.46034674093565, 31.961872541714598], [-106.46044829792761, 31.961719855671266], [-106.46024641496378, 31.961438819575605], [-106.45997390078402, 31.96147996192775], [-106.45985291816805, 31.961288644554063], [-106.4599591631305, 31.9611119326156], [-106.4599204448391, 31.961017481732476], [-106.4600069533483, 31.96096013591588], [-106.46002465495948, 31.960855788143217], [-106.46021877781615, 31.96065162038536], [-106.4601989464008, 31.960606940530383], [-106.45992783547574, 31.960527233458013], [-106.45987019951887, 31.96043207015611], [-106.45993699539817, 31.960365969173434], [-106.45986214386146, 31.960251461544388], [-106.45933283087936, 31.960060159071325], [-106.45930254011903, 31.960006242038368], [-106.45936927903561, 31.959972909459715], [-106.45992804580258, 31.960175648281545], [-106.46002474213002, 31.960274249460017], [-106.46005285843556, 31.960390816770634], [-106.46000748537666, 31.960459347362924], [-106.46027184227817, 31.960531043294573], [-106.46033318838361, 31.96064734786725], [-106.46012338455822, 31.96089775782453], [-106.46010960202877, 31.96100531122435], [-106.46004430667925, 31.961049837817075], [-106.46008135872498, 31.96112019859081], [-106.46001687825795, 31.961194243004694], [-106.46004529349732, 31.961274294762372], [-106.45997249936005, 31.961310982122892], [-106.46002339939542, 31.961386956912815], [-106.46030110631591, 31.961351016232395], [-106.46043792914581, 31.96148708342322], [-106.46056139267965, 31.961737947498385], [-106.46041661072778, 31.961951661928417], [-106.46022462651632, 31.961957222347838], [-106.46020762334861, 31.96214407250398], [-106.45987172088503, 31.962101074917033], [-106.45979646078237, 31.9620378569862], [-106.45979303906331, 31.962098128545282], [-106.4599659050883, 31.962286048583575], [-106.46008054366278, 31.9622973192148], [-106.46087319016404, 31.96266820201006], [-106.461003096908, 31.962689153512564], [-106.46112533424063, 31.962797687952293], [-106.46132708313387, 31.963036790546322], [-106.46132170984849, 31.963089142664533], [-106.46121326418115, 31.963105015985096], [-106.46105956295082, 31.963013262230923], [-106.46092134290043, 31.963038890534854], [-106.46098808762615, 31.963088260327407], [-106.46096664372848, 31.963179067753973], [-106.4607260580099, 31.96325274305468], [-106.46124256426243, 31.963479135813017], [-106.46200186153193, 31.963983657522807], [-106.46221685707084, 31.96434398764979], [-106.4624011008684, 31.964548543914233], [-106.46294594545952, 31.964606894471622], [-106.46321380470238, 31.964522626330645], [-106.46339796269136, 31.96452763297934], [-106.46350572948005, 31.964452667305274], [-106.46364922696193, 31.96445599122379], [-106.46400188284919, 31.964653101678596], [-106.4650188319763, 31.964770008269177], [-106.46538487122436, 31.96489090733338], [-106.46589732624642, 31.964917820247464], [-106.46627052382944, 31.96483058672933], [-106.46654746222623, 31.96484135603002], [-106.46679192726045, 31.964885100196124], [-106.46699075375692, 31.965023519450426], [-106.4673335387234, 31.965063121345803], [-106.46788069920093, 31.965032333412296], [-106.46820344042548, 31.9651735820865], [-106.46842396220849, 31.965027562103035], [-106.46874316044136, 31.965085001845676], [-106.46897691829878, 31.965000264455835], [-106.46946281804212, 31.965043605771818], [-106.46961738798174, 31.964955030542882], [-106.4697047584337, 31.964980011962055], [-106.46997472752129, 31.96492323764584], [-106.47027274119321, 31.965002644142483], [-106.47038051655726, 31.964965729903952], [-106.47053102029795, 31.96502658273788], [-106.47059762845527, 31.965202566601434], [-106.47109879248237, 31.965052702248666], [-106.47154256903728, 31.965042384206612], [-106.47175098180979, 31.965111809387366], [-106.47190689201206, 31.96523460981395], [-106.4721917349164, 31.96522518583197], [-106.47233910801805, 31.96530705737579], [-106.47264028066454, 31.96534606538065], [-106.47338875897263, 31.96574528854069], [-106.47343937335442, 31.96584542524961], [-106.47335240711983, 31.966056197691255], [-106.4730627411977, 31.966145719314362], [-106.47319825661438, 31.966333758788466], [-106.47341046059104, 31.966486935425838], [-106.47356373411303, 31.96650145122225], [-106.47395120841836, 31.9667253648746], [-106.47423892406007, 31.9667803762407], [-106.47434889129111, 31.966878470481042], [-106.47450736998209, 31.96692779946722], [-106.47451504098963, 31.966993028160964], [-106.47429978655713, 31.966962395797797], [-106.47418137701366, 31.966861692103045], [-106.47390789507605, 31.9668120890273], [-106.47352174954312, 31.966588845876135], [-106.47335968588833, 31.96657150998463], [-106.47312047218064, 31.966399592109223], [-106.4729475758265, 31.9661242030023], [-106.4730170468235, 31.966052272448536], [-106.47325526801693, 31.965985923823606], [-106.47331596407842, 31.965823057920076], [-106.47260059400499, 31.965432917339104]]]}}, {"type": "Feature", "properties": {"name": "FMSP Connector"}, "geometry": {"type": "Polygon", "coordinates": [[[-106.5080236705796, 31.864738843230946], [-106.5075575996524, 31.864526464639486], [-106.50741073525519, 31.864409815751095], [-106.5074256373859, 31.864288963296204], [-106.50760095372054, 31.864150285557262], [-106.50793940579639, 31.864157564827888], [-106.50816276558915, 31.864082010092865], [-106.50880365105667, 31.863449899170018], [-106.50933113307087, 31.863050029076277], [-106.50930279427467, 31.86272290741046], [-106.5089140321913, 31.86222580071196], [-106.508924244693, 31.862175668440514], [-106.50898240176996, 31.862163473660093], [-106.50940573518729, 31.862688079582117], [-106.50943400708368, 31.863094387290054], [-106.5088829882205, 31.863514034280353], [-106.50822719698361, 31.864157768807058], [-106.50795600481577, 31.864250323168605], [-106.50763257498309, 31.864240780151242], [-106.507518381852, 31.864370705699812], [-106.50778702877184, 31.864543730948878], [-106.50805720474425, 31.864649545504797], [-106.50912535308984, 31.86457037951118], [-106.50917589446728, 31.864627255025727], [-106.50883882863985, 31.864693453589595], [-106.5080236705796, 31.864738843230946]]]}}, {"type": "Feature", "properties": {"name": "FMSP Del Sol"}, "geometry": {"type": "Polygon", "coordinates": [[[-106.53806244463352, 31.884712054869244], [-106.53812670519436, 31.884756955476536], [-106.5380741749494, 31.88499726515242], [-106.53731846416474, 31.885570083201646], [-106.53690839871125, 31.885736804591982], [-106.5363655570456, 31.88611958789117], [-106.53569095949129, 31.886802787244505], [-106.5350968249852, 31.887183935298548], [-106.53479967142835, 31.88758274412334], [-106.53471936570183, 31.88782033585349], [-106.5343192002516, 31.888159628986905], [-106.53408108379384, 31.88845682921364], [-106.53357529133638, 31.88881757308858], [-106.53333884407277, 31.889209219964425], [-106.53318094220337, 31.889328976367842], [-106.53259218273588, 31.889612143551982], [-106.53239177437085, 31.889631610937062], [-106.5319847738313, 31.889872346615064], [-106.53190528905633, 31.890033733692743], [-106.53176137828326, 31.89015732699625], [-106.53175097885558, 31.890405666441254], [-106.53146019616995, 31.890871860619857], [-106.53112348388167, 31.89116210980872], [-106.53100761764364, 31.891323615154125], [-106.53075259093082, 31.89146036642852], [-106.53041241166414, 31.89154982527945], [-106.53036464896601, 31.891614622753316], [-106.53035524506882, 31.891798947708775], [-106.5299549564727, 31.892021704826092], [-106.5298877042754, 31.892004031434126], [-106.5299280323423, 31.89191059245909], [-106.53025921267927, 31.89174100486468], [-106.53025661054436, 31.89158965625732], [-106.53033999271274, 31.89147619574119], [-106.53070750425753, 31.891375161007808], [-106.53092571046683, 31.891260021829243], [-106.53103900382116, 31.891102087778812], [-106.53136525823443, 31.8908249985286], [-106.53164509677264, 31.890377196027988], [-106.53165861596891, 31.89011620844358], [-106.53181512682632, 31.889979421013045], [-106.53190275466477, 31.88980811323476], [-106.53234888230122, 31.88954446140511], [-106.53255071588919, 31.88952464040485], [-106.53325794308286, 31.88914592939222], [-106.53349316576144, 31.888754222480223], [-106.53400189632235, 31.888392368226597], [-106.53423819244256, 31.888096257747733], [-106.5346275539983, 31.887768610074723], [-106.53469951162278, 31.887544803678125], [-106.53501362584687, 31.887123108945357], [-106.53561532741439, 31.886734586528405], [-106.5362939548723, 31.886048953561804], [-106.53684715843383, 31.8856590896735], [-106.53724896623439, 31.885497013014124], [-106.53740591019223, 31.88534630646346], [-106.53768596503225, 31.885183374588937], [-106.53798326776524, 31.88494053039093], [-106.53806244463352, 31.884712054869244]]]}}, {"type": "Feature", "properties": {"name": "FMSP Directissimo"}, "geometry": {"type": "Polygon", "coordinates": [[[-106.47967620877364, 31.81064279894443], [-106.47946544506462, 31.810446644727868], [-106.47940711187009, 31.810456292450823], [-106.47940031970106, 31.810588983824506], [-106.4792947693926, 31.810594888196217], [-106.4790937425238, 31.81038662297563], [-106.47891351324645, 31.810617674071178], [-106.47870658014742, 31.81062041706343], [-106.47866273232465, 31.810573612584204], [-106.47870007797032, 31.81053068639257], [-106.47885360317942, 31.810530371795892], [-106.47894500366216, 31.810380539113012], [-106.47907852031253, 31.81028038961253], [-106.47917170952752, 31.810318900847303], [-106.47929969233897, 31.81047528026737], [-106.47934243324586, 31.810376877707075], [-106.47954274651217, 31.8103244690796], [-106.47958183627124, 31.810440093018446], [-106.47967747106006, 31.810515017332165], [-106.4798889500621, 31.810287073312416], [-106.47995940313949, 31.810304038236513], [-106.47997359402498, 31.810424609400215], [-106.4800522826615, 31.81035446264358], [-106.48018093522302, 31.810398880228504], [-106.48022293413776, 31.81025998848861], [-106.48040840819749, 31.810181873039337], [-106.48047112877629, 31.810203738618814], [-106.48049548235873, 31.810339710954807], [-106.48059561645928, 31.810283852450528], [-106.48073491957713, 31.810280512882915], [-106.48091262617697, 31.81015678364155], [-106.48103936544986, 31.810254872669645], [-106.48108906237242, 31.810147008178234], [-106.48120054378651, 31.81008141816893], [-106.48175849660197, 31.809943209716735], [-106.48241759367504, 31.809615072439403], [-106.48249027163648, 31.809628927516133], [-106.48251462370885, 31.809685519607097], [-106.4830277308856, 31.80959013777145], [-106.48327712701342, 31.80941169952266], [-106.4834138135987, 31.8093864219113], [-106.4834670716577, 31.809262718010768], [-106.48355673846322, 31.80927112302466], [-106.48362964072815, 31.809104061062214], [-106.48383438264275, 31.80911366462832], [-106.4840957281366, 31.809024443781613], [-106.48415669905317, 31.8090543501937], [-106.48407910161968, 31.809145973112678], [-106.48379082187856, 31.809199187480672], [-106.48374272892745, 31.80926731990437], [-106.48367261187751, 31.809231256166353], [-106.48364410045241, 31.809376273631763], [-106.48352314604931, 31.809361023739495], [-106.48350335059536, 31.80946467614408], [-106.4833368657829, 31.80949079207223], [-106.48309167063779, 31.80967554640454], [-106.48288577538295, 31.80974018960216], [-106.48261264994443, 31.80973590723542], [-106.48250140346767, 31.809795180162727], [-106.48242031416936, 31.80973323344129], [-106.48229037857311, 31.80977213727724], [-106.48214206539616, 31.809891143071184], [-106.48180268368644, 31.81003450095669], [-106.48142341478531, 31.810103123488794], [-106.4814464997066, 31.810155828706232], [-106.48141033340534, 31.81019749646427], [-106.48123077478571, 31.81017749687423], [-106.4811075816211, 31.810356701980524], [-106.48098323228956, 31.810340921073035], [-106.48090278057187, 31.810264752617645], [-106.48074687700486, 31.810421884026617], [-106.48062909805687, 31.810396135311148], [-106.48045882857059, 31.810434964553682], [-106.48036709120574, 31.81031544935328], [-106.48014453377253, 31.810549709436156], [-106.48003514372007, 31.810501864014615], [-106.47991362317578, 31.810525066642573], [-106.47986934995144, 31.81045954464613], [-106.47974834601781, 31.810620589993228], [-106.47967620877364, 31.81064279894443]]]}}, {"type": "Feature", "properties": {"name": "FMSP Hitt Itt Trail"}, "geometry": {"type": "Polygon", "coordinates": [[[-106.47306886230633, 31.988742027449376], [-106.47278687694366, 31.988616081172836], [-106.47277439210359, 31.988401330488003], [-106.47266200101508, 31.98830686360866], [-106.47263208979611, 31.988097827424546], [-106.47279485407321, 31.987924413503908], [-106.47252182131157, 31.987929123305207], [-106.4718298793399, 31.98844700689713], [-106.47136235624053, 31.988643454281736], [-106.47101940949376, 31.98861186284163], [-106.47090143294237, 31.988532444674295], [-106.47086630739908, 31.98840095129961], [-106.47089275490264, 31.988266136706375], [-106.47116216482843, 31.988224571788233], [-106.47143870287562, 31.988350863132673], [-106.4716441889762, 31.988171158083258], [-106.47171384924037, 31.988019213262774], [-106.4717346762155, 31.987437367270836], [-106.47167590106527, 31.987335421986153], [-106.47134546764141, 31.987151417389402], [-106.47115811520275, 31.986781457213052], [-106.47122639335481, 31.986556123366892], [-106.4714736933515, 31.98641832559434], [-106.47174806509989, 31.986361165077252], [-106.4719533008635, 31.986098896982078], [-106.47199681649295, 31.985879217820564], [-106.47182104103625, 31.9859255810614], [-106.47127589636739, 31.985914037879226], [-106.47128923617718, 31.985778972450593], [-106.47151002766975, 31.985688767152734], [-106.47156413726759, 31.985587212966177], [-106.47164235838449, 31.985612459496203], [-106.47161063566051, 31.985729913783], [-106.47136851631323, 31.98584769962805], [-106.47181475011152, 31.98583269196889], [-106.47200439851974, 31.985774330737563], [-106.47212511696398, 31.98587086255901], [-106.47205733406814, 31.98613251865424], [-106.4718225117988, 31.986432683644455], [-106.47137125631255, 31.986565354222154], [-106.47126781869733, 31.986758520886674], [-106.47143688439968, 31.987098180348273], [-106.47174735780666, 31.987264870630717], [-106.47183769948576, 31.98740580288317], [-106.47182659638766, 31.988009211048784], [-106.47173067198453, 31.9882306012266], [-106.47148408918187, 31.988436356225332], [-106.47135624260852, 31.988441408075044], [-106.47113147587774, 31.98831701712272], [-106.47097732665682, 31.98833058908351], [-106.47100142909254, 31.988488627936977], [-106.47105638503488, 31.98852288758799], [-106.4713337739454, 31.98855292979167], [-106.47176236917713, 31.98837266192818], [-106.4724949035814, 31.987836811360626], [-106.47281984815083, 31.9878320191915], [-106.47293406524956, 31.98791447541811], [-106.4727458638047, 31.9881624234941], [-106.47276865983686, 31.988276581998775], [-106.47288258797673, 31.988366728415052], [-106.4728686336706, 31.988552143940588], [-106.4730622308156, 31.98864912728269], [-106.47323973131495, 31.988548904406517], [-106.47325224843837, 31.988342963731164], [-106.4733003235011, 31.98827107028334], [-106.47383773403708, 31.98826616786287], [-106.47392341391078, 31.98820626629904], [-106.47414736882175, 31.988192053443072], [-106.47434381409357, 31.98810535606794], [-106.47475770482762, 31.988023267141042], [-106.47518209684219, 31.98805344549387], [-106.47586121688214, 31.987895617494917], [-106.47612892500621, 31.98788845033612], [-106.47656200000979, 31.988061859000364], [-106.47714256041787, 31.987928982251873], [-106.47746247571565, 31.988048175262094], [-106.47789875699132, 31.98796763489278], [-106.47843657338784, 31.987965234726012], [-106.47866587974164, 31.98800839456859], [-106.47885467183175, 31.987948700139725], [-106.4790972693792, 31.987762599757204], [-106.47958799607387, 31.98778105720814], [-106.48001818877185, 31.98757482279628], [-106.48030995219695, 31.98765147495293], [-106.48046827669286, 31.987508412463733], [-106.48070039318446, 31.98743335042756], [-106.48092997682046, 31.9872694383621], [-106.481408624369, 31.98729470398791], [-106.4815526939076, 31.98735594678981], [-106.4818220057491, 31.987338266493463], [-106.48204305737076, 31.987085308920573], [-106.48281163610898, 31.98688855850394], [-106.48307921660964, 31.986663602260183], [-106.48367703710431, 31.98659147887974], [-106.48382879498249, 31.98652896496863], [-106.48396978252126, 31.98654131671444], [-106.48411223478227, 31.986656924342714], [-106.48429005113304, 31.986657643269595], [-106.48461507251352, 31.986604139584053], [-106.48480314091498, 31.986496980710736], [-106.48482806874809, 31.986363541525836], [-106.48492234533506, 31.986266247219802], [-106.48499334604328, 31.986089348131088], [-106.48501563199984, 31.985692214994145], [-106.48518008404766, 31.985528213804617], [-106.48520936965055, 31.98537460723691], [-106.48542528588989, 31.985048654911672], [-106.48574306403174, 31.984787376008107], [-106.48585388408442, 31.984374001065476], [-106.48604697015418, 31.984244637101266], [-106.48626564211541, 31.984283589048903], [-106.4862958647339, 31.9844488799592], [-106.48619437875396, 31.984644942134448], [-106.48629600991669, 31.984798982747307], [-106.4863860130113, 31.984837327335015], [-106.48649050892207, 31.984727117527314], [-106.48641541164169, 31.984610181704337], [-106.48644706093319, 31.9844829366536], [-106.48670850462223, 31.984394659096896], [-106.48673634245459, 31.98422763454268], [-106.48691859589995, 31.983966964327855], [-106.48648651436194, 31.98363339085018], [-106.4864782840858, 31.983270071253127], [-106.4865265620465, 31.98317855027015], [-106.48648269697253, 31.9830389716056], [-106.48676460125705, 31.982803110086444], [-106.48628674435304, 31.982663386178253], [-106.48626844634877, 31.982591427504264], [-106.48669964724367, 31.982398266945246], [-106.48696290246521, 31.98236478261307], [-106.4887044884883, 31.981478972175022], [-106.48914775180886, 31.981305589329217], [-106.48943042352175, 31.98125628787757], [-106.4899819599419, 31.980866785957755], [-106.4901342189937, 31.98056260703013], [-106.49035097697087, 31.98030461965534], [-106.49045986774111, 31.979943790576634], [-106.49062794828478, 31.979803672457976], [-106.49074317609052, 31.97962437883078], [-106.49075707894735, 31.979459142799552], [-106.49110637306035, 31.979462790776445], [-106.49136237697539, 31.979536758920954], [-106.49139552610032, 31.979645374371987], [-106.49134096531286, 31.97972593010256], [-106.4914173919919, 31.979853669320622], [-106.49148600314888, 31.979907840467117], [-106.49168996684648, 31.97992230790524], [-106.49177688916627, 31.980006108289594], [-106.49205197224163, 31.979877630028962], [-106.49220964196638, 31.979889679940527], [-106.492367647604, 31.979985960804864], [-106.492522596993, 31.979964276734986], [-106.49267726928687, 31.980043409442224], [-106.49263881024372, 31.980106658244743], [-106.4924983937734, 31.98005745403613], [-106.49235421751482, 31.980081347070133], [-106.49216753133521, 31.979977972763443], [-106.49205653692134, 31.979971064800974], [-106.49173682237395, 31.98010216360503], [-106.49163240037022, 31.980003225597553], [-106.49145328890613, 31.980002244273397], [-106.49133253760837, 31.97991311101606], [-106.49122630173748, 31.979730356813285], [-106.49128170042407, 31.979611323296414], [-106.49084300672891, 31.979536746144955], [-106.49085289316025, 31.979653863310773], [-106.49071825475264, 31.97985809010409], [-106.49055779053883, 31.979988728091005], [-106.49045311847651, 31.980344365591943], [-106.4902302512064, 31.98060742806215], [-106.49006225357374, 31.980931000946285], [-106.48948113070458, 31.981341168743597], [-106.48918666142889, 31.981392495032367], [-106.48875615749336, 31.981561092327773], [-106.48701098880385, 31.98245146291579], [-106.48674455187715, 31.982483837878338], [-106.486501642798, 31.982606303914245], [-106.4867355121277, 31.98266732115803], [-106.48686728209287, 31.98276312683694], [-106.48686901802381, 31.982864396737682], [-106.48659779035297, 31.98306045098033], [-106.48664002245567, 31.98318201112587], [-106.4865882658897, 31.98328425469546], [-106.4865942243162, 31.98360150877283], [-106.48699051298625, 31.98386004409279], [-106.48702872756829, 31.98399039620439], [-106.4868432111224, 31.984255835296334], [-106.48679301646894, 31.984461133338026], [-106.48654279148545, 31.984537815023216], [-106.48652791366732, 31.98459803898229], [-106.48660754930847, 31.984738561607724], [-106.48641389098374, 31.984932998611615], [-106.48622298473583, 31.984869641039413], [-106.48608499458177, 31.984662477532623], [-106.48618189672642, 31.984345833906364], [-106.48605550782733, 31.98434098951303], [-106.48594205307369, 31.984430149098877], [-106.48591988356414, 31.984656065490167], [-106.48585980082883, 31.98471487574359], [-106.48583739459802, 31.984836588085205], [-106.48551318129547, 31.98510581741178], [-106.48530854834515, 31.985414157303424], [-106.48527405448274, 31.985577689288654], [-106.48511624342659, 31.98573142395639], [-106.48510621636214, 31.98608112066917], [-106.48502763300392, 31.98630530864663], [-106.48493108268725, 31.986395875834887], [-106.48489262736403, 31.986553023439132], [-106.48474153611971, 31.98665641716434], [-106.48411928630915, 31.98675192177039], [-106.48392591755284, 31.98662715697565], [-106.48384031567424, 31.986621823573167], [-106.48369991015606, 31.986682331238597], [-106.4831272423216, 31.986748730440876], [-106.48286498022124, 31.986972222273224], [-106.48210524288427, 31.987162986100547], [-106.48187077629916, 31.98742433581409], [-106.48154596400757, 31.98744884090429], [-106.48138730027785, 31.98738704514296], [-106.48095926359, 31.987360180864094], [-106.48075843232714, 31.987516687524927], [-106.480535379782, 31.987586424167866], [-106.48033865338682, 31.98774502634349], [-106.48002811719847, 31.987673551869104], [-106.47960982138773, 31.987873115155182], [-106.47913437181462, 31.987855098352615], [-106.47891176154174, 31.98802819626385], [-106.47868102029716, 31.98810220211887], [-106.47843007375211, 31.988058105310596], [-106.47790919888249, 31.98806040647482], [-106.47762205478293, 31.98814458340218], [-106.47744765862217, 31.98814067635883], [-106.47713916907918, 31.98802501581567], [-106.47655123089507, 31.988156277152356], [-106.47611717551125, 31.987981676470174], [-106.47588034661989, 31.9879875847788], [-106.47518896974186, 31.98814705762079], [-106.47477415057145, 31.988115439563277], [-106.47449946898503, 31.98816202848603], [-106.47385453165941, 31.9883583029986], [-106.47336138615792, 31.988355168203118], [-106.47333022725769, 31.988602776809643], [-106.47306886230633, 31.988742027449376]]]}}, {"type": "Feature", "properties": {"name": "FMSP Del Sol II"}, "geometry": {"type": "Polygon", "coordinates": [[[-106.53167737944555, 31.88972140663842], [-106.5314541274303, 31.889697400176843], [-106.5313595738613, 31.8897673212395], [-106.53089184604117, 31.889773295545716], [-106.53076359311862, 31.88974378972049], [-106.53067654535955, 31.889653551008106], [-106.53037883337853, 31.88961882915765], [-106.53014560755533, 31.88916074013651], [-106.52988464637008, 31.889092769022753], [-106.52974878627356, 31.889088808559308], [-106.52968267868096, 31.88919495969157], [-106.52954411514925, 31.889210350464303], [-106.52938662893384, 31.889361771547645], [-106.5292186080034, 31.889348734872655], [-106.52918019612912, 31.889298642070532], [-106.52922217584607, 31.88925896204045], [-106.52934168334673, 31.889268475321316], [-106.52949800063328, 31.88912245455233], [-106.52960968198751, 31.889116343030175], [-106.52969172577582, 31.888999514175847], [-106.52990328247147, 31.88900072123584], [-106.5302273306098, 31.88909412988286], [-106.5304410845825, 31.889533660878964], [-106.53072325150703, 31.889566246132894], [-106.53089946348217, 31.889679509676277], [-106.53132679361545, 31.889675272274463], [-106.53143232285588, 31.88960187789731], [-106.5317138892029, 31.889632041394165], [-106.53198199495995, 31.889849550986586], [-106.53190387065446, 31.889875031660555], [-106.53167737944555, 31.88972140663842]]]}}, {"type": "Feature", "properties": {"name": "FMSP Cardiac Hill (Part II)"}, "geometry": {"type": "Polygon", "coordinates": [[[-106.46877037417015, 31.93237494438492], [-106.4685534426822, 31.932270633743535], [-106.46843275103538, 31.932307520156805], [-106.46816089826831, 31.932156838712423], [-106.46792479634131, 31.93215162232631], [-106.46764420461032, 31.932218335555334], [-106.46760345205726, 31.932128389156727], [-106.46712924245892, 31.93192078155808], [-106.4666121875552, 31.931359221820564], [-106.4664967805338, 31.930847433811135], [-106.46630016384566, 31.930660875890027], [-106.4661608356038, 31.930402254632163], [-106.46611445095519, 31.93021454186454], [-106.46616865412103, 31.93009180378038], [-106.46607100829108, 31.92976333370236], [-106.46607361323886, 31.929526828473378], [-106.46579848933615, 31.929137538882323], [-106.46581109845337, 31.929081458263717], [-106.4658912257539, 31.929088685681634], [-106.46617808200294, 31.929496298971653], [-106.46621060950999, 31.92965667455946], [-106.46618094620423, 31.929755838021716], [-106.4662804846122, 31.93009241755718], [-106.46622456626872, 31.930222249726082], [-106.4662648080244, 31.930369637553174], [-106.46639622383441, 31.930615646403663], [-106.46660007481947, 31.9308017478065], [-106.46671043154213, 31.93131313446588], [-106.46720471488696, 31.931852203836776], [-106.46759047717237, 31.932009090921877], [-106.46771245777232, 31.932116812131586], [-106.46790598106776, 31.932059229500673], [-106.46819362176497, 31.93206407746901], [-106.4683296609708, 31.93216777033726], [-106.46845095679083, 31.93220918040233], [-106.46859114033772, 31.93217375154312], [-106.46878902651582, 31.93228318524158], [-106.46928388292005, 31.93223993283346], [-106.46936988377063, 31.93208886007735], [-106.46946385662203, 31.93205896943558], [-106.46957527601855, 31.932102226109304], [-106.46973722830909, 31.931958377484932], [-106.46997632503577, 31.93170897956182], [-106.47004024949875, 31.93151248705457], [-106.47020916838284, 31.931371686541016], [-106.47036619201039, 31.931326829780247], [-106.47053068109203, 31.93144215746091], [-106.47065532262484, 31.931360269638287], [-106.47068425987051, 31.93123430435741], [-106.47077036798383, 31.931255679133496], [-106.47075725749562, 31.93140078096182], [-106.47063800301729, 31.93150480543438], [-106.47051145790044, 31.9315372462961], [-106.47033447425811, 31.931425212602488], [-106.47023805368987, 31.931471709327504], [-106.47013145964061, 31.931565528269143], [-106.47007274661064, 31.9317599826525], [-106.46962467764304, 31.93219385679107], [-106.46945691242556, 31.932157470459426], [-106.469356060503, 31.93231635207539], [-106.4690366449068, 31.93238037631297], [-106.46877037417015, 31.93237494438492]]]}}, {"type": "Feature", "properties": {"name": "FMSP Drilled Hill"}, "geometry": {"type": "Polygon", "coordinates": [[[-106.48409111798458, 31.941826334528024], [-106.48537046867594, 31.942221432463793], [-106.48567214309617, 31.94246249971622], [-106.48601617763049, 31.94260249001695], [-106.48631529287734, 31.942912174111086], [-106.48622854286896, 31.942931105387977], [-106.4859476646141, 31.94267552253268], [-106.48560634755461, 31.942537710793474], [-106.48531618296445, 31.94230248510302], [-106.48421421808953, 31.94197997680645], [-106.48405425536741, 31.94189681602059], [-106.48409111798458, 31.941826334528024]]]}}, {"type": "Feature", "properties": {"name": "FMSP Down Under Trail"}, "geometry": {"type": "Polygon", "coordinates": [[[-106.46709168763242, 31.985928710240486], [-106.46688386909474, 31.985738815000445], [-106.46642963148894, 31.985433283824808], [-106.46608924193762, 31.98542692093824], [-106.46604111892523, 31.985304503042503], [-106.46611336988178, 31.985161204261097], [-106.46586642928533, 31.98480823609356], [-106.46555480121425, 31.98484106048017], [-106.46523985922057, 31.984662730990763], [-106.4651483232846, 31.98454944628988], [-106.46491466267172, 31.984470885326953], [-106.46473138773074, 31.98424152095815], [-106.4644298716568, 31.984192609755492], [-106.46428310281063, 31.984306114131748], [-106.46417963165058, 31.984325502294745], [-106.46400871254431, 31.98424579287189], [-106.46361050440642, 31.984281184581082], [-106.46284605865864, 31.9840665335521], [-106.46278997103703, 31.984071025052877], [-106.46284088063959, 31.98419829849895], [-106.46273970772329, 31.98425102949767], [-106.46260175133737, 31.984190474454497], [-106.46257890774675, 31.983978077506404], [-106.4629693942543, 31.983731143359638], [-106.4622558387175, 31.983518860275833], [-106.46130728595699, 31.983428321136458], [-106.46103643003643, 31.98326808882938], [-106.46108775018452, 31.98317421633875], [-106.46137300715706, 31.98320947379033], [-106.46172355747834, 31.983061272752717], [-106.46182964803982, 31.983075735221057], [-106.46170942708439, 31.98281497072183], [-106.46176713376833, 31.982732225322124], [-106.46185806590721, 31.98270771705835], [-106.46212362514223, 31.98281722266165], [-106.46249841409546, 31.98265597897252], [-106.46289747337624, 31.982749351017784], [-106.4636993746581, 31.982803951748664], [-106.46383239518087, 31.982849190116582], [-106.46417722017064, 31.98265460880526], [-106.46445385927623, 31.98269097555876], [-106.46461050889131, 31.982662951999867], [-106.4647850420219, 31.982824600633254], [-106.46504493953783, 31.98279347747683], [-106.46546517444472, 31.982636527397343], [-106.46525951028626, 31.982571218483137], [-106.4651978810666, 31.98248110004133], [-106.46496673384974, 31.98237193842838], [-106.46481982313865, 31.98219488095938], [-106.4645683705026, 31.982113677133537], [-106.46447905576328, 31.982007183354263], [-106.46447913174325, 31.98178816267197], [-106.46467171601283, 31.981676394280978], [-106.46477490218484, 31.981696610269797], [-106.46489995871649, 31.981524474600104], [-106.46483250737991, 31.981411626639932], [-106.46484815047836, 31.98129774318558], [-106.46502026655467, 31.981313978920987], [-106.46493152309068, 31.981021457730467], [-106.46496414702224, 31.98079607442226], [-106.46472576912912, 31.980329827930195], [-106.46479418371281, 31.9802535121723], [-106.46500540141356, 31.980211529768958], [-106.46464542846913, 31.980076820256766], [-106.46445782684566, 31.9800879888486], [-106.46443345043109, 31.98000243658143], [-106.46452347915874, 31.979936669898468], [-106.46426212800101, 31.979505425540555], [-106.46412441216833, 31.979404500734322], [-106.46399216980748, 31.979109115040355], [-106.46399106813159, 31.978964906210976], [-106.46384426708192, 31.979045402476082], [-106.46360889192069, 31.97895451893536], [-106.46332315498663, 31.979183361559798], [-106.46297509051071, 31.979137471099342], [-106.46274355997494, 31.97921283125693], [-106.46249439291887, 31.979124807778472], [-106.46233117071806, 31.979011220424752], [-106.4626083607503, 31.97940387458699], [-106.46254089728286, 31.979480969035073], [-106.46243327449467, 31.979471168274696], [-106.46234426045285, 31.979423677632962], [-106.4620893407481, 31.9790941249012], [-106.46210732701685, 31.97887094897432], [-106.46187612751109, 31.978933547219082], [-106.46169559955099, 31.97886042049401], [-106.46165490327704, 31.978792104738275], [-106.46155355319415, 31.97886365782227], [-106.46140176215957, 31.978834352185622], [-106.46136132698682, 31.978763899295902], [-106.46139377802436, 31.978596752844528], [-106.46158815671585, 31.97846119814136], [-106.46164497853574, 31.9783554773154], [-106.46138222819256, 31.97831787081294], [-106.46098962444903, 31.978107701852885], [-106.46114652459606, 31.977981110599675], [-106.46132339885911, 31.978033753439725], [-106.46129700082416, 31.977912507498644], [-106.46139581706103, 31.97760868196873], [-106.46131015404903, 31.977456287124337], [-106.46139900317414, 31.977182246479614], [-106.46173748306092, 31.976944421035626], [-106.46175747984974, 31.976873105171972], [-106.46200266384633, 31.97678583964032], [-106.46199432640803, 31.976685511628762], [-106.46210989886674, 31.97658087548515], [-106.46226973540358, 31.97657225637673], [-106.46249666170752, 31.97669184393466], [-106.4625633286953, 31.976592609813544], [-106.46246018247913, 31.976320837467114], [-106.46214230227436, 31.976399256019526], [-106.46204440886054, 31.976326763475818], [-106.46205615942493, 31.976082826486625], [-106.4620031001448, 31.97599516929415], [-106.46203938669808, 31.975911867017192], [-106.46197169124727, 31.975658389686313], [-106.46125755846192, 31.975535957231155], [-106.46104968705876, 31.975428125052556], [-106.46090601085521, 31.97509314078109], [-106.46093435448279, 31.974882754981014], [-106.46071482497682, 31.974744139851268], [-106.46060658040052, 31.974535595984353], [-106.4606669458303, 31.9743644768605], [-106.46052040144649, 31.97400355269448], [-106.4605497832479, 31.97387315634386], [-106.46041189586526, 31.973547773661938], [-106.46047555997319, 31.973360908296737], [-106.46058735955415, 31.97330623658144], [-106.46116430587404, 31.973279828282205], [-106.46152170655438, 31.97318770766651], [-106.46177254059222, 31.972089565352455], [-106.46186239468341, 31.97191557647881], [-106.46178556896575, 31.971484047157894], [-106.4620248284072, 31.971264330121706], [-106.46209775205669, 31.971315694064668], [-106.4618994135758, 31.97149486468928], [-106.46197266957135, 31.971923118794976], [-106.46187857107971, 31.972114598128048], [-106.46161933369447, 31.97324488656198], [-106.46118360323574, 31.97337160701716], [-106.46061746942856, 31.973396530046188], [-106.46056332791142, 31.973418489303256], [-106.46052135252417, 31.973539785253564], [-106.46065994701475, 31.97385647834979], [-106.46063117785548, 31.97399628289803], [-106.46077814700007, 31.97435451123034], [-106.46071901586478, 31.974523568677757], [-106.46079967028578, 31.974681893049127], [-106.46104182675481, 31.974852921313975], [-106.46101711404187, 31.97508056788479], [-106.46115003001132, 31.975382699856578], [-106.46160629706972, 31.975519699970324], [-106.46203715142008, 31.975577220102235], [-106.46210307244834, 31.975663413340914], [-106.46215324294363, 31.975910561222854], [-106.46211901563824, 31.975989524920514], [-106.46216810856815, 31.976073425621053], [-106.46214436898084, 31.976285452944435], [-106.46243780908766, 31.976219079062634], [-106.46252003967979, 31.976241522830364], [-106.46257927300141, 31.97629825656207], [-106.46267371236752, 31.976595540764126], [-106.46260522028066, 31.976749537122924], [-106.46250043108077, 31.976789462995516], [-106.4621612262286, 31.97666702976352], [-106.46210717988724, 31.976715890285647], [-106.46208967185167, 31.97685128347873], [-106.46184709365085, 31.976935750828073], [-106.46182935252222, 31.97699881042928], [-106.46149323122197, 31.977233979732645], [-106.46142215352569, 31.977458897666512], [-106.46150537835594, 31.97759473309763], [-106.46150305084886, 31.97772667589401], [-106.46140436472986, 31.977937365020328], [-106.4614352580267, 31.978046642253776], [-106.46135081007645, 31.978135784960426], [-106.46113454033991, 31.978097159688584], [-106.46142165588098, 31.978230939328018], [-106.46171957843534, 31.978281054767294], [-106.4617475477509, 31.97841490250544], [-106.4616642300154, 31.978530645570107], [-106.46149512886308, 31.978639493926416], [-106.46147286190146, 31.978753065972644], [-106.46169709881376, 31.97869639195946], [-106.46188926328422, 31.978840650855233], [-106.46199730691258, 31.978827111144167], [-106.4620774151187, 31.978738195129452], [-106.46218948575329, 31.978759559247283], [-106.46219426042245, 31.979058585180788], [-106.46246927155731, 31.979382546621185], [-106.46222850727511, 31.97904658619022], [-106.46225705961385, 31.97892057817745], [-106.46241343612151, 31.978941368325007], [-106.46270641211152, 31.97911719244473], [-106.46297430796473, 31.979044289198676], [-106.46324621146935, 31.979098545192134], [-106.46357132154701, 31.97886639535545], [-106.46385272437797, 31.978946653472853], [-106.46391752692527, 31.978794029927414], [-106.46403608987018, 31.978780000224], [-106.46411953785389, 31.97901265270071], [-106.46410247037483, 31.979095197007393], [-106.4642178882797, 31.97935292502162], [-106.46435289799913, 31.97945212240772], [-106.46457322098563, 31.979848902266717], [-106.46477587173773, 31.97984445606241], [-106.46482994869463, 31.979897943016915], [-106.46482606305666, 31.979969111272005], [-106.46471691961872, 31.980006296023294], [-106.46507423003794, 31.980121556569607], [-106.46512088528388, 31.98022577476461], [-106.46505361262787, 31.980297523569654], [-106.46484370521173, 31.980340655627238], [-106.46507123229236, 31.98077020979329], [-106.46504550865434, 31.98102657939935], [-106.46513714300256, 31.981352251092314], [-106.4650484897535, 31.981414637075694], [-106.46493799748131, 31.981377579808886], [-106.46501897525535, 31.98148000040051], [-106.46499875555017, 31.981569896762302], [-106.46485652172316, 31.981761415242747], [-106.46469056253385, 31.98177191682969], [-106.46457706709386, 31.981837855596208], [-106.46458470265038, 31.981976940424104], [-106.46462977468423, 31.982033997317494], [-106.46488857605253, 31.982120438999317], [-106.46504445456543, 31.982304105738674], [-106.46527141528281, 31.982411410248424], [-106.46533448925784, 31.982499546543785], [-106.46552214000614, 31.982539863012715], [-106.46560127835724, 31.982661990528555], [-106.46507250866078, 31.982884463931622], [-106.4647695655389, 31.982919586424742], [-106.46458642790574, 31.982758063924514], [-106.46422845869175, 31.982754705475934], [-106.46384975152198, 31.982943476589284], [-106.46287182178615, 31.98284000357031], [-106.46249721048571, 31.98274934864467], [-106.46239223427125, 31.982836119019105], [-106.46213721109189, 31.982910390621836], [-106.46202646168005, 31.982901318898676], [-106.46186355194428, 31.982802073092078], [-106.46182796744692, 31.982820519351737], [-106.46197196827218, 31.98305508022977], [-106.46188947423313, 31.983158657588277], [-106.46175171566681, 31.983154406449557], [-106.46147346889468, 31.98328519577295], [-106.46128154689909, 31.983302201759617], [-106.46163919975008, 31.983389247828693], [-106.4622835345972, 31.9834280641182], [-106.46294036701414, 31.98361275652883], [-106.46307919857999, 31.98367619572384], [-106.46309705195384, 31.983729979032166], [-106.46302652074584, 31.98382808320516], [-106.46279764140436, 31.983977100904262], [-106.46337179106008, 31.984133632055723], [-106.46361498063057, 31.984186907268096], [-106.46402009702685, 31.98415224747751], [-106.46419333939778, 31.98422900469287], [-106.46439847977778, 31.984100182516325], [-106.46479017289042, 31.984162168004126], [-106.46498189639425, 31.984390482351632], [-106.46521564360077, 31.984475419068918], [-106.46531061637596, 31.984589857443794], [-106.46559949666596, 31.98475181171902], [-106.46592974523749, 31.98471970360633], [-106.46623490464552, 31.985152385761804], [-106.46615305474596, 31.98530970693354], [-106.46617214976469, 31.985354913885082], [-106.46633073629073, 31.985319758898385], [-106.46647549150809, 31.985346616441294], [-106.46696009969233, 31.98567163324582], [-106.46710373205251, 31.985828256717916], [-106.46758267680465, 31.985774634045402], [-106.46773479818506, 31.985717333209557], [-106.46848028611767, 31.98567310618886], [-106.46878411170009, 31.98570744837495], [-106.46890301792465, 31.985637460990123], [-106.46938972995116, 31.985635636319696], [-106.46949969557004, 31.98558329098517], [-106.4699205838972, 31.985534729699065], [-106.47031161959309, 31.985604977222522], [-106.47074051501538, 31.985468454032723], [-106.4710662162799, 31.9855293866301], [-106.47145652989157, 31.98545114127074], [-106.47160526759563, 31.985482145396812], [-106.47165563266527, 31.985585513918714], [-106.47159214692603, 31.985631815697545], [-106.4715296635224, 31.985558209829772], [-106.47144356363428, 31.985543670220075], [-106.47106663880218, 31.98562483352142], [-106.4707432224905, 31.98556258558169], [-106.47033061762522, 31.9856988484646], [-106.46992101728695, 31.985628075650528], [-106.46952836410073, 31.985673388405143], [-106.46941657184034, 31.985727192585845], [-106.468931913902, 31.985729178632432], [-106.46881422674151, 31.98579875065734], [-106.46848030755682, 31.985767484848083], [-106.4677495232854, 31.98580990971104], [-106.46760516859736, 31.985866530467867], [-106.46726244122539, 31.985876721254808], [-106.46709168763242, 31.985928710240486]], [[-106.46269789566354, 31.98413729072923], [-106.46270894210693, 31.984140971347664], [-106.4626902978732, 31.984112563879574], [-106.46269789566354, 31.98413729072923]]]}}, {"type": "Feature", "properties": {"name": "FMSP Cardiac Hill (Part III)"}, "geometry": {"type": "Polygon", "coordinates": [[[-106.45887379316679, 31.929121112785886], [-106.45844259835572, 31.928965343311944], [-106.45802169471119, 31.928718341830056], [-106.45786256265731, 31.928741648200422], [-106.45781752567532, 31.928681570966514], [-106.4580486161494, 31.928623043403057], [-106.45849781940768, 31.928884894933123], [-106.45890470849744, 31.929031659589178], [-106.45926421881434, 31.929032205986257], [-106.45944077489037, 31.928992144675853], [-106.4596698022012, 31.928830710371688], [-106.45974406767566, 31.928863839683274], [-106.45948468891558, 31.929078061553742], [-106.45927193519864, 31.92912611102412], [-106.45887379316679, 31.929121112785886]]]}}, {"type": "Feature", "properties": {"name": "FMSP Campsites Connector"}, "geometry": {"type": "Polygon", "coordinates": [[[-106.51095561025535, 31.928965811416706], [-106.51153372208464, 31.92932534356743], [-106.51166836418248, 31.929550568472706], [-106.51174176476975, 31.929865378596315], [-106.51199378675356, 31.93000440028313], [-106.51212240717611, 31.930216518097815], [-106.51214929586978, 31.93036442402029], [-106.5120654647603, 31.930361552806453], [-106.51190846059278, 31.93006450055761], [-106.51164638304355, 31.9299138431808], [-106.51156453888187, 31.92958421651109], [-106.51144496778333, 31.929379812238412], [-106.51092829719029, 31.929045982166095], [-106.51095561025535, 31.928965811416706]]]}}, {"type": "Feature", "properties": {"name": "FMSP C2 Path"}, "geometry": {"type": "Polygon", "coordinates": [[[-106.5104327409512, 31.929885012368658], [-106.51015766719884, 31.929677904028484], [-106.51004834704788, 31.929725161767106], [-106.50991557700547, 31.929707261130986], [-106.50984560924195, 31.92963878005545], [-106.50982909225264, 31.929467744496417], [-106.50998190946576, 31.9294025108317], [-106.51043944992705, 31.929415302945017], [-106.5108761766344, 31.929086354242273], [-106.51087063556074, 31.928896538795648], [-106.51080842809012, 31.928771126798942], [-106.51061432345743, 31.928587569362758], [-106.51062986033352, 31.928536037333846], [-106.51069221057615, 31.928530633440907], [-106.51082287150832, 31.928622349391826], [-106.51097393327849, 31.928865220905955], [-106.51097212767115, 31.929135342921846], [-106.51048989434535, 31.929498947498637], [-106.51035337791116, 31.929532622827477], [-106.51018046163021, 31.92951180046218], [-106.5099910711986, 31.929496177125912], [-106.50993072534236, 31.929547050615184], [-106.50994795544227, 31.9296034372775], [-106.5100279426457, 31.929631478130684], [-106.51030218893578, 31.929530834663307], [-106.51033009746233, 31.929576171518843], [-106.5102671960564, 31.92964583626839], [-106.5102938367351, 31.929674697238426], [-106.51048937617047, 31.929804739898906], [-106.51074708263546, 31.929885283983104], [-106.5107699347372, 31.930020599558343], [-106.51071800878645, 31.930091942637155], [-106.5106554417733, 31.930096438709285], [-106.51065783749927, 31.92995464967905], [-106.5104327409512, 31.929885012368658]]]}}, {"type": "Feature", "properties": {"name": "FMSP El Globo"}, "geometry": {"type": "Polygon", "coordinates": [[[-106.52268778412541, 31.890045246810185], [-106.52221430921567, 31.889738698019862], [-106.5219000753301, 31.889339573576393], [-106.5218071569273, 31.888957994503745], [-106.5218629279496, 31.88883767342352], [-106.52182839485367, 31.888786595248956], [-106.52186566785379, 31.888547573655995], [-106.52240475221201, 31.88780404697948], [-106.52301348666857, 31.887406498119898], [-106.52313010633743, 31.887166354129242], [-106.523418548148, 31.88704955792153], [-106.52375794715412, 31.887030401181633], [-106.52384934255413, 31.88707556431749], [-106.52378982143279, 31.88696094933248], [-106.52380605473697, 31.886715999529887], [-106.52386023655447, 31.886615784983988], [-106.52396376142205, 31.886646459270636], [-106.52403966555529, 31.886840108637678], [-106.52419240050313, 31.886740333822022], [-106.52436179433208, 31.886706572796218], [-106.52451742202294, 31.886937071896643], [-106.52474249638342, 31.886960019552564], [-106.52485101128839, 31.887350261217378], [-106.52495546485584, 31.887427650564067], [-106.52490891273295, 31.887147675645263], [-106.5250128506748, 31.88706075486227], [-106.52500187022177, 31.886922178183806], [-106.52482829751533, 31.886703754092167], [-106.52487338014785, 31.886574102699324], [-106.52477897567124, 31.88646005341632], [-106.5247869325808, 31.88600746544184], [-106.5247269206868, 31.88582952276107], [-106.52461215530009, 31.88572948290017], [-106.52466919832382, 31.885587482329992], [-106.52459863379416, 31.8855779783014], [-106.5244545490889, 31.88570176737022], [-106.52430455065476, 31.885939559298084], [-106.52420564773072, 31.88596181283973], [-106.52412286870543, 31.885858654348016], [-106.52414790131871, 31.885746787569655], [-106.52438049061092, 31.885465844537023], [-106.52470923782714, 31.885206329586875], [-106.52473407944257, 31.885108177963055], [-106.5246677340182, 31.885012673036773], [-106.52474344401426, 31.884977274719304], [-106.52485025467766, 31.88509053191377], [-106.52481331491599, 31.885251726317716], [-106.5245237107375, 31.885470350690284], [-106.52436615323029, 31.885646115524825], [-106.52460412202204, 31.88546932658287], [-106.52477223837761, 31.885547195449405], [-106.52478475569269, 31.885622359297123], [-106.5247198061418, 31.885704439266984], [-106.52481967863804, 31.885777037339764], [-106.52490444568922, 31.885994766754294], [-106.52489170978099, 31.886451583218644], [-106.52499559938317, 31.886556405495217], [-106.52493998275861, 31.886693400851097], [-106.525109187367, 31.88690023386835], [-106.52511902433059, 31.887107882761068], [-106.52501820074158, 31.8871661079976], [-106.52506430457608, 31.887438545865773], [-106.52540092406433, 31.887622448923207], [-106.52541405105607, 31.88779479085307], [-106.52528338172152, 31.88780752559571], [-106.5251951744905, 31.88772388035784], [-106.5251060193115, 31.88773454464236], [-106.52493029261977, 31.887631782150923], [-106.52486295523036, 31.887478915233594], [-106.52473569754031, 31.88737962839289], [-106.52465599862572, 31.88702449650967], [-106.52443959353451, 31.88700969566814], [-106.5243256768283, 31.88680572993795], [-106.52407700506555, 31.886964290636758], [-106.52398275337002, 31.886953802253732], [-106.52391578190304, 31.886766748141877], [-106.52390235846848, 31.88696955296438], [-106.52397131010363, 31.887071258111767], [-106.52388562122786, 31.887269074895112], [-106.5236519974732, 31.887434320418063], [-106.52378131704339, 31.887482178691812], [-106.52371931055184, 31.887572255701585], [-106.5237472637055, 31.887672752684157], [-106.52363888149966, 31.887874716430225], [-106.52380278495825, 31.887993968216463], [-106.52387863318016, 31.888256265600305], [-106.52386995825005, 31.888420919602414], [-106.52404415534865, 31.88865774420764], [-106.5241328375874, 31.888976543933154], [-106.52411664535441, 31.889181924798994], [-106.52401193150035, 31.88920707207525], [-106.52397667816719, 31.889136267264313], [-106.52378972270634, 31.88952914663742], [-106.52344117925875, 31.889956804772698], [-106.52284444954398, 31.89009217681885], [-106.52268778412541, 31.890045246810185]], [[-106.52311727237641, 31.889963372107196], [-106.52338437514882, 31.889868588632165], [-106.52369352347303, 31.88948385107832], [-106.52397607541168, 31.888872184353264], [-106.52393954334565, 31.888691194588738], [-106.52376159111182, 31.8884467521889], [-106.52377096827615, 31.888276095500203], [-106.52369738261872, 31.888028470117916], [-106.52360333553975, 31.88796529333625], [-106.5234979942449, 31.887977215091013], [-106.52344243328211, 31.887914135867824], [-106.52357369703032, 31.887797160304732], [-106.52363685986344, 31.88765817362778], [-106.5236083221543, 31.887542290948645], [-106.52350335503083, 31.887516420284857], [-106.5235187941179, 31.887411029671316], [-106.52379447049717, 31.887213421090987], [-106.52380721833359, 31.887163376928367], [-106.52374500783185, 31.887128528222913], [-106.5234357445128, 31.887141964252905], [-106.52321732619302, 31.887225659457812], [-106.52309218330115, 31.887472368557816], [-106.5224895164508, 31.887863100575046], [-106.52197029524724, 31.888575787540404], [-106.52194105497135, 31.888772057645696], [-106.5219811530951, 31.88883408748374], [-106.52191730935816, 31.888963630636994], [-106.52192531443897, 31.88907224746685], [-106.52199934269936, 31.889299966188197], [-106.52229359718602, 31.889672842454345], [-106.52275995432925, 31.889974202004858], [-106.52311727237641, 31.889963372107196]], [[-106.52507301976675, 31.887607772741337], [-106.52526241258225, 31.887647131082424], [-106.52530935361158, 31.887709629497316], [-106.52527453587751, 31.88763947873442], [-106.52500590938878, 31.887518108878073], [-106.52507301976675, 31.887607772741337]], [[-106.52424766084985, 31.885787767555712], [-106.52432522188639, 31.885736569188392], [-106.52434499870677, 31.885697098332034], [-106.52429131915021, 31.885737537751172], [-106.52424766084985, 31.885787767555712]]]}}, {"type": "Feature", "properties": {"name": "FMSP Grim Road"}, "geometry": {"type": "Polygon", "coordinates": [[[-106.5274515000311, 31.896653076320778], [-106.52607438578526, 31.895712129045904], [-106.52482582763723, 31.89507050387959], [-106.51736585393084, 31.894041573274258], [-106.51470191268352, 31.894090932426337], [-106.51359958059317, 31.894183327822915], [-106.5126735016195, 31.894318182526085], [-106.51225203903658, 31.89448596562093], [-106.51219153135922, 31.894433567951214], [-106.51263795717509, 31.894229791978113], [-106.51358665793389, 31.89409097747327], [-106.51469879986608, 31.893997830839925], [-106.51737775423962, 31.893948894260838], [-106.52485447316465, 31.894980292853813], [-106.52614020426266, 31.895637742116318], [-106.52750617803615, 31.896571078181456], [-106.5276435809319, 31.896576205208273], [-106.52797041988757, 31.896275150234064], [-106.52789407874938, 31.89582819735118], [-106.52798340227508, 31.895789467105665], [-106.52801722536313, 31.89602191972103], [-106.52809218138646, 31.89617632794209], [-106.52807283022524, 31.896314553208214], [-106.52769983246266, 31.896660554315446], [-106.5274515000311, 31.896653076320778]]]}}, {"type": "Feature", "properties": {"name": "FMSP Fat Tire Loop"}, "geometry": {"type": "Polygon", "coordinates": [[[-106.4727698118083, 31.92860830979501], [-106.47297181415765, 31.928380556295775], [-106.47349575187245, 31.928403315683152], [-106.473700926059, 31.928150664222077], [-106.47373632929524, 31.928021327271626], [-106.47387429547139, 31.92789332729573], [-106.47413508969068, 31.927770835007003], [-106.47424693728092, 31.92776877695122], [-106.47430260694968, 31.927817581475043], [-106.47429183925527, 31.927900822723508], [-106.47409707543113, 31.92805090482207], [-106.47376156796604, 31.928502357352453], [-106.47346556728411, 31.92869327232835], [-106.4733752558851, 31.928707978954904], [-106.47327599176919, 31.92863776441822], [-106.47300644981891, 31.92860705216493], [-106.47292447271099, 31.92866905442881], [-106.47291299038444, 31.928783957760814], [-106.4729826749115, 31.928958565527793], [-106.47294006670815, 31.929055521554712], [-106.47284950746094, 31.92906376483923], [-106.47277614576606, 31.92896644755922], [-106.4727698118083, 31.92860830979501]], [[-106.47339333641669, 31.92861282942879], [-106.47367236370336, 31.92844440827747], [-106.47400851837916, 31.92799620207091], [-106.47416713262533, 31.92786233048669], [-106.47394593556474, 31.927964073682176], [-106.47383057045401, 31.928071514471913], [-106.47380230929228, 31.928188247555994], [-106.47355988334078, 31.928482946421724], [-106.47334486937469, 31.928506700801627], [-106.47303889631563, 31.92846596747057], [-106.47295641460235, 31.92852363589715], [-106.47331190896459, 31.928546772195254], [-106.47339333641669, 31.92861282942879]]]}}, {"type": "Feature", "properties": {"name": "FMSP Grim"}, "geometry": {"type": "Polygon", "coordinates": [[[-106.5257266461418, 31.895497556841942], [-106.5258616278935, 31.895330122716445], [-106.52603164742685, 31.895287977852227], [-106.52611001880892, 31.895324461979058], [-106.52636571149526, 31.895051695857298], [-106.52656742847377, 31.894980391080963], [-106.52666642869394, 31.89488912260669], [-106.527223147317, 31.89481549394914], [-106.52738786446453, 31.894877498125133], [-106.52754860779261, 31.894831376731453], [-106.5279798828698, 31.894923610079452], [-106.52826649882141, 31.89490534525196], [-106.52831544874613, 31.894944521720916], [-106.52827414554879, 31.894996833843145], [-106.52805557051109, 31.894990895839936], [-106.52798772786721, 31.895034734511665], [-106.52754127954475, 31.894926910518166], [-106.52736635478155, 31.894977481584043], [-106.5272168962726, 31.89490866232735], [-106.52671221499179, 31.894978546132876], [-106.52662814692708, 31.895058632424988], [-106.52643296867528, 31.895125788406705], [-106.52615400060535, 31.89541544108657], [-106.5259050647858, 31.895417367339107], [-106.52577987253378, 31.895536463173602], [-106.5257266461418, 31.895497556841942]]]}}, {"type": "Feature", "properties": {"name": "FMSP Hitt Canyon Loop"}, "geometry": {"type": "Polygon", "coordinates": [[[-106.47356221302549, 31.992276221109005], [-106.47361732312507, 31.992237852630133], [-106.47433466966717, 31.992250972507403], [-106.47587709352544, 31.99218027559126], [-106.47684423640023, 31.99201782589655], [-106.47759271060916, 31.991795586833508], [-106.47805630553785, 31.991762079094787], [-106.47873462112557, 31.99154599669167], [-106.4794188048918, 31.991429440513397], [-106.48088094600406, 31.99105135821401], [-106.48164470430778, 31.991080640662013], [-106.48192972568118, 31.990924126914567], [-106.48206105535152, 31.990909483139642], [-106.48261410280949, 31.990939337890023], [-106.48327582468247, 31.991104817877915], [-106.4840313406753, 31.99114943960893], [-106.4844094360389, 31.991396981036278], [-106.48497331277811, 31.991664849816765], [-106.48612822455968, 31.992028013116173], [-106.48661963161476, 31.992058615750693], [-106.48688320878844, 31.9919445447585], [-106.48730065626195, 31.992001256290592], [-106.4875428166307, 31.991945987118104], [-106.48780806961153, 31.99181098207148], [-106.48784756189774, 31.991690813311582], [-106.48816879877761, 31.9913800213289], [-106.488750532816, 31.99113716905907], [-106.48908770677905, 31.990846925054388], [-106.48943776448468, 31.990669332570405], [-106.48971873604624, 31.990629155417334], [-106.49005590153482, 31.990750974900298], [-106.49071515033816, 31.99109806486028], [-106.49116423334281, 31.991005319811787], [-106.49175566149556, 31.990983714768433], [-106.4923087261528, 31.990807707533172], [-106.4929687684658, 31.9909436171118], [-106.49304664034578, 31.990898061329855], [-106.49354450084041, 31.99086106140812], [-106.49372578955631, 31.990640003668183], [-106.49429908221445, 31.990456409694524], [-106.49441755330605, 31.99046224112067], [-106.49498480375739, 31.99015786127863], [-106.49508723094132, 31.990053989899376], [-106.49521732722991, 31.989778802748415], [-106.49520184819798, 31.989623134231927], [-106.49500689764618, 31.989409879041293], [-106.49521755648077, 31.98909485532904], [-106.49520588026793, 31.98887753459158], [-106.4952860934412, 31.98880313761851], [-106.49529152461791, 31.98870436144147], [-106.4952579710348, 31.988266815038234], [-106.49515211248901, 31.98809392684559], [-106.4951393489949, 31.987959157299393], [-106.49519514523479, 31.987804134157177], [-106.49514896735643, 31.987675871475524], [-106.49512803985512, 31.987219289864274], [-106.49502755330722, 31.987060537927352], [-106.49497935776068, 31.986432952648354], [-106.49488755851863, 31.986250251374695], [-106.4948074160422, 31.986397281304818], [-106.4946827982195, 31.986406985731694], [-106.49460822927303, 31.98635671904834], [-106.49463772111832, 31.986204561114185], [-106.49482583124147, 31.985901947156055], [-106.49476636334242, 31.98578521291326], [-106.49425389377882, 31.985803347945744], [-106.49411282058337, 31.985721572021642], [-106.49405913910951, 31.98561255466619], [-106.4941581048115, 31.985382285256588], [-106.4946749726477, 31.98498600810204], [-106.4948754052454, 31.98471227156809], [-106.49483765455298, 31.984629866070712], [-106.49487877624975, 31.984530000458097], [-106.49482158095611, 31.98435582960731], [-106.49483538408006, 31.98412631681493], [-106.49469928842386, 31.98397175591907], [-106.49463791128917, 31.983802931777802], [-106.49465432336224, 31.98371610434393], [-106.4945726251379, 31.983565276305313], [-106.49457377114449, 31.983359235877334], [-106.49428862466856, 31.982863975887817], [-106.49428343321675, 31.98261542732493], [-106.49452272672276, 31.982263565300162], [-106.49452927474192, 31.9820480520825], [-106.49442057194351, 31.98167146508258], [-106.49451495548067, 31.9811588508658], [-106.49445316570956, 31.98079244209465], [-106.49450486748523, 31.980751912571193], [-106.49455799197563, 31.98078035160508], [-106.49462450269397, 31.981162210665524], [-106.49453206093358, 31.981664753640946], [-106.49464206779798, 31.98204172794854], [-106.4946354680518, 31.982278665134427], [-106.49439090726361, 31.982637620695], [-106.49439752651958, 31.982851224626504], [-106.4946773588188, 31.98332854529881], [-106.49468560103938, 31.983535213836113], [-106.4947655106021, 31.983699073168257], [-106.49479736623805, 31.983928509377485], [-106.49495285468159, 31.984108553437796], [-106.49493491128753, 31.98435541283217], [-106.49499048903787, 31.984725031293255], [-106.49476119998144, 31.985046414713008], [-106.49424407638438, 31.985440070835665], [-106.4941730310025, 31.985593838835758], [-106.49428031212115, 31.98571164912356], [-106.4944763430083, 31.985680677513322], [-106.49483912229393, 31.98571013676899], [-106.4949431562934, 31.98592145724725], [-106.49479614141546, 31.986154214707216], [-106.49488181106172, 31.986114549447333], [-106.49501671105206, 31.986208687352903], [-106.49509100378471, 31.986401534747213], [-106.49513740177065, 31.987044643071044], [-106.49523672667037, 31.987199053541776], [-106.49525760352714, 31.987660658526096], [-106.49530659668373, 31.98779720300705], [-106.49525982730904, 31.988072992445822], [-106.495366560879, 31.988250221542657], [-106.49540124673773, 31.988701819195825], [-106.49539097111715, 31.988840932765736], [-106.49531764147673, 31.988904388615953], [-106.49532281022687, 31.98912459146129], [-106.4951257112459, 31.989397636483947], [-106.49530669037034, 31.98959311816283], [-106.49532613239305, 31.98979145752856], [-106.49518389027477, 31.990098130749633], [-106.49504849052482, 31.99023402809965], [-106.4944536534609, 31.990552539577955], [-106.49432521052354, 31.990548144637962], [-106.49378928683767, 31.990716267804803], [-106.49369257123472, 31.99088631152731], [-106.49358666024766, 31.990947567125765], [-106.49307851930581, 31.99098890012332], [-106.49297842847933, 31.99104392261661], [-106.49231903917904, 31.99090191780046], [-106.4917761120204, 31.99107560407279], [-106.49118157923392, 31.99109724368887], [-106.49069991640205, 31.991194250269334], [-106.49000191783112, 31.990832075084946], [-106.4896915841702, 31.990720295339532], [-106.48946895298286, 31.99075874255839], [-106.4891571483348, 31.990919208459097], [-106.48881498166868, 31.991213106200078], [-106.48823876619505, 31.991452618986067], [-106.48794355817513, 31.991738012155594], [-106.48789054803032, 31.991876683080392], [-106.48758316432439, 31.992032793210097], [-106.48730659139525, 31.992095632252838], [-106.48689750499075, 31.99203735888623], [-106.48663956752618, 31.992152395508406], [-106.48610405932217, 31.992119439572225], [-106.48492528717875, 31.991748374022848], [-106.48434644490429, 31.99147312927996], [-106.48399305095364, 31.99123711726437], [-106.48326846629436, 31.99119924541299], [-106.48259241407865, 31.991030698068112], [-106.48206232879951, 31.99100250954547], [-106.4816674656834, 31.99117330232198], [-106.48089807396084, 31.99114381442247], [-106.47944531764301, 31.991519646344653], [-106.47876685315597, 31.99163477762036], [-106.47808118288914, 31.991853034544246], [-106.47761411102192, 31.991887081948416], [-106.47686934270548, 31.99210829357985], [-106.47589240519345, 31.992272382174455], [-106.47433492946048, 31.99234387647609], [-106.47361496184662, 31.992330719471987], [-106.47356221302549, 31.992276221109005]], [[-106.494774255688, 31.986192617019352], [-106.49473876501258, 31.98624056227507], [-106.49471508219804, 31.986313813180928], [-106.49477523625293, 31.986287623474993], [-106.494774255688, 31.986192617019352]]]}}, {"type": "Feature", "properties": {"name": "FMSP C3 Path"}, "geometry": {"type": "Polygon", "coordinates": [[[-106.509623263324, 31.926519661817693], [-106.50937991167265, 31.92650531706991], [-106.50934401233478, 31.926454100146174], [-106.50939700832372, 31.92641500544158], [-106.50965876391513, 31.92642966103945], [-106.5098318759014, 31.92654810403233], [-106.50987686558501, 31.92673535732763], [-106.50982758896286, 31.926923463591418], [-106.50966345366615, 31.927098645581584], [-106.5091059434325, 31.92734559839662], [-106.50908396026263, 31.927288836323303], [-106.50919859801229, 31.92717660898774], [-106.50959705028998, 31.927023279634934], [-106.50972911847718, 31.92688025174787], [-106.50976639063563, 31.92673594674011], [-106.509740354285, 31.926603580082134], [-106.509623263324, 31.926519661817693]]]}}, {"type": "Feature", "properties": {"name": "FMSP Lazy Cow"}, "geometry": {"type": "Polygon", "coordinates": [[[-106.45947019383935, 31.949625747930074], [-106.45951633767272, 31.949477812010638], [-106.45965720386495, 31.949449749117576], [-106.45990633011887, 31.94919068371175], [-106.4598719294888, 31.949059440714905], [-106.45992869956459, 31.948860704307233], [-106.45981922757316, 31.948795426278043], [-106.4597995621359, 31.948733783575516], [-106.45984200162212, 31.94867087087689], [-106.45977406799952, 31.948562673216813], [-106.45988188297673, 31.948298323584115], [-106.45985922948057, 31.948072887109472], [-106.45991817872988, 31.947931538301734], [-106.45980102385872, 31.94781320890522], [-106.4597128986601, 31.9475565613909], [-106.45966879335869, 31.947307620914703], [-106.45971332989835, 31.94712977149479], [-106.45942817007364, 31.947014325878925], [-106.4591094822618, 31.947043022432425], [-106.45871372794134, 31.947172868432364], [-106.45857433632831, 31.9473443765213], [-106.45848259304407, 31.947338387263002], [-106.45836014040434, 31.947218160166777], [-106.45823797251381, 31.947197728400507], [-106.45676059212781, 31.947131688410593], [-106.45637603319108, 31.946933725850315], [-106.45634492992507, 31.94683365866028], [-106.45548138089879, 31.946537719785134], [-106.45490608840238, 31.94657437810522], [-106.45440572948444, 31.946404066789142], [-106.45330851604838, 31.946221594245902], [-106.4497769783603, 31.946429838840942], [-106.44937910379207, 31.9424564599793], [-106.44929589310311, 31.94238546486472], [-106.44544283686356, 31.942407309684775], [-106.44539109498163, 31.942345182373746], [-106.44544228806042, 31.94231437228371], [-106.44931832864489, 31.942292397129233], [-106.449470935111, 31.942403016714245], [-106.44985108222818, 31.946338349730944], [-106.45331859622958, 31.94612891377916], [-106.45443249227611, 31.9463134263875], [-106.45492312400339, 31.946480914156187], [-106.4555082475549, 31.946447278127255], [-106.45642090844896, 31.94675676959159], [-106.45646014474389, 31.94687095481175], [-106.4567796164848, 31.94703889310425], [-106.45825366888482, 31.947105524545474], [-106.45842379032861, 31.94713755350351], [-106.45852910007147, 31.947251463310227], [-106.45865944170937, 31.947086349096022], [-106.4590872834792, 31.946950632609717], [-106.4594449238848, 31.946922090294084], [-106.45981694532786, 31.947076231901754], [-106.45977899919502, 31.947311489395588], [-106.45982410517556, 31.947535655866147], [-106.45989562956663, 31.94776480043895], [-106.46002819952837, 31.94792836352124], [-106.4599686260528, 31.948080183463873], [-106.45999054296936, 31.948312255418518], [-106.4598851400304, 31.948547748630887], [-106.45995179729863, 31.948658821166596], [-106.45992144050099, 31.94874524694968], [-106.46003535217854, 31.948830128647327], [-106.46003328209568, 31.948998529348383], [-106.459981890185, 31.949067657053202], [-106.4600170223433, 31.949203023773865], [-106.45976798664587, 31.94948878472004], [-106.45960719241218, 31.949544613084008], [-106.45955092491789, 31.9496894602179], [-106.45933609817868, 31.949797100319113], [-106.45910351713452, 31.95021398951676], [-106.45906463293306, 31.950363578331174], [-106.45909058914826, 31.95051140624898], [-106.45896752001741, 31.950595239205505], [-106.45879036090915, 31.950942058846497], [-106.45874384539096, 31.951135877781613], [-106.45849072678281, 31.951465343500224], [-106.45851560904673, 31.951694867050964], [-106.45840587573731, 31.95180480893415], [-106.45839071863051, 31.952019684211702], [-106.45850229741164, 31.95238559772786], [-106.45835926210025, 31.952493945190525], [-106.4584002504857, 31.952773346828103], [-106.45820460100421, 31.953494533310145], [-106.45820400386187, 31.953871314981185], [-106.45812012346225, 31.954095781249233], [-106.45808631964604, 31.954687342706606], [-106.45818062454586, 31.954986572610405], [-106.45815283168191, 31.9551771392658], [-106.45822227061383, 31.955303296145466], [-106.45816812097621, 31.955708334014187], [-106.4582522930131, 31.955861369765376], [-106.45824779313178, 31.956261900306533], [-106.45838673334647, 31.956518867641044], [-106.4583802382624, 31.956625607995708], [-106.45830427776045, 31.956974454058297], [-106.45818426328893, 31.957091951023536], [-106.458186931951, 31.95728952554361], [-106.45794132713019, 31.957987172241005], [-106.45799109341638, 31.958079552134727], [-106.45797473200857, 31.958177930207828], [-106.45778863393156, 31.95839539369072], [-106.4577584836206, 31.95896953530146], [-106.4575542113928, 31.959379715123507], [-106.45738254415672, 31.959614653015453], [-106.45736563556366, 31.95982728237729], [-106.45730480094453, 31.95985727548525], [-106.45726024299793, 31.95981975009984], [-106.45727562056136, 31.959591745379846], [-106.45765225318296, 31.958946708978484], [-106.45768200946954, 31.958370679795483], [-106.45787033893653, 31.95814665820807], [-106.45782987138668, 31.95797058503822], [-106.45807843745742, 31.957270206856933], [-106.45808247248782, 31.957053970006715], [-106.45820219838394, 31.95693869482642], [-106.45827175963821, 31.95661203466675], [-106.45827749643547, 31.95653658524821], [-106.45813738305692, 31.956277031000816], [-106.45814345048902, 31.955876447085313], [-106.45805723975771, 31.955716200930393], [-106.45811289660018, 31.95532249701423], [-106.45804528044265, 31.955194880544497], [-106.45807169772733, 31.955003790517257], [-106.45798955164227, 31.95483837732824], [-106.45797649933094, 31.954686512443363], [-106.45801063818003, 31.954081814435398], [-106.45809491368571, 31.9538627197491], [-106.45809572484315, 31.95348243436459], [-106.4582913181686, 31.95275989176654], [-106.45824534432819, 31.952480684499253], [-106.45838606310708, 31.95236558693496], [-106.45828116859964, 31.95203399536518], [-106.45828647023124, 31.95183630454741], [-106.45832369573922, 31.951726450245225], [-106.45840728588645, 31.951666260041815], [-106.45838497899665, 31.951434396573152], [-106.45864416984443, 31.951091513131328], [-106.45886675129144, 31.950544741572262], [-106.45898205059412, 31.950489814565966], [-106.45895456325896, 31.950357497884305], [-106.45903157263318, 31.950110372640516], [-106.45917520329877, 31.949928258195698], [-106.45924922724896, 31.949737158765416], [-106.45947019383935, 31.949625747930074]]]}}, {"type": "Feature", "properties": {"name": "FMSP Lazy Cow II"}, "geometry": {"type": "Polygon", "coordinates": [[[-106.45361873427235, 31.942176169948013], [-106.453888148139, 31.942004203276078], [-106.45403867343822, 31.942094967105582], [-106.45444061518648, 31.942054725521484], [-106.45457833951168, 31.94212851693994], [-106.45470145866837, 31.941967298536532], [-106.45481297393988, 31.941919917596312], [-106.45535287598749, 31.941851767643165], [-106.45546117299449, 31.94185148388073], [-106.45570695586122, 31.94199654278966], [-106.45598644260703, 31.942068235706323], [-106.45612013017906, 31.941961097183736], [-106.45626330463098, 31.94191853541576], [-106.45690594027218, 31.94187813653727], [-106.45716262035315, 31.94200594549628], [-106.45755160101714, 31.94201897042591], [-106.45801887069639, 31.941875856972924], [-106.45829896427618, 31.94187365274477], [-106.45819362396202, 31.941785322861104], [-106.4582789966839, 31.941629132159072], [-106.45826834222152, 31.941554123748784], [-106.45812159655317, 31.941570897307365], [-106.45791938972795, 31.94140772445132], [-106.45780500826133, 31.941398120010092], [-106.45771677207128, 31.941325385674507], [-106.45770876019346, 31.94120505887666], [-106.45782200360509, 31.94090168648325], [-106.45823552824149, 31.94082639171172], [-106.45825560790819, 31.940768315462336], [-106.45817096463297, 31.94051399038134], [-106.45798780802323, 31.940245940354806], [-106.45808073688622, 31.940037548476475], [-106.45764161685219, 31.939926420136977], [-106.45761847543103, 31.939675934329774], [-106.45766896971152, 31.939605965484564], [-106.45797171728879, 31.939453279020398], [-106.45813740213792, 31.939239950933395], [-106.4582502556896, 31.939245764633675], [-106.45835365022782, 31.93935130952181], [-106.45842907209253, 31.939339681707253], [-106.45843490222842, 31.939246655357874], [-106.45876898790488, 31.938887113846217], [-106.4588046259613, 31.938784980098756], [-106.45903527066342, 31.938633086138434], [-106.45894595534196, 31.93844521139411], [-106.45896394857354, 31.93827569707966], [-106.4591177907132, 31.938158297375384], [-106.45918519807188, 31.93800038038013], [-106.45942961208426, 31.93798091826977], [-106.45952462185507, 31.937664727110764], [-106.45975715279098, 31.93750176422697], [-106.45970903396551, 31.937281498638683], [-106.45946179303527, 31.93698829858414], [-106.45954644765513, 31.93674060272944], [-106.45917740566891, 31.936525187495548], [-106.45922433729099, 31.93643398294035], [-106.45942735085772, 31.93638289320344], [-106.45943341872257, 31.936435872922555], [-106.45936022674165, 31.936500896103325], [-106.45965323902095, 31.936700478489016], [-106.4595660032134, 31.936955087415726], [-106.4598114698879, 31.937243865011627], [-106.45986242138379, 31.93753244418957], [-106.45961615686079, 31.937723286853352], [-106.4595215633647, 31.9380415986607], [-106.4594207766431, 31.938083990130583], [-106.45925721165399, 31.93807137802721], [-106.45921494035537, 31.938206033590877], [-106.45906069220206, 31.938329226133785], [-106.45905455496884, 31.938426883711784], [-106.45915183201126, 31.938649105090818], [-106.45889382601585, 31.93883915889325], [-106.45886477705608, 31.93895273170743], [-106.45853135056086, 31.93929347684143], [-106.4585376820612, 31.93938196289676], [-106.45838135728984, 31.939449652920977], [-106.45819681717728, 31.939344075925945], [-106.45804734933996, 31.939522194939947], [-106.45772984628867, 31.939695064945273], [-106.45772970095533, 31.93986354111506], [-106.4581248554051, 31.939944443152008], [-106.45819103240085, 31.94001478481775], [-106.4580995381627, 31.940224096237948], [-106.45827317148441, 31.940476779915414], [-106.45836630223573, 31.94075658759208], [-106.45835340796842, 31.94084010781041], [-106.45828613496144, 31.94091049585181], [-106.4579035773322, 31.940966647604476], [-106.4578190126495, 31.94126288416471], [-106.45785025921083, 31.94131190781088], [-106.4579726258795, 31.941324858148846], [-106.45815577414831, 31.941480730459404], [-106.45830303965302, 31.94145787712665], [-106.4583716671078, 31.941514753302105], [-106.4583932159291, 31.94162660419759], [-106.45830120894705, 31.94175563229353], [-106.45842162613565, 31.941856344083902], [-106.45837776141789, 31.941941836303382], [-106.45818690704766, 31.941994087196015], [-106.4580431317604, 31.941967185975386], [-106.45755269135744, 31.94211199525664], [-106.45714758034579, 31.942099260742996], [-106.45688969892653, 31.941974967796835], [-106.45627562317019, 31.9420111553274], [-106.45598164339538, 31.942165946007293], [-106.45566208261943, 31.942082067368588], [-106.45542703895052, 31.94194274117753], [-106.45523121439908, 31.941951112101997], [-106.45477790170807, 31.94203586071007], [-106.45466476072127, 31.942194772501544], [-106.4545865924014, 31.942223024065218], [-106.45442515850762, 31.942151832154583], [-106.45400660472686, 31.942187068620136], [-106.45388645195352, 31.942100786565174], [-106.45372650323404, 31.94220735149796], [-106.45369484765111, 31.94247102641289], [-106.45376707261029, 31.942581972366646], [-106.45367339528217, 31.943130253792535], [-106.45373134515852, 31.94318919699432], [-106.45374486593126, 31.94336803927031], [-106.45397923338084, 31.943733974450385], [-106.45401900108631, 31.943924137248885], [-106.4542804999045, 31.944092986980944], [-106.45422206836028, 31.944392452832023], [-106.4543295018566, 31.944522630742085], [-106.45442169108401, 31.944759100018846], [-106.4545955119645, 31.94487073906858], [-106.45438544939655, 31.945362037606788], [-106.45431545752032, 31.945685700630627], [-106.45388523779158, 31.946292331552137], [-106.45383428012038, 31.946229765129644], [-106.45421164471882, 31.945654365610608], [-106.45428109826013, 31.945333220633856], [-106.45447553599998, 31.94489366326893], [-106.45433107259157, 31.9448153064016], [-106.45423037086915, 31.944562469779793], [-106.45411112673125, 31.94442710409274], [-106.45417412033787, 31.944134689357654], [-106.4539212505656, 31.943974758594077], [-106.45387522292766, 31.943764674232547], [-106.45364007229058, 31.94339923821447], [-106.45362440409212, 31.943219549296714], [-106.45356047092119, 31.94315358056795], [-106.4536561416077, 31.942589283753243], [-106.45357799743702, 31.942471712762334], [-106.45361873427235, 31.942176169948013]]]}}, {"type": "Feature", "properties": {"name": "FMSP Javalina Spring"}, "geometry": {"type": "Polygon", "coordinates": [[[-106.48299832500231, 31.92249577361717], [-106.48256627450067, 31.92243058122097], [-106.48205638297578, 31.922495825356616], [-106.4818874880761, 31.92256866097393], [-106.48084855035532, 31.92371758239775], [-106.48077781042899, 31.923886455900824], [-106.48029506438053, 31.924129946974887], [-106.4790782188567, 31.925222907210628], [-106.47796631524317, 31.925772964205404], [-106.4778988372154, 31.925755928882012], [-106.47791436347684, 31.9256915337165], [-106.47842981588852, 31.92540268539943], [-106.47901482579715, 31.925146557574653], [-106.48022161499452, 31.92406052649991], [-106.48069329439429, 31.923826010778207], [-106.48075610487827, 31.923667040993394], [-106.48182024000349, 31.922493942226613], [-106.48202276958087, 31.92240671903854], [-106.48255884108458, 31.922337522791434], [-106.4830377459497, 31.92240730524431], [-106.48323966129348, 31.922611621242773], [-106.48320756352857, 31.923377719914246], [-106.48256236050139, 31.92446504584481], [-106.48243490902054, 31.9257862349929], [-106.48224857785874, 31.926282643432195], [-106.48227805040777, 31.926527963450106], [-106.48240283120012, 31.926654917357773], [-106.4823906716097, 31.926713758134586], [-106.48232028500054, 31.926713831213494], [-106.48217484982489, 31.926565037841563], [-106.48213899072452, 31.926269756710813], [-106.4823265920248, 31.925769927147236], [-106.48245602854448, 31.924439714005782], [-106.48309915849809, 31.923361543566624], [-106.483131139976, 31.92263624532397], [-106.48299832500231, 31.92249577361717]]]}}, {"type": "Feature", "properties": {"name": "FMSP Los Pueblos Water Tank"}, "geometry": {"type": "Polygon", "coordinates": [[[-106.51023472391793, 31.862426038933492], [-106.51029836252823, 31.86247888798762], [-106.5102606157133, 31.862845792084975], [-106.51018170614752, 31.863058515253016], [-106.51011314449572, 31.863215459482998], [-106.5098759077575, 31.86341882510098], [-106.5096826410717, 31.863768842332856], [-106.5097333618935, 31.86438514415268], [-106.50906943989412, 31.864751282022397], [-106.50701426129136, 31.866080309009618], [-106.50694040603823, 31.866074440607214], [-106.50694791210385, 31.866006304027827], [-106.50900481155936, 31.864676163136572], [-106.5096340021655, 31.864332101674776], [-106.50957387793189, 31.863752600047796], [-106.50978746628329, 31.86336313237831], [-106.510021674122, 31.863162363134546], [-106.5101523642941, 31.86282934472951], [-106.51019010374549, 31.862464796384348], [-106.51023472391793, 31.862426038933492]]]}}, {"type": "Feature", "properties": {"name": "FMSP Ranger Peak Loop"}, "geometry": {"type": "Polygon", "coordinates": [[[-106.48408876494958, 31.809053101951893], [-106.48418549653252, 31.80894622704028], [-106.48427839026607, 31.808968947458276], [-106.4844552853942, 31.808889097855772], [-106.48465286849243, 31.808708065082538], [-106.4847228023412, 31.808726650739732], [-106.48475084146611, 31.808846639766212], [-106.48485483668804, 31.80872103000049], [-106.48493949051822, 31.808753267836437], [-106.48518162386848, 31.808507809709763], [-106.48532545586426, 31.808173407267784], [-106.48527494211062, 31.807995011730146], [-106.48512188784319, 31.8077993861036], [-106.48508108075707, 31.80762133608262], [-106.48490815757032, 31.807378816157005], [-106.48496944365952, 31.80724532553357], [-106.48499782232093, 31.806778301362467], [-106.48505736477564, 31.806742882932753], [-106.48513873041558, 31.806795695687462], [-106.48530877498625, 31.807040761648945], [-106.48543564721302, 31.806722571507322], [-106.48522827239776, 31.806291927462144], [-106.48525429837564, 31.80623940766263], [-106.48589146841054, 31.806434555286497], [-106.48597885320872, 31.80635083961393], [-106.48573877642794, 31.806025329762214], [-106.48558274395604, 31.80592012665356], [-106.48546563350959, 31.805515136780034], [-106.48495325222953, 31.805088087395045], [-106.48448686466267, 31.804535668506883], [-106.48438292424348, 31.804161158752542], [-106.48408485007974, 31.803945810375833], [-106.48375195700788, 31.803242082007895], [-106.48371004656269, 31.803302625663548], [-106.48350170373475, 31.803350920495635], [-106.4834557519038, 31.803453750965947], [-106.48309972375927, 31.80356469046123], [-106.48297689682677, 31.803670633213585], [-106.48270736893754, 31.80377393812526], [-106.48261624865569, 31.803878751859944], [-106.48250113898538, 31.804212138592536], [-106.48209021352332, 31.80435238077841], [-106.4817137172553, 31.80441442837094], [-106.48117743691301, 31.804266157000345], [-106.4813674630703, 31.804475470692143], [-106.48127025966814, 31.804700799370128], [-106.48130042086201, 31.804806744564413], [-106.48144244846368, 31.804928633650118], [-106.48196750928426, 31.80505340089939], [-106.48225480014467, 31.804976709760766], [-106.48260332907712, 31.80515339801377], [-106.4828406579769, 31.805179650867505], [-106.48297536793591, 31.8050963034392], [-106.48310207627404, 31.805120231124416], [-106.48308624954035, 31.805181819165945], [-106.4828652824462, 31.805276728247442], [-106.48256801051116, 31.805243050295328], [-106.48235690809719, 31.80512680457205], [-106.48195011745277, 31.80514765727573], [-106.48142054314873, 31.8050287369374], [-106.48120005443349, 31.80484816552136], [-106.48115646556558, 31.80464251640577], [-106.48124168098549, 31.80450040267875], [-106.48110077516468, 31.804357416498842], [-106.48104804276615, 31.804228824444156], [-106.48119727463582, 31.80417216344031], [-106.48171368923168, 31.804320990259843], [-106.48243254831607, 31.804134727228966], [-106.48251664562557, 31.803839667400325], [-106.48263575863118, 31.80370144247701], [-106.48292370832722, 31.803585995415897], [-106.48304183371343, 31.803484624043616], [-106.48338057769685, 31.803380071495205], [-106.48341753696106, 31.803289446189485], [-106.4836409942909, 31.80322802708261], [-106.4837086996894, 31.80314325484532], [-106.48386847461586, 31.803207729560565], [-106.48417670449619, 31.803893436518447], [-106.48448612125712, 31.804117571745472], [-106.48458572389266, 31.80449340608916], [-106.48503819722806, 31.805029113272173], [-106.48555968012349, 31.80546413687703], [-106.48567982355894, 31.80587054556011], [-106.48584080340164, 31.805979225426913], [-106.48609463690507, 31.806366877095712], [-106.48601596953037, 31.806446290296908], [-106.48601719971506, 31.806505949967136], [-106.48593520790182, 31.80653826421673], [-106.48539945638355, 31.80637743802999], [-106.48554841037192, 31.8067285740753], [-106.48534583505875, 31.807181775982475], [-106.48526981972556, 31.80716767962227], [-106.48508896033876, 31.806888011530233], [-106.48508228030263, 31.807269438286887], [-106.485018128397, 31.807362923142094], [-106.4851810199583, 31.807580684001195], [-106.48522590706531, 31.80776801452227], [-106.48537642032954, 31.80795748305754], [-106.48543732663228, 31.80817299098981], [-106.48527396153301, 31.808559433221262], [-106.48495232129414, 31.80888874224054], [-106.48487828902974, 31.80886270977961], [-106.48478759953832, 31.808943914533327], [-106.48469612978779, 31.808941843219507], [-106.48463816993521, 31.80883375206105], [-106.48452187381267, 31.808963250147155], [-106.48430885971261, 31.809065932372505], [-106.48422273031305, 31.809049110401382], [-106.48413816973293, 31.80910756059722], [-106.48408876494958, 31.809053101951893]]]}}, {"type": "Feature", "properties": {"name": "FMSP Ranger Peak Loop Part II"}, "geometry": {"type": "Polygon", "coordinates": [[[-106.4821994573374, 31.8050235787875], [-106.48263886061866, 31.80555630921488], [-106.48337060172182, 31.805851837482553], [-106.48366262178769, 31.80614521485816], [-106.48375946014008, 31.80632876246406], [-106.48413060136254, 31.807218764183048], [-106.4839508297627, 31.807771633636523], [-106.48416804949504, 31.80802310351514], [-106.48421408005817, 31.808275082579417], [-106.48413171502007, 31.809099704234], [-106.4840509820104, 31.80906276906894], [-106.48410475240641, 31.808286624041866], [-106.48406568889298, 31.808061091432492], [-106.48383626392263, 31.807782607185988], [-106.4840203673622, 31.807224378563863], [-106.4836583790005, 31.806364642311877], [-106.48357135067516, 31.8061969437976], [-106.48330536869369, 31.80592741236367], [-106.48256046524074, 31.80562190127429], [-106.48216507373928, 31.805152694428877], [-106.48215621785403, 31.805056909237226], [-106.4821994573374, 31.8050235787875]]]}}, {"type": "Feature", "properties": {"name": "FMSP Fence Line Road"}, "geometry": {"type": "Polygon", "coordinates": [[[-106.45076695010017, 31.930132978447045], [-106.45082958663905, 31.93016747925177], [-106.4509309215913, 31.93089237094978], [-106.45101196600027, 31.931064349968658], [-106.45098323792317, 31.931289462446824], [-106.45129759373795, 31.93344974224829], [-106.452782712139, 31.942268918744023], [-106.45338260083876, 31.94616153590795], [-106.45333986224925, 31.946212981538455], [-106.45327400266146, 31.946173586560093], [-106.45183846314023, 31.937162423900737], [-106.45118898050613, 31.93346171055084], [-106.45087373562181, 31.93129532119816], [-106.45090172657122, 31.931079922472836], [-106.45082299025363, 31.93090870821565], [-106.45074373504268, 31.930418961924957], [-106.45072189857937, 31.930174772949933], [-106.45076695010017, 31.930132978447045]]]}}, {"type": "Feature", "properties": {"name": "FMSP Lower Foothills"}, "geometry": {"type": "Polygon", "coordinates": [[[-106.53396538603067, 31.986659407168652], [-106.53348062251752, 31.986624862644447], [-106.53341448139673, 31.986566292817134], [-106.53340827384932, 31.986233384888035], [-106.53315625729904, 31.98608981300211], [-106.533098557163, 31.985964552807765], [-106.53309372805384, 31.985866917146254], [-106.53315502722158, 31.985805925793642], [-106.53309801938904, 31.985649046325776], [-106.53321146228751, 31.985453301223668], [-106.53323493363246, 31.98530997209247], [-106.53304937943983, 31.985182422824117], [-106.53300272448367, 31.985042918977754], [-106.53319055371489, 31.984565690403933], [-106.5333314200342, 31.98439328191161], [-106.53317691981225, 31.984298329647864], [-106.5331838762558, 31.98413006739422], [-106.5332980175456, 31.983953952381004], [-106.53318757204136, 31.983697875520697], [-106.5332239854293, 31.98344354027453], [-106.53311324452241, 31.98332085189133], [-106.53300847309049, 31.983044419580416], [-106.53308232065811, 31.982735369904866], [-106.53300937192652, 31.982228224915968], [-106.53312291870527, 31.982107709770784], [-106.53313734427988, 31.981972474949444], [-106.53324398866584, 31.98178810462108], [-106.5332111257497, 31.981406011767856], [-106.53328814455635, 31.98131037104224], [-106.53337744566, 31.98093884941107], [-106.53353741790394, 31.98071530858187], [-106.53347659695405, 31.980457258102962], [-106.5333640452408, 31.980334585875138], [-106.53368114936004, 31.980113302641147], [-106.53366565824284, 31.97993508755873], [-106.5337405315742, 31.979837678579965], [-106.53365015151071, 31.979218027452188], [-106.53329645482879, 31.979095576082788], [-106.53305892518583, 31.979070525643404], [-106.53290774557351, 31.97894408771569], [-106.53300617966973, 31.97883410823302], [-106.53302182237898, 31.978575376161974], [-106.53351026322899, 31.97803843415203], [-106.53358499714516, 31.978011635973008], [-106.53358640259155, 31.977930041575668], [-106.53369049664839, 31.977787855227316], [-106.53368847433633, 31.977751908940927], [-106.5335334112917, 31.97770518424173], [-106.5335863908176, 31.977565725290884], [-106.5336229113269, 31.976944236379218], [-106.5334746138562, 31.976809131870656], [-106.53341622665684, 31.97656063236982], [-106.5335798562835, 31.97608457735248], [-106.53357775244004, 31.975697372922014], [-106.53364653444822, 31.975495754807913], [-106.53347779243995, 31.97539459428083], [-106.53361200341485, 31.975275701992192], [-106.5336163940541, 31.975174211738988], [-106.53338594496302, 31.97482350357699], [-106.53314156556888, 31.97456061982895], [-106.5330767380851, 31.974309888526275], [-106.53291963874607, 31.974035892477776], [-106.53300441793395, 31.973908172460376], [-106.53327669792935, 31.97389798347966], [-106.5335624385133, 31.973667275998523], [-106.53359407425002, 31.97335056258193], [-106.53343270461205, 31.97298268662988], [-106.53341691197065, 31.972769481460595], [-106.53352807912994, 31.972512381199756], [-106.53340518415132, 31.97226672673453], [-106.53354002996191, 31.97198769704973], [-106.5334801719856, 31.971889651184156], [-106.53352041349238, 31.971511618418024], [-106.5332038380013, 31.970977094631067], [-106.53312902867557, 31.97064155912957], [-106.5331733071922, 31.970356763275305], [-106.5332397051709, 31.97030053221958], [-106.53344799435676, 31.970262068513264], [-106.53349627759108, 31.970041901422757], [-106.53325972372063, 31.96971579629072], [-106.53308203329995, 31.969574861538536], [-106.53295052368146, 31.9692525087945], [-106.5326598282041, 31.969041277027085], [-106.53233078782769, 31.9686652826918], [-106.53235222718158, 31.96845733929851], [-106.5320396404449, 31.96808228414491], [-106.53175699111752, 31.968005259501705], [-106.53162264177891, 31.96791835334975], [-106.53144235491689, 31.96765472432781], [-106.53143458064947, 31.967351699793287], [-106.53124585015681, 31.967212646108496], [-106.53114605902151, 31.967053919485203], [-106.53064429046678, 31.96674489613077], [-106.53060094337292, 31.96663268932796], [-106.53023463104192, 31.966493561235783], [-106.53000845611625, 31.96627718779859], [-106.52966090007018, 31.966270681902426], [-106.5295350763491, 31.96621761910769], [-106.52936418666395, 31.96605108270827], [-106.5292929583314, 31.965859145997303], [-106.52938685658447, 31.965543015632036], [-106.52985268936392, 31.964658332798336], [-106.5299980556239, 31.964480372358473], [-106.53020540049948, 31.964328552135964], [-106.5302700960711, 31.96414641187864], [-106.53075814279981, 31.96366299562243], [-106.53097848225757, 31.963346147672436], [-106.5310001270225, 31.963116403429947], [-106.53110550162707, 31.96304597995523], [-106.53111617663728, 31.962728556465116], [-106.53124883849702, 31.962549944431952], [-106.53113420990772, 31.962476514586378], [-106.53111000218694, 31.962368472924577], [-106.53102871072264, 31.962295603224135], [-106.5309969737868, 31.962122864408407], [-106.53126978457432, 31.962008260315862], [-106.53143087306988, 31.96183730953624], [-106.53158306005601, 31.961773355802446], [-106.5316710180308, 31.961616221400327], [-106.53183765190674, 31.961467545684485], [-106.53184403682155, 31.961226777171397], [-106.53199610501655, 31.961121720140937], [-106.5321047192386, 31.960918543106583], [-106.53198467844678, 31.96083071202132], [-106.53202210866468, 31.960707700386326], [-106.53251401263509, 31.960215276938143], [-106.53258142287571, 31.960078095409997], [-106.5328229928373, 31.959844439934205], [-106.53283880302602, 31.959759360936538], [-106.53246248410181, 31.959510021153676], [-106.53224220464388, 31.959132354674562], [-106.53179844747426, 31.958717482502472], [-106.53177453418424, 31.958399298607574], [-106.53145284770922, 31.957944741750964], [-106.53148855132494, 31.957867077146062], [-106.53158097859608, 31.957830081899925], [-106.53195776235803, 31.95783572968288], [-106.5320009040755, 31.957790272982695], [-106.53197451439148, 31.957663973100374], [-106.53172614060398, 31.95714809757572], [-106.5314019757208, 31.95702465180999], [-106.53126877009929, 31.95683377576948], [-106.5311187888722, 31.956410255942345], [-106.53082494183967, 31.95603920406858], [-106.53043353749254, 31.955720396546372], [-106.52988699909336, 31.955418481251684], [-106.52913571705193, 31.955307825163757], [-106.52851537034806, 31.954955028695863], [-106.52839094020295, 31.954616610410426], [-106.52841988969644, 31.954254146394945], [-106.52838098864878, 31.953528004443456], [-106.52843518118854, 31.953377233229098], [-106.52825212128907, 31.953288600414485], [-106.52781861580894, 31.95321505106617], [-106.52748642728788, 31.95287696015617], [-106.52572480864097, 31.952301574398543], [-106.52524430923134, 31.951567232462953], [-106.52500272602595, 31.951299111757027], [-106.52498146224887, 31.951013677071], [-106.52482011644162, 31.950738644206613], [-106.52464089494445, 31.950675907469044], [-106.5244200320518, 31.950418434825128], [-106.52450605317263, 31.950030926158036], [-106.52439588946993, 31.94973315880485], [-106.52444484291053, 31.949398190911555], [-106.52430256007086, 31.949027321090263], [-106.52430359527276, 31.948764125226162], [-106.52436923395481, 31.948588179918442], [-106.52419264073079, 31.94819183925636], [-106.52417230230057, 31.948029812505677], [-106.5242408255867, 31.947848289549423], [-106.5241341388483, 31.947683144744285], [-106.52415625008214, 31.94759256699588], [-106.52409603239443, 31.94749850821637], [-106.52431464153256, 31.94710102618131], [-106.5247886879504, 31.94684892719594], [-106.52481801562864, 31.94675277924389], [-106.52478694476873, 31.946635770124473], [-106.52491988981272, 31.946283098470477], [-106.52516950593464, 31.946135958441225], [-106.52538604463847, 31.946130542034], [-106.5255422508978, 31.946069360584453], [-106.5260992039332, 31.946194302529005], [-106.5263632079304, 31.945932652509818], [-106.52694262352003, 31.945790042450223], [-106.52724778762912, 31.945590947829324], [-106.52728621716474, 31.945466819037474], [-106.52740891866594, 31.94532997258408], [-106.52799477851809, 31.945157465007025], [-106.52889469036181, 31.945059474798466], [-106.52898232947531, 31.944902123213872], [-106.52898084005082, 31.94481202244946], [-106.52875837385525, 31.944698339994208], [-106.52789545386149, 31.944675380127393], [-106.52772772939187, 31.94461034665122], [-106.52759642496277, 31.94447883626792], [-106.52763709744711, 31.944407173190452], [-106.5278703135287, 31.94426563966607], [-106.52828909121678, 31.94415826160881], [-106.52864562922869, 31.943935896987934], [-106.52802422498273, 31.94391812291227], [-106.52721517805973, 31.943652587626453], [-106.52673937827984, 31.943622898565767], [-106.52654814393868, 31.943551848606123], [-106.5264441047323, 31.943303065583926], [-106.52649759531793, 31.94325624919586], [-106.52668579137422, 31.94324633450456], [-106.52718267417687, 31.942988974334888], [-106.52727593646979, 31.94293508352131], [-106.52740791620998, 31.942745072658752], [-106.52754886037884, 31.942699949686755], [-106.52829153780392, 31.94290684539593], [-106.52896566069316, 31.942509542742695], [-106.52926606070771, 31.94221465261361], [-106.52877120205733, 31.941624236550734], [-106.5284171006931, 31.941397455493952], [-106.52793751211046, 31.94124114150884], [-106.52792948097635, 31.94115912031723], [-106.52806306324258, 31.941055909219667], [-106.52829046455845, 31.94103697230057], [-106.52820431605704, 31.940973991528242], [-106.52786284894611, 31.940877745579478], [-106.5275308540199, 31.941028736872752], [-106.52746129807197, 31.94083657991186], [-106.52749249287875, 31.940582329855843], [-106.52743013560467, 31.940498983031805], [-106.52714171945, 31.94031699280112], [-106.52671928884257, 31.94023897983874], [-106.52619146217515, 31.94002067100138], [-106.5261536996133, 31.939939690189068], [-106.52616103032808, 31.9394871845909], [-106.52588777253273, 31.939257836084735], [-106.52532998749147, 31.939016977684393], [-106.52531364609573, 31.93896552035394], [-106.52535551755643, 31.93893559332161], [-106.52565244506697, 31.939020829544273], [-106.52614917406466, 31.93931478202531], [-106.52626825795463, 31.93946130845073], [-106.52626279705773, 31.939928842942553], [-106.52629691111765, 31.93997749538993], [-106.52675673333438, 31.940150449942887], [-106.52719089719845, 31.940233513506172], [-106.52750382784237, 31.940429424578582], [-106.52760024407712, 31.94056402247401], [-106.52759092938511, 31.9409123906535], [-106.52778064625542, 31.940795102718454], [-106.52790878242428, 31.940787082208484], [-106.52809664264224, 31.940826447930093], [-106.5284750170765, 31.94101695141697], [-106.52850796997606, 31.941074669475338], [-106.52847839493559, 31.94114082480844], [-106.52812272584814, 31.94113468403715], [-106.52804269215456, 31.941192437830296], [-106.52841626715481, 31.941291612409582], [-106.52884407065274, 31.94155468471452], [-106.52921510693952, 31.94195215702918], [-106.52937704107158, 31.94221956430212], [-106.52931619234425, 31.942346203296722], [-106.52903835199422, 31.942579473113195], [-106.52833091553713, 31.942994113317397], [-106.52817634302, 31.942987661346724], [-106.52756328126183, 31.942793130888628], [-106.52748580551295, 31.94281480317495], [-106.52736071740922, 31.94299586151861], [-106.5272427543343, 31.943066695475967], [-106.52672786282126, 31.94333243387794], [-106.52656743350323, 31.94335127730985], [-106.52662653926055, 31.943484847766076], [-106.52676837884043, 31.943533042471014], [-106.5272360093831, 31.943560175157273], [-106.52804056436959, 31.94382587799431], [-106.52871987022965, 31.94386205369382], [-106.52875939008433, 31.943957793656427], [-106.52854801020713, 31.944131354132058], [-106.52833008825198, 31.944245270559648], [-106.52792282168956, 31.94434749095846], [-106.52771845186426, 31.94447748908525], [-106.52782273381126, 31.944553636511507], [-106.52803146002094, 31.944601920419007], [-106.52867715425243, 31.944592213490854], [-106.52886104975872, 31.94463164492194], [-106.52908023548524, 31.944766003537644], [-106.52908971056475, 31.944921212659146], [-106.52894448639837, 31.945148290237146], [-106.52801757799709, 31.94524842570864], [-106.52746694452902, 31.945411958351162], [-106.52737066752432, 31.945531453596846], [-106.52736142645473, 31.945630564858643], [-106.52700046124436, 31.94587054763474], [-106.52642880327473, 31.946009328757253], [-106.52613458961085, 31.94628333468075], [-106.52591570278982, 31.94627962613237], [-106.52556492400282, 31.946164804223123], [-106.5254030921056, 31.94622256524524], [-106.52520557977715, 31.94622528045424], [-106.52501479096738, 31.946333249457666], [-106.52489543540965, 31.946650213764762], [-106.52493031853135, 31.946752013733327], [-106.52488713072553, 31.946891236688515], [-106.52477607918647, 31.946993430698], [-106.52440236863019, 31.947158790594912], [-106.52432829009189, 31.94734947804943], [-106.52420770191152, 31.947492359457517], [-106.52427724754313, 31.947587426796215], [-106.52424298177255, 31.947664545480798], [-106.52435218706694, 31.947839710334996], [-106.52428152467152, 31.948039676692783], [-106.52429830040056, 31.948164799864728], [-106.5243668449467, 31.948244825336225], [-106.52448266790803, 31.948597898823692], [-106.52442935748668, 31.94867456375301], [-106.52441212647881, 31.949011146915264], [-106.5245542652955, 31.94938715179158], [-106.52450529649597, 31.949725889856026], [-106.52462349091635, 31.950033714627477], [-106.52452652730067, 31.950395363231273], [-106.5247053926744, 31.950598966637934], [-106.524913137186, 31.95068909204719], [-106.52508563751178, 31.95098414125726], [-106.5251036960562, 31.95125982979894], [-106.5253389195161, 31.951519965063984], [-106.52574370307806, 31.95208446587511], [-106.52580442918949, 31.95223479528945], [-106.52649805979374, 31.95242720348361], [-106.52754226865942, 31.9527961210546], [-106.52787360301743, 31.953133213992103], [-106.5282877899718, 31.95320051205031], [-106.52853771403483, 31.953334189553978], [-106.52849066514646, 31.953535986167733], [-106.52852941476249, 31.954253104369826], [-106.5285005692786, 31.954607441458645], [-106.52860400654002, 31.954898377732402], [-106.5291833583617, 31.955222604417884], [-106.52993508117767, 31.955333943053912], [-106.53050422556974, 31.955648904271282], [-106.53090827229002, 31.955978360827487], [-106.53121467851697, 31.95636491210827], [-106.53137164251886, 31.956794112782106], [-106.53148936481051, 31.956965805639406], [-106.53182215728208, 31.957098233616982], [-106.53207810228, 31.95763334918134], [-106.53210894826219, 31.957815916599177], [-106.53202028360833, 31.95791462790043], [-106.53156636416337, 31.95794987916386], [-106.53187390292555, 31.95835927528943], [-106.53190325524754, 31.95868686177382], [-106.53233169259173, 31.95907850092206], [-106.53254572825159, 31.959449367954026], [-106.53280560907386, 31.95958832591709], [-106.53294589284847, 31.959731958772828], [-106.53291456406792, 31.95989689508573], [-106.5321203558014, 31.960748782576957], [-106.53209494310036, 31.96081424891231], [-106.532220087583, 31.960917672932553], [-106.5320994928604, 31.961159923678025], [-106.53194555142247, 31.961271131411916], [-106.53193816652858, 31.961511405132782], [-106.5317577063309, 31.96167331423182], [-106.5316574672834, 31.96184470541057], [-106.53150529660378, 31.9619064461366], [-106.5313329987536, 31.96208696447047], [-106.53110334332041, 31.962155953243688], [-106.53123482182639, 31.962419840531496], [-106.53134939570833, 31.962491938758728], [-106.53135956300777, 31.9625678678878], [-106.53122044194679, 31.962757877990665], [-106.53121057002292, 31.9630758909677], [-106.53109780043839, 31.96316606393812], [-106.53107873492111, 31.96338573676032], [-106.5308453032956, 31.963720868827757], [-106.53036291591617, 31.964195887509643], [-106.5303005367243, 31.964377784364085], [-106.52994554620989, 31.964707895692705], [-106.52948868383908, 31.965577304252083], [-106.52940409674099, 31.96585592351705], [-106.52946172559736, 31.9660063291136], [-106.52960269795736, 31.966143271590624], [-106.5300690368366, 31.966198030412304], [-106.53030711840039, 31.966423777542886], [-106.53067588252885, 31.966555594560855], [-106.53072725104815, 31.966679570131838], [-106.5312305360449, 31.966993323715695], [-106.53133064876589, 31.967152551501446], [-106.53153763573026, 31.967314593874786], [-106.53154632365491, 31.96762326462068], [-106.53170895697606, 31.96786031196482], [-106.53211564738402, 31.968014545281793], [-106.53238014362674, 31.968312196245027], [-106.53246288670948, 31.968442711771353], [-106.53242838380915, 31.96862163782623], [-106.53273891855517, 31.96897681811913], [-106.5330412334467, 31.969199591018786], [-106.53317614111963, 31.96952533509019], [-106.53344597202937, 31.96977199822177], [-106.5336056479818, 31.970026643146518], [-106.53358699048543, 31.970235259532735], [-106.53353314356364, 31.970322791535196], [-106.53327559879905, 31.97039816079339], [-106.53324145590612, 31.970649536333365], [-106.53330675925073, 31.970944702388092], [-106.53362848725925, 31.97149207263867], [-106.53358932712506, 31.97187296844537], [-106.53365102662833, 31.97198869286396], [-106.53352302805423, 31.972276827260657], [-106.53361905192538, 31.97241552261427], [-106.53364135126962, 31.972581327406246], [-106.53352813650757, 31.972768427752378], [-106.53354117419552, 31.97296238485144], [-106.53370330183155, 31.973341240763634], [-106.53367100872347, 31.973685619999156], [-106.53362503866595, 31.973767167101826], [-106.53332458769633, 31.973983606808762], [-106.53306375741846, 31.973991638960243], [-106.53303364034869, 31.97403599411544], [-106.53318061794671, 31.974280179548753], [-106.53323776588998, 31.974516051801654], [-106.53348055980531, 31.974772717948323], [-106.53372402702959, 31.97515570382091], [-106.53370994958497, 31.97531953221566], [-106.53362113895331, 31.975387774806126], [-106.53375848483981, 31.975457203209853], [-106.53367427844044, 31.97587252314136], [-106.53368939699857, 31.976098647867005], [-106.53353830713932, 31.97655400212423], [-106.53357839804139, 31.976776545693696], [-106.53373716259625, 31.976921270568905], [-106.53367380693119, 31.977456557773156], [-106.53369834929937, 31.977581353005085], [-106.53364624103256, 31.97766159925569], [-106.5337782824154, 31.97768666876937], [-106.53380029890448, 31.977796277734395], [-106.53367026601046, 31.978078189148263], [-106.53358425469142, 31.97810854299406], [-106.53312009409197, 31.978619608062456], [-106.5331138494065, 31.97886491384954], [-106.53303278975666, 31.978937650569442], [-106.5337381411995, 31.979159664059733], [-106.5338521393451, 31.97984762888823], [-106.53377818032287, 31.97993732348122], [-106.53380850785969, 31.98007623170864], [-106.53377613271078, 31.980161087438862], [-106.53361189707422, 31.98031543038366], [-106.53350629249952, 31.98035261870081], [-106.53357819971956, 31.980415867361558], [-106.53365569124847, 31.98060850406383], [-106.53364431766634, 31.980737047964784], [-106.53347774253533, 31.98097835678534], [-106.53339541164114, 31.981335727236317], [-106.5333144781874, 31.981438850341664], [-106.53334966252199, 31.981815684127387], [-106.53324361978731, 31.98199572151754], [-106.53321978329394, 31.9821525565631], [-106.533120457495, 31.98224320094265], [-106.53316074438655, 31.982369586914288], [-106.53313966338985, 31.982559575786684], [-106.5332000643694, 31.98273093594716], [-106.53311672421611, 31.983029311978644], [-106.53321353118018, 31.983283429134303], [-106.5333319421624, 31.983422449091055], [-106.53329700806461, 31.983689551028537], [-106.53340773962063, 31.98393809439588], [-106.53338605386197, 31.984058250021906], [-106.53328945330921, 31.98416241613254], [-106.53328606928157, 31.984270685379855], [-106.53344613811522, 31.984381557181173], [-106.53329366010416, 31.98459837464437], [-106.533115414387, 31.98504658549394], [-106.53314122885692, 31.985128200957508], [-106.53334618427134, 31.985291472631857], [-106.53331594555102, 31.98548208901359], [-106.53321433280495, 31.985660945051254], [-106.53326804892744, 31.985822210860306], [-106.53320724848811, 31.98595114651028], [-106.53324037559162, 31.986023846655936], [-106.53351275221989, 31.98619334181678], [-106.53352111751934, 31.986532458850604], [-106.5339918835529, 31.986563886294086], [-106.53407631427673, 31.986635419553796], [-106.53406238584076, 31.986850615717362], [-106.53394728226978, 31.987011079307827], [-106.5339408977593, 31.987322500459285], [-106.53380076292997, 31.98761136181698], [-106.53374358671586, 31.98763313997412], [-106.53369993326871, 31.98757904685573], [-106.53383320920774, 31.98730063229626], [-106.53383889302778, 31.98699337279653], [-106.53395308554312, 31.986826145257798], [-106.53396538603067, 31.986659407168652]]]}}, {"type": "Feature", "properties": {"name": "FMSP Lechuguilla Trail"}, "geometry": {"type": "Polygon", "coordinates": [[[-106.5163540315684, 31.89334817069089], [-106.51556833917128, 31.893009415958172], [-106.51554515238013, 31.89294667913563], [-106.51571790212716, 31.892936842011053], [-106.51638191925879, 31.893254751665193], [-106.51747326367632, 31.892754367299514], [-106.51764002425534, 31.892720876666953], [-106.51777494561027, 31.892606688369142], [-106.51802728630612, 31.892556679095858], [-106.51873224950712, 31.89226549008049], [-106.51886700577626, 31.89225033323344], [-106.51946560656022, 31.891879582701645], [-106.5198869582077, 31.891710027536302], [-106.52002630744994, 31.891765515391757], [-106.52007833694493, 31.89191742303311], [-106.5205206035573, 31.892330924130597], [-106.52069675810476, 31.892413828965225], [-106.52108972146948, 31.892321306025732], [-106.52167291638841, 31.892282073758345], [-106.52194033512563, 31.892308399922474], [-106.52236022318512, 31.89247917813178], [-106.52248384584995, 31.892405846817596], [-106.5236776351991, 31.89222783471964], [-106.5249076167623, 31.892352275631055], [-106.52505030402003, 31.892297577099257], [-106.52557635126936, 31.892291095247913], [-106.5260076768174, 31.892195104412817], [-106.52659401568737, 31.892271833600677], [-106.52701468978998, 31.892236068223113], [-106.52753476959568, 31.891865917307875], [-106.52768089064988, 31.891895824533727], [-106.5277571667078, 31.892042037455646], [-106.52784799168353, 31.892094329027902], [-106.52823723975018, 31.892187828770535], [-106.52882905349212, 31.892176249161466], [-106.52930902898427, 31.892080384703558], [-106.52958638154703, 31.89211794324123], [-106.52990414565872, 31.892318026280115], [-106.53032313228525, 31.89222585305861], [-106.53065958818515, 31.892274283142434], [-106.53089045973452, 31.892230063672837], [-106.53100200977447, 31.89213955275578], [-106.53126259605452, 31.892096049439854], [-106.5315130858939, 31.891899764848915], [-106.53244570271671, 31.89189044028266], [-106.53299187911507, 31.891978862146804], [-106.53317790648012, 31.8919194740409], [-106.53350703333201, 31.891910412562716], [-106.5339295799965, 31.891719962324043], [-106.53466532242258, 31.891510303094677], [-106.53476760605933, 31.891434450660455], [-106.53514845348832, 31.891382471984564], [-106.53550144206966, 31.891026315033013], [-106.53585681003757, 31.890797330244833], [-106.53605559949796, 31.89083131625124], [-106.5364115875072, 31.890699420660287], [-106.5366961246004, 31.890495902436086], [-106.53688119876682, 31.890454342034264], [-106.53712043278146, 31.890206354510795], [-106.53799481663088, 31.889663273559425], [-106.5382349443288, 31.889436967922226], [-106.53850149509367, 31.88928252441385], [-106.53893556290801, 31.88912518020251], [-106.53969359846542, 31.889070243135677], [-106.53986231924777, 31.88910139385264], [-106.54080412371444, 31.888842071246895], [-106.54093273429768, 31.88872511160521], [-106.54171206904796, 31.888687770670867], [-106.54202626352593, 31.888482764288458], [-106.5425737286402, 31.888228740560344], [-106.54276087922936, 31.88821629100054], [-106.5433840900494, 31.88772759238639], [-106.54359888770745, 31.887686883124687], [-106.54407429615001, 31.887289840945414], [-106.54440555641243, 31.88730385963072], [-106.54448991389049, 31.887109807051115], [-106.54484117884408, 31.886930585737407], [-106.54496060601689, 31.886731529163978], [-106.54561492817669, 31.88654469380161], [-106.54612069404908, 31.886030822875604], [-106.54661608276774, 31.885889469776775], [-106.54674366263777, 31.885615684755468], [-106.54683973167627, 31.885636350959867], [-106.54669034771615, 31.885962970488343], [-106.54619195664455, 31.886104157027525], [-106.54567475997699, 31.886623819287713], [-106.54503268753047, 31.886806697502642], [-106.54491790721862, 31.88699948377438], [-106.5445725441498, 31.88717398753544], [-106.54449020314154, 31.887381379639628], [-106.5441216385844, 31.88737788872612], [-106.54366454821813, 31.887764470659686], [-106.5434413271939, 31.887808719093616], [-106.54280798888543, 31.88830349246385], [-106.54262133502486, 31.88831484155353], [-106.54208466599682, 31.88856279486777], [-106.54173901497953, 31.88878071617554], [-106.54096734585589, 31.888817541614326], [-106.5408544856633, 31.888925766204807], [-106.53988107777477, 31.889195197120955], [-106.53969639127104, 31.889164258974574], [-106.53895386874129, 31.889217860142914], [-106.53854977851397, 31.889366112646222], [-106.53831053583015, 31.889505048131408], [-106.53805981543097, 31.889738668609414], [-106.53719404732034, 31.890275549716634], [-106.53693889793716, 31.89053510647396], [-106.53674748606348, 31.890579059583278], [-106.53647559353938, 31.890775518015705], [-106.5362056881029, 31.890880958708223], [-106.5360593273474, 31.8909277574783], [-106.53589841228577, 31.890887254747334], [-106.53575795381278, 31.891013559680236], [-106.535574310812, 31.89109614414402], [-106.53521964094408, 31.89145670677437], [-106.5348149682549, 31.891520694495266], [-106.5347179665366, 31.891592927502113], [-106.5339753722999, 31.891805001027894], [-106.5335334035573, 31.892001415508318], [-106.5331983208828, 31.892011495157735], [-106.53300261708495, 31.89207258009083], [-106.53243976806777, 31.891983316111695], [-106.53154113906403, 31.891991657781308], [-106.53131732835325, 31.892179395280728], [-106.53104773231502, 31.892226196995434], [-106.53093041533863, 31.892317737170984], [-106.53065859348494, 31.89236814577883], [-106.5303314891993, 31.89231960633875], [-106.52989014283564, 31.89241509434087], [-106.5295396252091, 31.892203540398036], [-106.52930351880863, 31.892173702504444], [-106.5288457659561, 31.892268403832087], [-106.5282153546081, 31.892279211267915], [-106.52780145943926, 31.89217917340796], [-106.5275538685492, 31.891961944039995], [-106.5270467014987, 31.892327779785877], [-106.52659424145102, 31.89236542799542], [-106.52601703469965, 31.892288715434425], [-106.525593313062, 31.892383297375016], [-106.52507129630693, 31.892389870089275], [-106.52491874068215, 31.892446340382598], [-106.5236770917978, 31.892321778812367], [-106.52251882899999, 31.892494540929196], [-106.5223630633036, 31.892582740249683], [-106.52190917636733, 31.892398277526407], [-106.52167195924619, 31.892375272765054], [-106.52110881121821, 31.89241309097628], [-106.52067100763664, 31.892507388855517], [-106.5204456040076, 31.89239912350561], [-106.5199880381345, 31.891971318512013], [-106.5198932772573, 31.89180814010203], [-106.51952122598608, 31.891959912079816], [-106.51891160524002, 31.892336951811632], [-106.51782937246512, 31.892689667761754], [-106.51769478399078, 31.892803637180883], [-106.51751518952966, 31.892840940763303], [-106.5163540315684, 31.89334817069089]]]}}, {"type": "Feature", "properties": {"name": "FMPS Little Moab (Part II)"}, "geometry": {"type": "Polygon", "coordinates": [[[-106.52132303946141, 31.879695005966433], [-106.52041236250459, 31.879706977177506], [-106.52016705057429, 31.87960404589086], [-106.51998467154597, 31.879598566718105], [-106.5197988771214, 31.879485377620114], [-106.5195065165838, 31.87945318270837], [-106.51899127133879, 31.879533312869295], [-106.51845828241548, 31.8793564838842], [-106.51831424136138, 31.879362964984384], [-106.51818601628405, 31.87946564866494], [-106.51719633059852, 31.879231234075743], [-106.51672596180799, 31.87928334665484], [-106.51642228384989, 31.87923312021666], [-106.51638916725726, 31.879183398197153], [-106.51643779999874, 31.879143931253004], [-106.51673433718827, 31.879189674866033], [-106.51720579352241, 31.879138071802902], [-106.51817471435764, 31.87936866862532], [-106.51826328391394, 31.87927920674315], [-106.51847393529464, 31.879264208153543], [-106.5190104694671, 31.879441178954263], [-106.5195145293098, 31.87935775584478], [-106.51983231781368, 31.879393996922], [-106.52002077269621, 31.87950836882097], [-106.52019761609763, 31.879513374369438], [-106.52043735346399, 31.87961555879438], [-106.52116193572392, 31.87962155806685], [-106.5212739894141, 31.87961013612719], [-106.52159454210502, 31.879411307819744], [-106.52192435467596, 31.879347192177068], [-106.52223083820253, 31.879128443530057], [-106.52230925973825, 31.879153469715707], [-106.52198049738195, 31.879428559575086], [-106.52164009184216, 31.87949689691371], [-106.52132303946141, 31.879695005966433]]]}}, {"type": "Feature", "properties": {"name": "FMSP Little Moab (Part III)"}, "geometry": {"type": "Polygon", "coordinates": [[[-106.51872199064066, 31.8855775525218], [-106.51808957828776, 31.884695337412825], [-106.51750741852175, 31.884171996295517], [-106.51735054352193, 31.88368705650618], [-106.51716255805093, 31.883558629539415], [-106.5170512180935, 31.88338978484388], [-106.51713088301678, 31.883379510652382], [-106.51744683757589, 31.883633546325107], [-106.51760289735348, 31.884125079283674], [-106.51789344648863, 31.88434400915707], [-106.5181737045167, 31.884635026869514], [-106.51881408723763, 31.885521242059035], [-106.51894802614196, 31.885510237519576], [-106.5190883935857, 31.885406029699876], [-106.51910423936324, 31.885145952456345], [-106.51921369531529, 31.884905507762006], [-106.51956589854444, 31.884712149403274], [-106.51980880841492, 31.8846877915018], [-106.5200000586269, 31.884534939939773], [-106.52029886297743, 31.884568034453668], [-106.52036951287103, 31.884455155241255], [-106.52047773105349, 31.884399038562403], [-106.52050402595891, 31.88421127497663], [-106.52079130616615, 31.884055157198596], [-106.52087065905651, 31.883678629855257], [-106.52097159901746, 31.883556487175646], [-106.52103043887996, 31.883098772411458], [-106.52125595449955, 31.8829060304792], [-106.52123669972146, 31.88281377622731], [-106.52111863950371, 31.88269336392568], [-106.52113098103735, 31.882584133768045], [-106.52143550483163, 31.882296593196745], [-106.52142640070753, 31.88216940038519], [-106.52151432580696, 31.882020910084684], [-106.52174691664432, 31.881898356643184], [-106.52207303601061, 31.88185778217392], [-106.52206497477748, 31.88193085236672], [-106.52178643337369, 31.881986382505776], [-106.52159133870754, 31.882089165163393], [-106.52153411972148, 31.882187862015236], [-106.52154875761876, 31.88234294988689], [-106.52123211962834, 31.88262118981932], [-106.5212430820478, 31.88270060384659], [-106.52133525360244, 31.882770803782012], [-106.5213653128939, 31.882935409516087], [-106.52113620192212, 31.883132908822432], [-106.5210782625698, 31.883586303158395], [-106.52097472157219, 31.883709607655256], [-106.52088184068289, 31.884108742814046], [-106.52059741683873, 31.88426174919446], [-106.52056853083728, 31.88445405058489], [-106.52044798235605, 31.88452087333957], [-106.52035975808147, 31.884647766601606], [-106.5202232818544, 31.884682448949736], [-106.52003726661025, 31.88462446077582], [-106.51985524131214, 31.88477250853884], [-106.51960699600833, 31.884798619625904], [-106.51929609042891, 31.88496975242312], [-106.51921234775163, 31.885161503019745], [-106.51919566622777, 31.885434101233418], [-106.51906454849028, 31.885566165448726], [-106.51887170774583, 31.88562543235514], [-106.51872199064066, 31.8855775525218]]]}}, {"type": "Feature", "properties": {"name": "FMSP Little Moab (Part IV)"}, "geometry": {"type": "Polygon", "coordinates": [[[-106.51963858006151, 31.88557852503384], [-106.51935436939614, 31.885426204240623], [-106.51917723455503, 31.885236414737378], [-106.51915202591742, 31.88504455252246], [-106.51923217622024, 31.88505159720043], [-106.5192798916735, 31.885197440186175], [-106.5194309391468, 31.885359467748316], [-106.51964268450227, 31.88547443619911], [-106.519762872703, 31.885415805558754], [-106.51986951758028, 31.8854491178541], [-106.5200259843312, 31.885402457429404], [-106.52007649384902, 31.88544018376818], [-106.51992242990362, 31.88553693340314], [-106.51976470220654, 31.88551153959596], [-106.51963858006151, 31.88557852503384]]]}}, {"type": "Feature", "properties": {"name": "FMSP Little Moab (Part V)"}, "geometry": {"type": "Polygon", "coordinates": [[[-106.52051096940808, 31.885744731975002], [-106.52002488635746, 31.885870669274986], [-106.51989189504678, 31.885850317975702], [-106.51983453116048, 31.885775156836257], [-106.51988483840366, 31.885728870785375], [-106.52000469663373, 31.885774878285567], [-106.52046547553054, 31.885637720733406], [-106.5205773254492, 31.88566749385855], [-106.52066530787553, 31.885806058032085], [-106.52057175820386, 31.886018728529884], [-106.520703050238, 31.88613048518236], [-106.52067486756145, 31.88619458312718], [-106.52045674928947, 31.886046113646845], [-106.52054951999514, 31.885807991742666], [-106.52051096940808, 31.885744731975002]]]}}, {"type": "Feature", "properties": {"name": "FMSP Lower Sunset Bail Out"}, "geometry": {"type": "Polygon", "coordinates": [[[-106.51724915392751, 31.932291448834036], [-106.51703413086132, 31.932243578897147], [-106.51689602440618, 31.932309513523492], [-106.51659331589902, 31.932307194105658], [-106.51616811726913, 31.932394528413937], [-106.51603711674655, 31.932384896115536], [-106.51566690982936, 31.93220755604201], [-106.51551466591218, 31.932204222568], [-106.5154452926379, 31.932119604705928], [-106.51502736324218, 31.93189174155428], [-106.51472022802892, 31.931153647798716], [-106.51460607440843, 31.931074089398567], [-106.51440725437519, 31.931032402934953], [-106.51438741766195, 31.930977850212138], [-106.51443582031128, 31.93094789761554], [-106.51463484793571, 31.93098175367089], [-106.51480215872269, 31.93108470516618], [-106.51511846529792, 31.93183718875841], [-106.51557126642636, 31.932116388885955], [-106.51569798219853, 31.932116115045897], [-106.51607643737177, 31.93229757542029], [-106.5161691072622, 31.932301505343546], [-106.51658882850346, 31.932208167848437], [-106.51686600020938, 31.93221903668955], [-106.51704624088784, 31.932144540212967], [-106.51729296221384, 31.93220493347136], [-106.51756449819379, 31.932335681204027], [-106.51758608596487, 31.932385747765327], [-106.51751908434804, 31.932418708701395], [-106.51724915392751, 31.932291448834036]]]}}, {"type": "Feature", "properties": {"name": "FMSP Thunderbird Trail"}, "geometry": {"type": "Polygon", "coordinates": [[[-106.50286814499384, 31.859840958077545], [-106.50355202244975, 31.85951371446169], [-106.50377891700073, 31.85953188424093], [-106.50449128995024, 31.859091414965], [-106.50529073615705, 31.85878813171139], [-106.50533616155846, 31.8587626696726], [-106.50538594656645, 31.8583957858171], [-106.5055617140435, 31.858220522125112], [-106.5061723517823, 31.857953483096473], [-106.50653731350081, 31.857897485179947], [-106.50664102718919, 31.857384416341596], [-106.5067194097685, 31.8572644795931], [-106.50771084220047, 31.856363221820896], [-106.50943326605973, 31.854654251007616], [-106.50950700178937, 31.854348150865867], [-106.50935883769097, 31.854234958850537], [-106.50927926149163, 31.854028027187166], [-106.5090714577934, 31.853857414693714], [-106.50900163391904, 31.85336269516539], [-106.50909087560406, 31.85293959529675], [-106.50941454704814, 31.85259651729209], [-106.50928620575885, 31.852235395826682], [-106.50904154821706, 31.85201857591149], [-106.5089991766418, 31.851837924330134], [-106.50904323727073, 31.85174966592415], [-106.50902908394603, 31.85159911660441], [-106.50895203330701, 31.851436393258055], [-106.50900984753874, 31.851314422156996], [-106.50942819874741, 31.851308814771514], [-106.50941249272329, 31.851388188215793], [-106.50906339580962, 31.851433417802582], [-106.50913744869325, 31.85157998175873], [-106.50915658724674, 31.851769512935387], [-106.50911103673434, 31.851832329817338], [-106.50914518291944, 31.851985704771444], [-106.50938080843113, 31.85218793520858], [-106.5095273519012, 31.85258948636899], [-106.50949547946712, 31.85268676968707], [-106.50919187761978, 31.852977597192957], [-106.50911129430088, 31.853363495363986], [-106.50917240247503, 31.85381532553387], [-106.50937403886105, 31.853980164248934], [-106.5094489339616, 31.854178235753885], [-106.50961505898111, 31.854323479753067], [-106.50953645823769, 31.854693403728], [-106.50779293085067, 31.85642480405183], [-106.50680638952484, 31.85732119737193], [-106.50674731487783, 31.857410323702922], [-106.50661178227931, 31.857974621475222], [-106.50620833182181, 31.858041537072584], [-106.50563389745456, 31.858291145337112], [-106.50548663184108, 31.85843714134471], [-106.50544273974778, 31.85880274175162], [-106.50534233720629, 31.85887066253102], [-106.50454524118385, 31.859172678399336], [-106.50383016671528, 31.85961841206977], [-106.50357287914302, 31.85960737637979], [-106.50291870838616, 31.859923115311776], [-106.5028489033368, 31.859901803800543], [-106.50286814499384, 31.859840958077545]]]}}, {"type": "Feature", "properties": {"name": "FMSP Hitt Canyon Road"}, "geometry": {"type": "Polygon", "coordinates": [[[-106.4606414396627, 31.98808497848756], [-106.4605073392595, 31.98769374223561], [-106.46033300642146, 31.98665937285969], [-106.45970978602635, 31.986518107026782], [-106.45855463001733, 31.986611671505386], [-106.45761967662862, 31.98684160894151], [-106.45727203187697, 31.986882561139065], [-106.45598400434022, 31.98665500063258], [-106.45150233470594, 31.98679114384205], [-106.44395333692279, 31.986833975163698], [-106.4438983930433, 31.986787761592325], [-106.44395278744436, 31.986741082723597], [-106.45150080480684, 31.986698256401837], [-106.45598646496703, 31.986561972114462], [-106.45727320845808, 31.98678897231265], [-106.45853480273622, 31.986520107345477], [-106.45972216677069, 31.986425097764457], [-106.46043078208012, 31.986601156954887], [-106.46061492962356, 31.98767584375108], [-106.46073261087635, 31.98801831201816], [-106.46257569821762, 31.98771477550572], [-106.46490988627492, 31.98722794210823], [-106.4659061221578, 31.9867054601801], [-106.46682135938687, 31.98638762986099], [-106.46836372974833, 31.986130789640505], [-106.46971183118157, 31.985838231399526], [-106.47199056563224, 31.985510978127483], [-106.47341332965188, 31.985102967695063], [-106.47466362342821, 31.984890847860147], [-106.47487605063287, 31.98472241905049], [-106.47586004128146, 31.983573166057315], [-106.47765218026369, 31.98308065834517], [-106.47878976272034, 31.98291509957364], [-106.47986245750172, 31.982459519726234], [-106.48008294188976, 31.9825603105862], [-106.48020724640844, 31.982778835833034], [-106.4802188514, 31.98298199342865], [-106.47995312330856, 31.98333590012138], [-106.47996565210813, 31.983388437626093], [-106.48022949005141, 31.983393454945215], [-106.48053342136372, 31.983324695057412], [-106.48075721466842, 31.98335589140253], [-106.48155982765475, 31.983662030216315], [-106.48170717806354, 31.98361789516773], [-106.48201721894077, 31.98339606720278], [-106.48262237422253, 31.983279095676927], [-106.4830900382968, 31.983294856356057], [-106.48345509550865, 31.983091797665104], [-106.48407350325375, 31.98296936376145], [-106.48462275504711, 31.983026717023815], [-106.48551533992702, 31.98290584208525], [-106.48669473106393, 31.983095986944484], [-106.48712004971875, 31.983030453843337], [-106.48750998417037, 31.982862919824175], [-106.48924260209985, 31.98185933599053], [-106.48979793733322, 31.981749294952056], [-106.49086477039934, 31.981265440729008], [-106.49112842523782, 31.980849217568043], [-106.49147969043744, 31.980492554096205], [-106.49221370156812, 31.98005984103013], [-106.49282453245849, 31.980010421117917], [-106.49416475823605, 31.980380388516664], [-106.49455805962165, 31.980757097709347], [-106.4949158106375, 31.980919960734088], [-106.49484724232829, 31.98097159264772], [-106.49449248053293, 31.980833110030336], [-106.4941149613948, 31.980463952223097], [-106.49324141355825, 31.98019873402504], [-106.49281252021908, 31.980103455734454], [-106.49224769946862, 31.980149710201797], [-106.49155894552136, 31.98055697053687], [-106.49122143159953, 31.98089862360967], [-106.49093455585057, 31.981338137070864], [-106.48983985415607, 31.981835275550345], [-106.48929001413977, 31.981943936503132], [-106.48756881215475, 31.98294133792934], [-106.48715641156384, 31.98311859374731], [-106.48668575420588, 31.9831896944036], [-106.48551491995394, 31.98299905359123], [-106.4846227352332, 31.983119983053907], [-106.48408488228613, 31.983062625062267], [-106.48350003778505, 31.983177432727512], [-106.48311660728416, 31.98338671980484], [-106.48263187782625, 31.983371750401265], [-106.48205927903683, 31.983482439221827], [-106.4817625515256, 31.983698995915006], [-106.48157268691034, 31.98375615708122], [-106.48137953046191, 31.983717350344737], [-106.48073098406773, 31.98344635932877], [-106.48053514432085, 31.983418631524703], [-106.4800639405748, 31.98349575552276], [-106.47988484443063, 31.98346502673744], [-106.47984441288844, 31.9833110337326], [-106.48011033934621, 31.98295580524267], [-106.4800986032496, 31.982793828478755], [-106.47999996721852, 31.982623715374274], [-106.47987529138128, 31.982557229596644], [-106.47882739035298, 31.983002671396196], [-106.4776798208025, 31.983170587511747], [-106.47592108956826, 31.983653048537708], [-106.47496076502836, 31.98478143919934], [-106.47470842154297, 31.984977306170734], [-106.47343887508724, 31.985193384218107], [-106.4720114662758, 31.985602260899967], [-106.46973332459004, 31.98592932955352], [-106.46838920069375, 31.986221168252793], [-106.46684829199897, 31.98647769859465], [-106.46595615090676, 31.986788125307548], [-106.46494590333587, 31.9873159546327], [-106.46259801244169, 31.987805728568173], [-106.46070398737216, 31.988117650128313], [-106.4606414396627, 31.98808497848756]]]}}, {"type": "Feature", "properties": {"name": "FMSP Mad Cow Trail"}, "geometry": {"type": "Polygon", "coordinates": [[[-106.4650406056839, 31.94868703775313], [-106.46555089026006, 31.948538259689794], [-106.46588603101206, 31.948356127370232], [-106.46583635815715, 31.94823507913485], [-106.46624782314174, 31.9478233210983], [-106.466287785812, 31.947317985109397], [-106.4667025345097, 31.94674249819277], [-106.46672961082133, 31.94661282142851], [-106.46698174196179, 31.94646921813259], [-106.46717051430448, 31.94615833457002], [-106.46735366166789, 31.94604914037624], [-106.4675297106691, 31.945848670603432], [-106.46750721869687, 31.945712428852268], [-106.46779534945588, 31.94521823526639], [-106.4678925283338, 31.944705955921787], [-106.46815681446232, 31.94461812189719], [-106.46823197170855, 31.94446751417994], [-106.46851098783402, 31.94420631968983], [-106.4687366662894, 31.94406473537508], [-106.46893240165923, 31.9438569305953], [-106.46912325627183, 31.943780797336526], [-106.46914596676895, 31.943584175564858], [-106.46924037456027, 31.943417282243043], [-106.46932950721656, 31.943355981932054], [-106.46932972229264, 31.943249913266364], [-106.46940285186822, 31.94320988438194], [-106.46939174697084, 31.943127161753097], [-106.46945018342693, 31.94307416349273], [-106.46953652965564, 31.943032816134632], [-106.47016992861143, 31.943015087747018], [-106.47009242153659, 31.942897631270828], [-106.47010949537282, 31.94280776108399], [-106.47032455860767, 31.942633499661575], [-106.47049658152865, 31.942403440956912], [-106.4705065790183, 31.942257903316598], [-106.47066806427347, 31.94187796188569], [-106.47084133865943, 31.94167980661031], [-106.47096420659331, 31.94163223539656], [-106.47132921106981, 31.941224031687476], [-106.47159238175742, 31.94113050863821], [-106.47178160060645, 31.940937422278708], [-106.47224606478731, 31.940953145827496], [-106.47246862781112, 31.940830307275395], [-106.47278526017779, 31.940828206251837], [-106.47287829481559, 31.94074771024418], [-106.47297783103595, 31.94073166744669], [-106.47303076359923, 31.94076564805424], [-106.4730262707582, 31.940870780992945], [-106.47289368430967, 31.94097904808533], [-106.4731551853291, 31.940843341961056], [-106.47323666128692, 31.940952968006712], [-106.47306659872356, 31.941142365804886], [-106.473058077498, 31.94122170678312], [-106.47311266225044, 31.941293876229796], [-106.4732477810881, 31.941060637757914], [-106.4735565712071, 31.940894261869005], [-106.47382564700641, 31.94083955065364], [-106.47393877504074, 31.9409146994446], [-106.47393975434044, 31.9409734308557], [-106.4735565365576, 31.941120400456953], [-106.47352940437503, 31.941179269826375], [-106.47369405038214, 31.941744805135624], [-106.47378495360425, 31.941824772388934], [-106.47384879198884, 31.941820741350142], [-106.47402641200448, 31.941695668247746], [-106.47420148138376, 31.941643225281112], [-106.47444063945193, 31.941380170231255], [-106.4746303303092, 31.9413020330834], [-106.47479794505207, 31.941153059022223], [-106.47546958089364, 31.94087914115915], [-106.47587519066225, 31.940648675736657], [-106.47604209231795, 31.940623052148062], [-106.47651198575723, 31.940668547461186], [-106.47646605456812, 31.940735887545213], [-106.47592471302367, 31.94073319951273], [-106.47552359646883, 31.94096031170962], [-106.47525793913678, 31.94103808988925], [-106.47486339979753, 31.941228844021346], [-106.47469739879168, 31.941376520602343], [-106.47451758344269, 31.941448390976724], [-106.47426335807592, 31.941721226601445], [-106.4740812187201, 31.941777023798483], [-106.47387446977282, 31.941912316348485], [-106.47373661194051, 31.941913269638277], [-106.47359613348115, 31.94179014851056], [-106.47341598175943, 31.941182805515137], [-106.4734777337757, 31.941052324823023], [-106.47379989549573, 31.940935913130225], [-106.47360118495627, 31.940979815752623], [-106.47332090871559, 31.941131025061413], [-106.47311140657303, 31.94143240687628], [-106.47294722162894, 31.941236929427745], [-106.47296363662475, 31.941106575813244], [-106.47305273855102, 31.94100204558565], [-106.47279526439574, 31.941199700983166], [-106.47266743515931, 31.94126378684097], [-106.47260736237611, 31.94124171975637], [-106.47257383959952, 31.941126257619068], [-106.4728096560774, 31.940919199533987], [-106.47250522606342, 31.94092284791267], [-106.47226905153796, 31.94104471135259], [-106.47182783585683, 31.94102445949775], [-106.47165975973354, 31.941204907962486], [-106.4713939778017, 31.941302243320173], [-106.4710418301664, 31.94169884247343], [-106.47091374039925, 31.94175226547552], [-106.47076422167123, 31.94192406997135], [-106.47061600921788, 31.94227164564541], [-106.47059246975547, 31.942451901955177], [-106.470413976311, 31.942687699851337], [-106.47021048668361, 31.94285039407962], [-106.47028817130112, 31.943052094800514], [-106.47018707253896, 31.943116158147042], [-106.46950379411871, 31.943158864655334], [-106.4694373220088, 31.9433968205754], [-106.46932937712046, 31.94347353093209], [-106.46924850789318, 31.943617616371707], [-106.46921715793839, 31.94383323558394], [-106.46900595237454, 31.943928917666565], [-106.46881173202988, 31.94413290308477], [-106.46859326141114, 31.94426815610129], [-106.46841781649991, 31.944474071322194], [-106.4683157065449, 31.94452827206023], [-106.46824525282277, 31.944678650531397], [-106.46798557526775, 31.94476519483137], [-106.46789955578683, 31.945249227668935], [-106.46761735426648, 31.945730094450187], [-106.46763573849012, 31.945888007520782], [-106.46743052876049, 31.94611543452313], [-106.46725906267383, 31.946218055450608], [-106.46706509853703, 31.946531642558025], [-106.46683006864596, 31.946656599039397], [-106.46680289924181, 31.946780420078788], [-106.4663920380212, 31.947354074561407], [-106.46635275357345, 31.947856525862292], [-106.4659739271818, 31.948255147074477], [-106.46602047479426, 31.948331947956476], [-106.46597625956922, 31.948409280727777], [-106.46559743541575, 31.948624538600495], [-106.46513567090423, 31.94874383032], [-106.46497904716271, 31.94910325199219], [-106.46485009379295, 31.949181703302784], [-106.46446248620957, 31.94970420971587], [-106.46425017917188, 31.94979492917023], [-106.46403606073218, 31.950031058505093], [-106.46397242002547, 31.950253500734735], [-106.46380935643171, 31.95046545326138], [-106.46373804485224, 31.950664347342713], [-106.46350885690886, 31.95099550979127], [-106.46328031580352, 31.95118979028586], [-106.46321815444563, 31.951497880840066], [-106.46297080419951, 31.951855190291873], [-106.46293037118893, 31.9520954116727], [-106.4628269232645, 31.952180354212214], [-106.46282209885518, 31.952579041987104], [-106.4626087750586, 31.95287721494275], [-106.46261239345941, 31.953052387792322], [-106.46256092109844, 31.9531355158573], [-106.46264343737822, 31.953291330590393], [-106.46261363325542, 31.953366672107812], [-106.46265035464518, 31.953738763401564], [-106.46254323778679, 31.954171372427343], [-106.46240111741173, 31.95436583723188], [-106.4623066902683, 31.954826793901756], [-106.46233209798608, 31.95498571300708], [-106.46227292463402, 31.955307861889242], [-106.46215701333698, 31.95540752729349], [-106.46176108157199, 31.955981809290964], [-106.46159507976171, 31.956121700059477], [-106.46095281496709, 31.956478943480015], [-106.46070039621793, 31.956826431441513], [-106.45981398317936, 31.957710661276593], [-106.45951792071749, 31.95812982707083], [-106.45893997001302, 31.958512626755585], [-106.45855894649424, 31.958930904312314], [-106.45817149914124, 31.959637174791222], [-106.45824034463038, 31.960020153617116], [-106.45822349361319, 31.960191980103595], [-106.45764124681467, 31.960341096301818], [-106.45737347412378, 31.96035868565213], [-106.45739163693523, 31.960278430241694], [-106.45812800760523, 31.96012875227247], [-106.45806124650146, 31.959619896179046], [-106.45846487571846, 31.95888237147495], [-106.45886040484795, 31.95844766903028], [-106.4594359330668, 31.95806758838485], [-106.45972218845537, 31.957657815338298], [-106.4606135992496, 31.95676862523558], [-106.4608703141843, 31.956417461635805], [-106.46167750110688, 31.95592131284257], [-106.46206684936205, 31.955354449236324], [-106.46217341664523, 31.955263657600398], [-106.46222206219103, 31.954985769992494], [-106.46219724862571, 31.954819008335686], [-106.46229522189363, 31.95433795807422], [-106.46243957611873, 31.954140549485647], [-106.46253972053199, 31.95372639842087], [-106.46252842645616, 31.95329702635376], [-106.46244727175598, 31.953123001972813], [-106.46250218243789, 31.953033974496673], [-106.46250303942743, 31.952842328575294], [-106.46271408145071, 31.952556981801916], [-106.462719490328, 31.952146204208425], [-106.46282729721347, 31.952053225341082], [-106.46286795410828, 31.951820168736486], [-106.46311578828858, 31.95146483005233], [-106.46318013194121, 31.951151829901193], [-106.46342421985513, 31.950935138276485], [-106.46364221628635, 31.950618252881696], [-106.46370936482568, 31.950425051969663], [-106.46386816429302, 31.950222224216226], [-106.46393817702149, 31.949981883003407], [-106.46417272671822, 31.949728703942807], [-106.46438908049504, 31.949631771733962], [-106.46476491266317, 31.949122631142075], [-106.46489038346593, 31.94904493904721], [-106.4650406056839, 31.94868703775313]], [[-106.47274942837645, 31.941105386793772], [-106.4727212996283, 31.941129211715907], [-106.47273038165493, 31.94112446127555], [-106.47274942837645, 31.941105386793772]]]}}, {"type": "Feature", "properties": {"name": "FMSP Lower Sunset Trail"}, "geometry": {"type": "Polygon", "coordinates": [[[-106.5241565757148, 31.939371217151823], [-106.52284302539327, 31.93929304856412], [-106.52167284644031, 31.939071010077086], [-106.52134644467743, 31.938979018263197], [-106.52061343585332, 31.938596109724735], [-106.5195648442041, 31.938354089506074], [-106.51880823446827, 31.93828644212997], [-106.51838314356728, 31.938344291937856], [-106.5179848678443, 31.938221119168773], [-106.51743120883927, 31.937904855739742], [-106.51668145040709, 31.937809357199374], [-106.51595875591342, 31.93791810162928], [-106.51577251773269, 31.937797163344097], [-106.51499268923358, 31.93753146448169], [-106.5148393235868, 31.937437042590513], [-106.51462381989, 31.937181640341038], [-106.51410244104795, 31.9367554741057], [-106.51367805925261, 31.936078430066416], [-106.51318889750513, 31.93572312573376], [-106.51302337373784, 31.93506058255579], [-106.5128873868221, 31.934834760425915], [-106.51259048181423, 31.934006861165088], [-106.51269488881744, 31.933612104620046], [-106.51259889683318, 31.93321530773254], [-106.51258960711355, 31.932447162352908], [-106.51243787839931, 31.931718527903744], [-106.51247715497792, 31.931435074510027], [-106.51253193590135, 31.931348408418167], [-106.51288344089893, 31.931229286882544], [-106.51326652925651, 31.931175963212063], [-106.51332274682125, 31.931211927114116], [-106.5132907765988, 31.93126515825783], [-106.51290919115799, 31.931319861332035], [-106.51260410914517, 31.93142159559301], [-106.51254721633177, 31.931711567507016], [-106.51269847821607, 31.93243584579389], [-106.51270824617156, 31.933207595529293], [-106.5128047391488, 31.933608249072286], [-106.51270146435654, 31.934002306870866], [-106.51298964239692, 31.934801082896303], [-106.51312698456773, 31.935030142416036], [-106.51329194787343, 31.935684845718708], [-106.51375344442025, 31.93600974047563], [-106.51419077831765, 31.936699744303322], [-106.51503836266969, 31.937446199691014], [-106.51551510936646, 31.937585018130108], [-106.51598557917612, 31.937823871113086], [-106.5166839386733, 31.93771562473124], [-106.51720426509549, 31.93777240937208], [-106.51747968406679, 31.937820275256517], [-106.51803525351826, 31.938138498956242], [-106.51840029050075, 31.938251270044386], [-106.51880472651868, 31.93819286748374], [-106.51959106450316, 31.938263703916025], [-106.52064761765313, 31.93850709055145], [-106.52139852987443, 31.938896459561764], [-106.5219493111438, 31.939035881926166], [-106.52286136378738, 31.939201338484935], [-106.52416747027485, 31.939278690637558], [-106.52473440399596, 31.93936215269961], [-106.5249846801157, 31.93924416197352], [-106.52526366014179, 31.93897795160183], [-106.52575566909651, 31.938801287417462], [-106.52610335931368, 31.938582960896504], [-106.52620054422918, 31.93845948003293], [-106.5265190883015, 31.93835960406326], [-106.52685425617418, 31.938073072447438], [-106.52693639175455, 31.93793893410565], [-106.52744399761517, 31.937896459613846], [-106.52751249766081, 31.93782677924091], [-106.52738466795844, 31.93777307110578], [-106.5272170828173, 31.937617446835716], [-106.5270986818133, 31.93742361835774], [-106.52711067170696, 31.93710483880289], [-106.52719163869719, 31.93691532011435], [-106.52716958673378, 31.93676437903611], [-106.52698118624156, 31.936519941654115], [-106.52663933135962, 31.936349687190653], [-106.52675499992391, 31.93577071201947], [-106.52669865921052, 31.935545532013172], [-106.52656515934859, 31.93539585707414], [-106.52668022410543, 31.935163229028824], [-106.52662558442319, 31.934986721478424], [-106.52665286815174, 31.93476960447282], [-106.52673096149863, 31.934680927897936], [-106.52718905393758, 31.934464480761587], [-106.52734000194371, 31.934293508072855], [-106.52633555391168, 31.934202172916272], [-106.52619391052936, 31.934258980818335], [-106.52586885434837, 31.93425894487515], [-106.52569894913808, 31.934185003605094], [-106.52548423695447, 31.93397381434788], [-106.5249534320887, 31.934166409737422], [-106.52405989249651, 31.934085493306316], [-106.52392095448741, 31.934150241524538], [-106.52282743408348, 31.934181682481512], [-106.52256967545033, 31.934288326417676], [-106.5223587613772, 31.93431257189196], [-106.5219258542924, 31.934270478611317], [-106.5205024715664, 31.934274348967385], [-106.5199243599367, 31.93414190649333], [-106.5191743822097, 31.934045669095113], [-106.51872154202978, 31.9338754838888], [-106.51827998722442, 31.933592740820526], [-106.51814292378812, 31.933153483139098], [-106.51785556109499, 31.932744786630252], [-106.51768775989143, 31.932684593324964], [-106.51726069632299, 31.932736552389915], [-106.51719000919289, 31.932680706570807], [-106.51719599208829, 31.932577558509923], [-106.51731790118566, 31.932424749765477], [-106.51760739895003, 31.932314036188792], [-106.51772864656557, 31.932217328435488], [-106.5184039526623, 31.932209021858004], [-106.51909698698375, 31.93189051478446], [-106.519206245427, 31.93189377868056], [-106.51936549529698, 31.93204457989006], [-106.51968439167305, 31.932055148771006], [-106.5198813551892, 31.931987402453597], [-106.51990841625543, 31.93185704423377], [-106.52010184434553, 31.93156847601691], [-106.52025981410532, 31.931433436930444], [-106.52035796637963, 31.931428304074988], [-106.52077635117428, 31.93156973027141], [-106.52098151438595, 31.931554782572285], [-106.5212635645196, 31.93125976254902], [-106.52137287136182, 31.931214350680023], [-106.52218684857141, 31.931149691860146], [-106.5224545016646, 31.931200656016003], [-106.52248436680236, 31.931121307299957], [-106.52234399259821, 31.930965271079035], [-106.5226568869558, 31.930778538435966], [-106.5227891539496, 31.930815945058264], [-106.522830055572, 31.93097803526595], [-106.52308901271364, 31.931282559599783], [-106.52329499716079, 31.931230171093375], [-106.52340448311304, 31.93131491611362], [-106.52359042263393, 31.931251891159683], [-106.52371950392539, 31.931331963062405], [-106.52382440406707, 31.931280795580122], [-106.52376648018362, 31.931144123946527], [-106.52379472655905, 31.931081457445583], [-106.52396791538744, 31.931039787631782], [-106.52410587526494, 31.93108873097313], [-106.52388575818395, 31.93095588668896], [-106.52387826413155, 31.930895691598245], [-106.52393484134903, 31.93085327055087], [-106.52449303983929, 31.930905442950568], [-106.52479583025567, 31.930870667260624], [-106.52498213303936, 31.930790274003595], [-106.5254348872066, 31.930743521455526], [-106.52575304960094, 31.930494513469103], [-106.52594992214645, 31.93042058417569], [-106.52607253847887, 31.930502424986372], [-106.5258573297586, 31.930979992198367], [-106.52605799497042, 31.931048604642385], [-106.52645698281557, 31.930971686314944], [-106.52660347905822, 31.93100107808955], [-106.52695915861378, 31.93088313410226], [-106.52729218239465, 31.930888252999853], [-106.52757241893204, 31.930963133077476], [-106.5280297805259, 31.930939570268567], [-106.52808335872734, 31.93068065291563], [-106.52815718119214, 31.930601219975102], [-106.52833572421021, 31.930608836816067], [-106.52851445560124, 31.930832630480865], [-106.52920105476137, 31.930411165382694], [-106.52920580501048, 31.930214406677774], [-106.52899058410796, 31.929864669109758], [-106.52902610834919, 31.929414814612745], [-106.52896510758883, 31.929277157159618], [-106.52891022601005, 31.9295374579022], [-106.52876909281218, 31.929610780772], [-106.52870297694518, 31.92953929367421], [-106.52874010809775, 31.929472917114403], [-106.52866404028227, 31.92921584706677], [-106.52878047664413, 31.92887371933783], [-106.5291799214543, 31.92839488074897], [-106.52950634241918, 31.928178841477884], [-106.52964188394061, 31.928150856668758], [-106.52977133236068, 31.928186773362846], [-106.52960849623126, 31.928087140574306], [-106.5296346809928, 31.927997348198392], [-106.52972378365439, 31.927959696576156], [-106.52952750224746, 31.927754156485566], [-106.52945380315943, 31.9275395603685], [-106.52908629867157, 31.927437290567116], [-106.52846277729842, 31.927372479113426], [-106.52822636537825, 31.92723639929847], [-106.52830662388071, 31.92698842327941], [-106.52862198122314, 31.926683089249806], [-106.52913128319834, 31.92640193519233], [-106.52918390674037, 31.92624591875576], [-106.52910439452948, 31.926253373122446], [-106.5289321770758, 31.926150089028475], [-106.52883561174617, 31.92587929569047], [-106.5288091854862, 31.925602788950005], [-106.5284828478958, 31.92550536385617], [-106.528295506856, 31.925306483824883], [-106.52814278588365, 31.92501820082282], [-106.52792108400169, 31.924859523882954], [-106.52765915996659, 31.92478847971302], [-106.52755026208793, 31.924449690610142], [-106.5272925218849, 31.924002254523177], [-106.52709804851119, 31.923365718413567], [-106.52703925055197, 31.923332255084333], [-106.52677999113291, 31.923380686661858], [-106.52666188689591, 31.92318434290742], [-106.52664534779927, 31.92295060297365], [-106.52635076069329, 31.92257211299592], [-106.5264612993197, 31.922504164157857], [-106.52664840367581, 31.922502325089983], [-106.52782514206038, 31.922646264956512], [-106.52877023285455, 31.922658908785298], [-106.52907357183213, 31.92239238351823], [-106.52913372038631, 31.922102942655247], [-106.5291077027961, 31.921967821862093], [-106.52895436878369, 31.921756868303415], [-106.5289400174829, 31.921011351532716], [-106.52900659798976, 31.92074404431895], [-106.52920199854051, 31.920504348522442], [-106.52964554077619, 31.920198458454298], [-106.52944076602118, 31.91996447489926], [-106.52949335915189, 31.919867746193543], [-106.52955951713379, 31.919868054155394], [-106.52986664134707, 31.920075999476335], [-106.53002166048643, 31.920297670764374], [-106.53011031681274, 31.92002163809494], [-106.52998219168619, 31.919781419501522], [-106.52996080906922, 31.919622451458192], [-106.52970968196543, 31.919229756502563], [-106.52917214639942, 31.91894161346843], [-106.52890577092269, 31.918746928568297], [-106.52864004498082, 31.918459273859384], [-106.5282261492097, 31.91817671521932], [-106.52786807972407, 31.917841383705532], [-106.52769718351409, 31.917603073168635], [-106.52667506668007, 31.91666122038439], [-106.5266262117176, 31.916552289683263], [-106.52668415920496, 31.91642108049599], [-106.52717365557461, 31.915832951953178], [-106.52718580224968, 31.915584733372338], [-106.52697949667572, 31.91522926640599], [-106.52703289708967, 31.915000618599553], [-106.52719898108748, 31.914743628577742], [-106.52721727613469, 31.91463305282924], [-106.52716055892392, 31.91450881148122], [-106.52641639772095, 31.914540803413228], [-106.52573903794476, 31.91468580885718], [-106.5241711858101, 31.915207862837182], [-106.52365149694725, 31.915141664879027], [-106.52282344941437, 31.9148569727197], [-106.52081467197402, 31.91436593917857], [-106.52011010922111, 31.914414978706436], [-106.51786424262637, 31.914176232151846], [-106.51781496282729, 31.914133556047013], [-106.51785591740666, 31.914084950178236], [-106.52011886351288, 31.91432215831086], [-106.52083042944395, 31.91427367678653], [-106.52285505821854, 31.914767931370033], [-106.52368347544957, 31.915052646210587], [-106.52416616373866, 31.91511451359694], [-106.52570837392601, 31.91459649531783], [-106.52640145094149, 31.91444864246564], [-106.52722021318795, 31.914423698864752], [-106.52732739669364, 31.914635936433655], [-106.52730261701689, 31.914775906982914], [-106.5271364238301, 31.915032625312698], [-106.52709083070651, 31.91522818074217], [-106.52729330887061, 31.915559343838122], [-106.52728045196056, 31.915859463069218], [-106.52678019249807, 31.91646647502416], [-106.52674003658622, 31.916554176464672], [-106.52677178938188, 31.91661681754893], [-106.52778264608737, 31.917544791129238], [-106.52795536548761, 31.91778513805487], [-106.52830025980305, 31.918108150939837], [-106.52871673535365, 31.918392780120342], [-106.52898747625298, 31.918684756171924], [-106.52924188274437, 31.918869911768756], [-106.52978731524527, 31.919162268508483], [-106.53006348201279, 31.919589114927643], [-106.53008845660749, 31.91975658528951], [-106.53022045118274, 31.920006608758914], [-106.53019745955677, 31.920183337689437], [-106.53004207168186, 31.920433872827783], [-106.52967002515693, 31.920059356116305], [-106.52976476398452, 31.920237658596637], [-106.5292808526073, 31.920569069561076], [-106.52910675863079, 31.920783772801716], [-106.52904955108427, 31.92101606900388], [-106.52906247257647, 31.921737847046224], [-106.52920944558856, 31.9219309161388], [-106.52924324919827, 31.92211049596014], [-106.52917206345208, 31.92243623406684], [-106.52882912003484, 31.92273873782736], [-106.52781760874578, 31.92273906604331], [-106.52648147557571, 31.922598608613384], [-106.52674544137106, 31.922909710167232], [-106.52677148252863, 31.92316277278501], [-106.52684979765552, 31.923289010757046], [-106.52705409378027, 31.923235761801525], [-106.5271943253291, 31.9233143779393], [-106.52739673679395, 31.923973114318546], [-106.5276534151576, 31.92441700235332], [-106.5277454976009, 31.92472215731671], [-106.52797607956224, 31.924777926712945], [-106.5282287785438, 31.924958829669716], [-106.52839005247354, 31.92525884290104], [-106.52855015061989, 31.92542898283731], [-106.52878420704755, 31.925474675738933], [-106.52890102921154, 31.92554533803997], [-106.52902782437712, 31.926099713932583], [-106.52927744126228, 31.926171818462375], [-106.52930412485372, 31.926293255283785], [-106.52921613405418, 31.926464075081388], [-106.52869319209172, 31.926754166693303], [-106.52839893006036, 31.927039647424074], [-106.52834772365172, 31.927213786177713], [-106.52849341626747, 31.92728236682979], [-106.52910778925308, 31.927345942190186], [-106.52952360967531, 31.927461804337536], [-106.52962647668356, 31.927711843455295], [-106.52985766734017, 31.9279716063827], [-106.52972897469633, 31.928058751621148], [-106.5298731998363, 31.92812881563779], [-106.52986674869234, 31.928250257958748], [-106.52978546157726, 31.928284342303026], [-106.52955536613389, 31.92826368068858], [-106.5292565458432, 31.928462824747793], [-106.52901082461887, 31.928712082818038], [-106.52880662105687, 31.929074925919327], [-106.52877411198385, 31.929221999747764], [-106.52882222030408, 31.92938499956008], [-106.52885797270524, 31.929113692403035], [-106.52890615534821, 31.929047141867596], [-106.52903729700542, 31.929033770666674], [-106.52910421389856, 31.929117209922396], [-106.52907498207492, 31.92926966012276], [-106.52913357232214, 31.92951246582901], [-106.52908957231614, 31.9298004046248], [-106.52933813693043, 31.930263602500148], [-106.52933597864691, 31.930407494592668], [-106.52928198059998, 31.930474185971125], [-106.5285359726832, 31.930925494169458], [-106.5284307169359, 31.930907426843163], [-106.52826916171043, 31.930684012808946], [-106.52821708412905, 31.930680900979144], [-106.52813373706229, 31.93097785853152], [-106.52806350566014, 31.931030102298273], [-106.527561996296, 31.931056162942177], [-106.5272726852486, 31.930981062192277], [-106.52696783252838, 31.930975933159207], [-106.52661295028082, 31.931098381241338], [-106.52647029334965, 31.931064535395034], [-106.52606361804516, 31.931141751796265], [-106.52580098268675, 31.931093587198408], [-106.52574606115772, 31.930987782293805], [-106.52595343114034, 31.93051647585886], [-106.52547083673417, 31.93083178564055], [-106.52501086653702, 31.93088092085329], [-106.52471210343533, 31.930979693868977], [-106.52414245319414, 31.9309799832294], [-106.52420699367894, 31.931027425935675], [-106.52419714731786, 31.93115323436444], [-106.52410764349138, 31.931185833671837], [-106.52388314184113, 31.93114561580949], [-106.52392351428439, 31.93132563417229], [-106.52373598136727, 31.931425338018713], [-106.52363998108059, 31.931415406232933], [-106.52356676612267, 31.931344080254522], [-106.52335453257837, 31.931403165326834], [-106.52325868810736, 31.931321586524344], [-106.52304376411476, 31.93137512222998], [-106.52273494675818, 31.931026811189934], [-106.52269551593216, 31.930869098650792], [-106.52247479221734, 31.93098769923486], [-106.52260135430387, 31.93113183582166], [-106.52256752991799, 31.931249032108457], [-106.5224914582117, 31.931288342496615], [-106.52235216905173, 31.93130766751969], [-106.52217853664594, 31.93124369479522], [-106.52141136904898, 31.931301710247272], [-106.52133653228724, 31.931332903792516], [-106.5210987323683, 31.931618128176254], [-106.52099561625329, 31.93164704821874], [-106.52061690528629, 31.93163801640321], [-106.52028759796707, 31.931523765388555], [-106.52001523762013, 31.93188810336936], [-106.52002082631297, 31.931987238413157], [-106.51992729023402, 31.932072064179668], [-106.5197022179187, 31.932147816859928], [-106.5193933632836, 31.932141545386255], [-106.51912215715028, 31.931981121795594], [-106.51843220292638, 31.932298981120475], [-106.5177610586719, 31.93230678751777], [-106.51766608324571, 31.932394836798892], [-106.51745453545898, 31.932452003299375], [-106.51730392465723, 31.932596196274673], [-106.51729860218143, 31.93264387118069], [-106.51770337780893, 31.932591788912145], [-106.51792979249436, 31.932675994659593], [-106.51824517233744, 31.933119339224962], [-106.51836930492702, 31.9335377806378], [-106.51877902723878, 31.933796178568315], [-106.51920149604113, 31.933955492706456], [-106.51994168909525, 31.93405001112105], [-106.52052045797213, 31.9341817143787], [-106.52192636975761, 31.9341774302339], [-106.52234679895213, 31.934220068454835], [-106.52254208911498, 31.934197904201095], [-106.5228088947528, 31.93408833887675], [-106.52390586811357, 31.934055875800397], [-106.52404695418937, 31.933989474734084], [-106.52494159293025, 31.934073016627842], [-106.52548533956065, 31.933880111523], [-106.5255701058388, 31.933898294862264], [-106.52576944501152, 31.934112876971696], [-106.52589370957665, 31.934167359873854], [-106.52642305262638, 31.934111975273023], [-106.52725955765833, 31.934178821635005], [-106.52745225276423, 31.93425903020232], [-106.52743239061643, 31.934377403744868], [-106.52726131907218, 31.934534993809105], [-106.52675503212456, 31.934807019169703], [-106.52673516198527, 31.934982719057643], [-106.52678931784754, 31.93517465793851], [-106.52676301386968, 31.935319485245085], [-106.52668491985922, 31.935391190163237], [-106.52679884985633, 31.935506444919067], [-106.5268650585811, 31.9357664330741], [-106.52674809649757, 31.93630765621305], [-106.52706215917142, 31.93645479350867], [-106.52726732768464, 31.936722195568244], [-106.5273006392434, 31.936925693882678], [-106.52721844363896, 31.937125871626936], [-106.52720868403385, 31.93741177814364], [-106.52745361406815, 31.937699831773223], [-106.52759918857981, 31.937762089526366], [-106.5276244875588, 31.937876798132795], [-106.52736937754231, 31.938017356622137], [-106.52699530016888, 31.938019369995914], [-106.52694528123479, 31.938129134789158], [-106.52657906821118, 31.938438769147595], [-106.52627346957571, 31.93853062526386], [-106.52617741901206, 31.938651912919166], [-106.52581185560577, 31.938881208123348], [-106.52532456088086, 31.93905691762516], [-106.52488618842368, 31.939429511187996], [-106.5247301424985, 31.939456015650062], [-106.5241565757148, 31.939371217151823]], [[-106.52898035137056, 31.929196629826464], [-106.52896601650025, 31.929139032023922], [-106.52897108276517, 31.929235873879218], [-106.52898035137056, 31.929196629826464]]]}}, {"type": "Feature", "properties": {"name": "FMSP Mule Shoe Loop"}, "geometry": {"type": "Polygon", "coordinates": [[[-106.47749099892634, 31.930105564843547], [-106.47723437529417, 31.929905994841747], [-106.47730752263348, 31.929758044567002], [-106.4772380607602, 31.929712478283676], [-106.4766414421931, 31.929583452610142], [-106.4766598909474, 31.9295326770898], [-106.4768594056711, 31.929439235697956], [-106.47710798092025, 31.929432267638816], [-106.4773532574879, 31.929581261593068], [-106.47725687631856, 31.929344759441975], [-106.4771461401064, 31.929262097998475], [-106.4769980955987, 31.929221611456455], [-106.47676322165695, 31.92923930642641], [-106.4765896739041, 31.92944436969337], [-106.47636141603351, 31.92957607125492], [-106.47595286780123, 31.929555232116048], [-106.47591125883933, 31.92949666818956], [-106.47606967413553, 31.92945115307216], [-106.4763450206153, 31.929481702993176], [-106.47641980944107, 31.92944998825794], [-106.47671842236176, 31.92915302665506], [-106.47700677730732, 31.929128666065946], [-106.47719055911554, 31.929176586764118], [-106.47734931289312, 31.929294152472163], [-106.47747246623466, 31.929583433362065], [-106.47744544930698, 31.92967102320896], [-106.47736929901112, 31.929681087955366], [-106.47742518004492, 31.929746388730848], [-106.47734986137084, 31.929894086700756], [-106.47754618591333, 31.930017375063898], [-106.47758088040233, 31.92983487738868], [-106.47793265688887, 31.92971238917896], [-106.47786450056363, 31.9295194825667], [-106.47787230294959, 31.92933633938141], [-106.47803605229699, 31.929100941886762], [-106.47806828193212, 31.928962663834714], [-106.47797999779738, 31.928759059170048], [-106.47799318344522, 31.928678046498558], [-106.47806823855633, 31.9286180603751], [-106.47803487025469, 31.928477232662182], [-106.477922511445, 31.928546284311953], [-106.47785747877727, 31.92865688470189], [-106.47767388513051, 31.928651232244302], [-106.47758843829268, 31.92848809157633], [-106.4777766500613, 31.928329601714992], [-106.47743920168217, 31.92826027606599], [-106.47728672645702, 31.928354920840103], [-106.47709783428635, 31.92861052167069], [-106.47699572917027, 31.928662048979454], [-106.47689462963316, 31.92862595549292], [-106.47694537196428, 31.928830494653372], [-106.47685975307003, 31.928890328291306], [-106.47626775644146, 31.928925795910136], [-106.47618449256203, 31.9288112485903], [-106.4760310134718, 31.928866074934458], [-106.47597387425239, 31.92881393504702], [-106.47617205050638, 31.928708736332432], [-106.47629233110047, 31.928766214438028], [-106.47630824841004, 31.928833328115495], [-106.47681522452197, 31.92880534475678], [-106.47680351423881, 31.928568264104715], [-106.47689969377386, 31.928514144133274], [-106.47702895800923, 31.928538165741365], [-106.47730121984401, 31.928201204221097], [-106.47754801342222, 31.928160413215732], [-106.4778484546535, 31.928255011660443], [-106.47789120862498, 31.928323631028444], [-106.47786650085779, 31.928408986450233], [-106.47769887522534, 31.928513318719432], [-106.47773052545261, 31.92856872563112], [-106.47778788876843, 31.928575629566403], [-106.47784023071557, 31.92848121193337], [-106.47798555599799, 31.928388033101086], [-106.47810921056087, 31.928398733068402], [-106.47818161148042, 31.928622619721597], [-106.47809091962266, 31.928740747485758], [-106.47817804225456, 31.92897602799261], [-106.47813926485088, 31.92913812010455], [-106.47798227286091, 31.92934572383617], [-106.47797648001311, 31.929505853150125], [-106.47804982651172, 31.929663271700342], [-106.47802520519993, 31.92977642139846], [-106.47766836926941, 31.929898399792684], [-106.47760657790654, 31.930105386211956], [-106.47749099892634, 31.930105564843547]], [[-106.47718177771098, 31.92959011557642], [-106.4771004388181, 31.929525448540755], [-106.47688784050986, 31.929531578178526], [-106.47695710365578, 31.9295347929057], [-106.47718177771098, 31.92959011557642]]]}}, {"type": "Feature", "properties": {"name": "FMSP Mayberry"}, "geometry": {"type": "Polygon", "coordinates": [[[-106.52929292783686, 31.890378869873356], [-106.5291972342853, 31.890451815597885], [-106.52907548007364, 31.89041969168055], [-106.52903545924887, 31.890257511847224], [-106.52889973279402, 31.890126230749164], [-106.52887373007906, 31.889944653830508], [-106.52868817269162, 31.889705293159942], [-106.52874752526402, 31.88958324752082], [-106.52901632046556, 31.88946153225371], [-106.52916282493405, 31.88933646384865], [-106.52865054253378, 31.889516285644262], [-106.52826131546459, 31.88950844955737], [-106.52821578926644, 31.889465670585817], [-106.5282298339094, 31.889197698605543], [-106.52850490635853, 31.888957285377895], [-106.52870365910645, 31.88893068280152], [-106.52889360718206, 31.88828847346548], [-106.52905095775607, 31.888044176336518], [-106.52887467147897, 31.887936097561937], [-106.52872492997014, 31.887935707500972], [-106.52824834479793, 31.88812944362186], [-106.52775018660135, 31.887963265450658], [-106.527674947372, 31.887800756814446], [-106.52741754476136, 31.88772249696015], [-106.52719674444118, 31.88786976006984], [-106.52709927204155, 31.88782888142896], [-106.52708661703012, 31.887778373301792], [-106.52730933885776, 31.887466785195322], [-106.52734287786821, 31.88732917247017], [-106.52722398831338, 31.887218129597724], [-106.52722234616309, 31.887138679961303], [-106.52726854376567, 31.887110421654803], [-106.52701159494933, 31.88685164259095], [-106.5270721033513, 31.886770580272255], [-106.52725154927793, 31.88678296634621], [-106.52728522455519, 31.886738029197247], [-106.52694904254909, 31.886498651930616], [-106.5266967414503, 31.886463345285975], [-106.52610307004103, 31.885659386470802], [-106.52606967606141, 31.885458698972048], [-106.52591855357642, 31.885347363738525], [-106.52590736731112, 31.88524445176654], [-106.5257334970034, 31.88495432347041], [-106.52553311019832, 31.884900210535413], [-106.5254912171216, 31.88480151759111], [-106.52527737331954, 31.884611698791726], [-106.52531413313757, 31.884121641930427], [-106.52538816562385, 31.88392270717669], [-106.52525556572398, 31.883719038079782], [-106.52524526747081, 31.883508668889572], [-106.52557533810705, 31.88271866886042], [-106.52575232405098, 31.88247805462595], [-106.52598348860467, 31.882317504984417], [-106.52625632412202, 31.881753801001686], [-106.52630219376168, 31.881313095332185], [-106.52639083185501, 31.881009166054376], [-106.52661557430446, 31.880560206706356], [-106.52630241630085, 31.87993947468611], [-106.52656026265197, 31.879706578840853], [-106.52664249165385, 31.879402250294945], [-106.52670921190135, 31.87943563899986], [-106.52672076514108, 31.87960547399263], [-106.5266514175156, 31.87975999535847], [-106.52642052519329, 31.87995712159366], [-106.52672725747128, 31.8805648825189], [-106.52649571573083, 31.881036409436717], [-106.5264103003429, 31.881328850841562], [-106.5263618194835, 31.881781380371965], [-106.52607804484661, 31.882367318239815], [-106.52583591967779, 31.882539125753123], [-106.52567220271597, 31.882762467887016], [-106.52538711578477, 31.883424116721827], [-106.5253629112479, 31.883691696467498], [-106.525471990611, 31.88380549877359], [-106.52549918396788, 31.883925400829888], [-106.52542334496779, 31.88413480578129], [-106.5253823922358, 31.884581162618453], [-106.52558391368095, 31.884749329356534], [-106.52561535831707, 31.884829284868783], [-106.52581918108946, 31.884890504362076], [-106.5260105862171, 31.88520902446397], [-106.52602060231871, 31.885308675998697], [-106.52616956698053, 31.885407329725727], [-106.52620336976847, 31.885620766080994], [-106.526769410161, 31.886390839673872], [-106.5269996444616, 31.886414005940175], [-106.52738003441746, 31.8866902622528], [-106.52740186251208, 31.88681183832883], [-106.52727619609637, 31.8868764987693], [-106.52714028349318, 31.886865125054292], [-106.52731156638625, 31.887024902096947], [-106.52745552736786, 31.88707997040519], [-106.52749878460924, 31.88717123278843], [-106.52740813267091, 31.887219125976156], [-106.52745354262792, 31.88732394685866], [-106.52741466590166, 31.887493521976698], [-106.52726445258367, 31.88770803201418], [-106.52740736163805, 31.88762345366115], [-106.52774812841456, 31.887724230718916], [-106.52781714111983, 31.88788741079667], [-106.52825566371166, 31.888033029458096], [-106.52871203186875, 31.88784267957118], [-106.52891283984653, 31.88784822777333], [-106.52916539446086, 31.88801445476483], [-106.52899587760947, 31.88832275455966], [-106.52878038198975, 31.88900987107641], [-106.52857089979862, 31.889034543178767], [-106.52832541674152, 31.889249677172078], [-106.5283216906943, 31.889416108241587], [-106.52863707762309, 31.88942332322463], [-106.52917701778028, 31.889235512298086], [-106.52931958127985, 31.889283346939976], [-106.52929072352369, 31.88937255254111], [-106.52912948825688, 31.889464956683863], [-106.52910746207945, 31.889521838310905], [-106.52879927457347, 31.889689100629663], [-106.52897453649118, 31.889902125164575], [-106.52900277741756, 31.890094584406125], [-106.52913780228039, 31.89022219114795], [-106.52915913505103, 31.890351897887903], [-106.5292707985684, 31.890269186345023], [-106.52943537122148, 31.890339465110365], [-106.52948440820526, 31.890441595888046], [-106.52945153896617, 31.890663730527905], [-106.5295294335758, 31.89113082619941], [-106.52946156325575, 31.891315522663117], [-106.52945413775869, 31.891577218912893], [-106.52992272640675, 31.891881558759977], [-106.52997621436427, 31.8920190918643], [-106.52972672100846, 31.8922823519095], [-106.52966524728478, 31.89222112682901], [-106.52986111885032, 31.89201444321668], [-106.52983560953524, 31.891941332630243], [-106.52934535057305, 31.89161018638258], [-106.52935336294665, 31.89129886025593], [-106.52941912918327, 31.891123844680074], [-106.52934134427757, 31.89066348761362], [-106.52937677869298, 31.890462295980136], [-106.52929292783686, 31.890378869873356]]]}}, {"type": "Feature", "properties": {"name": "FMSP North Clydesdale"}, "geometry": {"type": "Polygon", "coordinates": [[[-106.51825036481112, 31.87622855505864], [-106.51701934059456, 31.87595064629782], [-106.51558128201042, 31.876095865005748], [-106.51535236774653, 31.87597535239368], [-106.51503260502855, 31.875890135176732], [-106.51480232738676, 31.875985716210607], [-106.51454419957771, 31.87594657844018], [-106.5140138221576, 31.87572318064292], [-106.51274771262275, 31.875562947709398], [-106.5125067244691, 31.875354571827735], [-106.51183090590385, 31.875120207460853], [-106.51155597675645, 31.87515774685124], [-106.50998956014105, 31.874883488902256], [-106.50860476017095, 31.87447780789786], [-106.50665292496647, 31.874474188946074], [-106.50644952917287, 31.87444641311618], [-106.50608987549003, 31.87426227936225], [-106.50615956456582, 31.87422260635806], [-106.50649014489589, 31.874359732534494], [-106.5066644498503, 31.874381617306724], [-106.50862543181732, 31.874385923775677], [-106.51001494294485, 31.874792969657996], [-106.51156787443114, 31.8750648668174], [-106.51185294180577, 31.87502832711667], [-106.51256790749244, 31.87527641088982], [-106.51279162981096, 31.8754751899468], [-106.51404694319865, 31.87563390818908], [-106.51457213630916, 31.875856417323096], [-106.51478656064114, 31.8758910530796], [-106.5150360263562, 31.875794144838412], [-106.51539996004014, 31.875891054481286], [-106.51559364112552, 31.876000612071433], [-106.51703189501654, 31.87585756987206], [-106.51827164182782, 31.876137122163495], [-106.51869549634858, 31.876138534792442], [-106.51874064556964, 31.87618438419324], [-106.51869533755774, 31.87623012047399], [-106.51825036481112, 31.87622855505864]]]}}, {"type": "Feature", "properties": {"name": "FMSP North Franklin Peak"}, "geometry": {"type": "Polygon", "coordinates": [[[-106.49385280364048, 31.91247547768994], [-106.49377471673796, 31.912099516288677], [-106.49321939540656, 31.912254295812254], [-106.49271885635909, 31.912296515954658], [-106.49212541263093, 31.911974154250153], [-106.4918870024056, 31.91192059252196], [-106.49145197720958, 31.9119744562799], [-106.49131295382136, 31.91193981972065], [-106.49152554749443, 31.911528855748553], [-106.49165064571758, 31.911476473960033], [-106.49197734939709, 31.91148700998867], [-106.49214903238635, 31.911340460558375], [-106.49241103890127, 31.910979991061012], [-106.49238124175528, 31.910840051928663], [-106.49219444764807, 31.910600279870874], [-106.49212708227131, 31.910290485076747], [-106.49212968741385, 31.90998168186655], [-106.49230956677192, 31.90961162317543], [-106.4922887498533, 31.90941995078445], [-106.4918937913035, 31.909475635459533], [-106.49087101299449, 31.909260474841037], [-106.49081624741063, 31.908836491445147], [-106.49036942882505, 31.908474584470348], [-106.49044663798243, 31.908418557180095], [-106.49091413427794, 31.90845564132826], [-106.49036524428688, 31.90797487675114], [-106.4902153658144, 31.907759557082873], [-106.49023847457393, 31.907617515851076], [-106.49042962722302, 31.907503028270686], [-106.49169234311107, 31.907120586031684], [-106.49180972423027, 31.906929975015057], [-106.49200696438947, 31.90677741005232], [-106.49223526878723, 31.906820767052874], [-106.49241294679241, 31.906924788762655], [-106.49252903054469, 31.906669288584794], [-106.49267157826004, 31.906652856748877], [-106.49273514399246, 31.90679067567886], [-106.49266119546718, 31.907187519330705], [-106.49292476403276, 31.90677744868682], [-106.4929898935579, 31.90654203166242], [-106.49304442027463, 31.906514609273867], [-106.49312579646379, 31.906535532926938], [-106.49317029949357, 31.90664027322126], [-106.49313710532347, 31.906913794466238], [-106.493183224868, 31.90715168280644], [-106.49454861932614, 31.90760336617049], [-106.49485890358255, 31.907802721250313], [-106.49469265993542, 31.90735074891979], [-106.49422347417149, 31.90687599448373], [-106.49418755070455, 31.906693443372856], [-106.49426538721403, 31.906354516187648], [-106.494005151943, 31.90552200185857], [-106.49407361754037, 31.905461426627127], [-106.49417551016313, 31.905503187152537], [-106.49501100371269, 31.90623952408107], [-106.49504656340346, 31.906059495740916], [-106.49482097060478, 31.90558368772657], [-106.49418962116388, 31.904674218205244], [-106.49405462151192, 31.90417667832538], [-106.49403936358846, 31.903671050543085], [-106.49370852888094, 31.903174430439343], [-106.49359060877042, 31.902850257966282], [-106.49364753652073, 31.90279793693208], [-106.49369722187822, 31.902830570928884], [-106.49381036864368, 31.903139508940725], [-106.4941458278375, 31.903645887158923], [-106.49418828574554, 31.90397290657564], [-106.49416467440514, 31.904171009674048], [-106.49429529609132, 31.904647970511984], [-106.49491837080721, 31.905540973693284], [-106.4951557616026, 31.906045958355314], [-106.49511357450392, 31.906280586182948], [-106.49497055307417, 31.90632999614228], [-106.49415178478473, 31.90564695554203], [-106.49437569746989, 31.906347175031765], [-106.49429740700414, 31.90669489936396], [-106.49432642947964, 31.90684300015666], [-106.49478752123207, 31.907304035461717], [-106.49497158759489, 31.907848625908628], [-106.49490872357964, 31.907905866305686], [-106.4948011859057, 31.90788475516304], [-106.49450695435779, 31.907689431903453], [-106.49310861641516, 31.907221634194883], [-106.49304373952798, 31.907090682673438], [-106.49304000029585, 31.906762379239144], [-106.4927038295232, 31.90734643748752], [-106.49259320951982, 31.907410178429913], [-106.49251087248408, 31.90733944228715], [-106.49261625346294, 31.906741061300117], [-106.49246590778812, 31.90701277313522], [-106.49235377926443, 31.90701345237651], [-106.49218864568469, 31.906905102120138], [-106.49203588475467, 31.90686979611848], [-106.49175018973772, 31.90719988177536], [-106.4911310792716, 31.90742067368453], [-106.49047876363807, 31.907586650709913], [-106.49033025369923, 31.90767344823448], [-106.49032503474562, 31.90774914891568], [-106.4904492732534, 31.90791491779717], [-106.49105721216715, 31.908440864965236], [-106.49105101529601, 31.908523278162388], [-106.49096248607836, 31.908552155458807], [-106.49054837437433, 31.908515188176658], [-106.49091688415017, 31.908793581514125], [-106.4909511762719, 31.90918921095544], [-106.4919006399094, 31.909381041874457], [-106.4922475669194, 31.90931443326967], [-106.49238878650094, 31.909373305937685], [-106.49241878623583, 31.90962797573788], [-106.49223700716723, 31.910004757668673], [-106.4922366110112, 31.910287075274233], [-106.49229621406057, 31.91056371732026], [-106.49248281724475, 31.91080487609219], [-106.4925176098513, 31.911003432663883], [-106.49223719784047, 31.911395777206696], [-106.49209970580888, 31.91151682144093], [-106.49201488150368, 31.911576895899188], [-106.49160881373213, 31.911593799152715], [-106.4914577935548, 31.911880489923092], [-106.49188822910753, 31.911826616677168], [-106.49216536573601, 31.911886959488513], [-106.49273969299043, 31.912204058193055], [-106.49319723914536, 31.912163173226126], [-106.49382436019188, 31.912000670368755], [-106.49391329188221, 31.912152417024767], [-106.49395953992648, 31.912450533377626], [-106.49413520692951, 31.912672707254128], [-106.49411077851163, 31.91281579576238], [-106.49358807084722, 31.913301894250612], [-106.49341001331281, 31.913617897298387], [-106.49329822368085, 31.91396645243689], [-106.49327360400738, 31.914334812377927], [-106.49291162426914, 31.914578868809965], [-106.49289341163747, 31.914509350103327], [-106.49317384524413, 31.914289979363733], [-106.49322188670844, 31.913795756214693], [-106.49349188969762, 31.91325712719514], [-106.4940153260689, 31.912765383174513], [-106.49402531106855, 31.912703222222113], [-106.49385280364048, 31.91247547768994]]]}}, {"type": "Feature", "properties": {"name": "FMSP North Hills Access"}, "geometry": {"type": "Polygon", "coordinates": [[[-106.44999556792425, 31.93263709334769], [-106.44974997045802, 31.932569172609465], [-106.44952983041632, 31.93259046023081], [-106.4491716710033, 31.932499386552156], [-106.44914211144302, 31.932448103113764], [-106.44920247047384, 31.932411510355095], [-106.44954974447464, 31.932498513653726], [-106.44975581658221, 31.932475216964445], [-106.45005927445737, 31.932533179688747], [-106.45023142556424, 31.932084933288476], [-106.4502024591897, 31.93024892158138], [-106.45026534575749, 31.930106348720415], [-106.45044793227098, 31.929915023652647], [-106.45080252924438, 31.929919820345695], [-106.4512188242478, 31.929801957476695], [-106.45125525143098, 31.92990762090003], [-106.45082844721675, 31.93021873688787], [-106.45076244009513, 31.930207724981837], [-106.45075881440512, 31.930150716111537], [-106.45109796810874, 31.92991379643348], [-106.4508212238197, 31.930011804151913], [-106.45049658006978, 31.930003029383144], [-106.45030827531777, 31.93027405520289], [-106.45034024640096, 31.93209853972161], [-106.45014811476246, 31.932591541398725], [-106.44999556792425, 31.93263709334769]]]}}, {"type": "Feature", "properties": {"name": "FMSP East Cottonwood Spur"}, "geometry": {"type": "Polygon", "coordinates": [[[-106.49300934096146, 31.913660251647833], [-106.4930758756658, 31.913262379691364], [-106.4930054505474, 31.91326952839934], [-106.4929791685988, 31.913221142800488], [-106.49311118253577, 31.913156391622127], [-106.49319559574704, 31.913217505170532], [-106.49311689368568, 31.913640395632324], [-106.49318667927807, 31.91384704462027], [-106.49327652044262, 31.91393204978524], [-106.49324360305606, 31.91398847574961], [-106.49309123323373, 31.913894687179585], [-106.49300934096146, 31.913660251647833]]]}}, {"type": "Feature", "properties": {"name": "FMSP Northern Pass"}, "geometry": {"type": "Polygon", "coordinates": [[[-106.50763857096224, 31.99338636630373], [-106.50748621088196, 31.993428009839572], [-106.50719042970391, 31.99342020542134], [-106.50670662886566, 31.993236081674993], [-106.5065077127943, 31.99309052141631], [-106.50603280257104, 31.992965194317556], [-106.50584844449496, 31.99279322804691], [-106.50550625611794, 31.992939527276675], [-106.50527003592971, 31.992921842551077], [-106.50495013158076, 31.992445666009175], [-106.50439891918043, 31.992564416195375], [-106.50420593619968, 31.99248821662971], [-106.50415314705327, 31.99236099038916], [-106.50415873154643, 31.99215695453826], [-106.50418805271869, 31.992042048193447], [-106.50434638276006, 31.991823635002746], [-106.50419010253509, 31.99155552536719], [-106.50394976722959, 31.99151849885696], [-106.50385350353821, 31.99144329701195], [-106.50383840304958, 31.991320561586154], [-106.50362364238936, 31.991342907071807], [-106.50351630822982, 31.991424888189908], [-106.50339070825362, 31.99143898390029], [-106.50319270154337, 31.99142313397416], [-106.50303242224422, 31.99131535749527], [-106.50265969755061, 31.990802563552386], [-106.50269082207703, 31.990634490129032], [-106.50259661687952, 31.990459221473838], [-106.50220827021668, 31.990144722088516], [-106.50189667825205, 31.989690666054795], [-106.50186569847807, 31.989329821047583], [-106.50190746647026, 31.989228935468237], [-106.50168166746768, 31.989125364401698], [-106.5015728300695, 31.988828347688578], [-106.50158704964252, 31.98871525188103], [-106.50137385440338, 31.98874278058445], [-106.50107387551279, 31.988630141995117], [-106.50088111093464, 31.988375660630222], [-106.50084441918686, 31.988157348254955], [-106.5004059624154, 31.98802378216816], [-106.50030026066831, 31.98791344838049], [-106.49985607420565, 31.987676757544346], [-106.49956079112724, 31.987577653432606], [-106.49929669254854, 31.98733257614131], [-106.49926035396855, 31.987075352439785], [-106.49889740912964, 31.987003910671792], [-106.49881286181878, 31.98682127764537], [-106.49849555382332, 31.986959641353756], [-106.49835140205884, 31.986935226936897], [-106.498236945079, 31.986977888168635], [-106.49781365532365, 31.987325085132333], [-106.49756720768845, 31.987448007579854], [-106.49661949466505, 31.98763006766438], [-106.49638288252797, 31.987603537569484], [-106.49551687923204, 31.987279777990246], [-106.49516800171124, 31.987282465842203], [-106.4951310114106, 31.987221748641492], [-106.49553562526486, 31.987187627235844], [-106.49641852977946, 31.987514827037344], [-106.49675597017375, 31.98751977888697], [-106.49751920260127, 31.9873608138654], [-106.497745222697, 31.987250348977806], [-106.49796071521492, 31.98703773132229], [-106.49818757117765, 31.986894273375103], [-106.49834909995963, 31.98684116671868], [-106.49846976879937, 31.986869057465913], [-106.49876003116526, 31.986735645513825], [-106.49887930281798, 31.9867399863199], [-106.49896718521369, 31.98693061519873], [-106.49934326821605, 31.98701267450725], [-106.49939337832399, 31.98728867435305], [-106.49962191573762, 31.987499111355206], [-106.4999098075506, 31.987595359960103], [-106.50035821773949, 31.9878340503014], [-106.50046436834049, 31.987941816617084], [-106.50091554003096, 31.988084171951595], [-106.50098073186327, 31.988336312997316], [-106.50114526403407, 31.98855957995242], [-106.50138744358844, 31.988649954937824], [-106.50158328685268, 31.988613280754024], [-106.5016737493545, 31.988655176910658], [-106.50177426558284, 31.989074457179715], [-106.50202123472964, 31.989198845081187], [-106.50197521820931, 31.989337191216258], [-106.50199958464606, 31.989656682719545], [-106.50229757402819, 31.990089764028617], [-106.50269099593694, 31.990412015976926], [-106.50279962398508, 31.99061807153474], [-106.50276769144156, 31.990778666509797], [-106.50311652308007, 31.991254764889664], [-106.50323185426123, 31.991333925942694], [-106.50344982414315, 31.991346185706043], [-106.50358068948559, 31.99125598212076], [-106.50387478344912, 31.99122963249732], [-106.50401288418573, 31.991442150413988], [-106.50422304258049, 31.991458163226863], [-106.50428551403257, 31.99150797359881], [-106.50446857320092, 31.99180814505655], [-106.50429006923866, 31.99207765015269], [-106.50428957914129, 31.992425305465627], [-106.50439978164052, 31.992470237895354], [-106.50498989940861, 31.992355941046032], [-106.50506530361922, 31.992408160821235], [-106.50532196425216, 31.992838352322398], [-106.50548029430774, 31.99284924804944], [-106.50588113459578, 31.99269937773981], [-106.50608646592457, 31.992883923102248], [-106.50655172447374, 31.99300349746861], [-106.50676158917722, 31.993155205922076], [-106.50723074129856, 31.993332808561725], [-106.50750487225807, 31.99333197626663], [-106.50759922137873, 31.99328081880843], [-106.50824702278734, 31.993384532557766], [-106.50840358607458, 31.99332216098987], [-106.50844423448908, 31.993259476653574], [-106.50861470229522, 31.99326385551498], [-106.508621063214, 31.99315497823651], [-106.50871018522236, 31.99309151138613], [-106.50902025188628, 31.993140459928004], [-106.51024373318951, 31.993119190980217], [-106.51093108274536, 31.99298545102472], [-106.51113038508294, 31.992825242680826], [-106.51111847405221, 31.992598287457515], [-106.51098467642981, 31.991679175695282], [-106.51077366287925, 31.99138819535783], [-106.51062004120007, 31.99129435554486], [-106.51056761855365, 31.991148316121716], [-106.51057875399738, 31.990807934785202], [-106.51052268189542, 31.9906076266817], [-106.51061331618537, 31.99026902883391], [-106.51054601635839, 31.990038394599956], [-106.51059645210044, 31.989923925804057], [-106.51070347210407, 31.98985711761529], [-106.51093992115631, 31.989959170776974], [-106.51106238171037, 31.990296509012246], [-106.5110466957655, 31.990439396093652], [-106.51142966964944, 31.990865683069483], [-106.51199163507025, 31.990868673439113], [-106.51210507434241, 31.990997398003753], [-106.51217543236751, 31.990954011549064], [-106.51226364889848, 31.990984555676807], [-106.51237712032272, 31.99122261849264], [-106.51265187139222, 31.99130104602502], [-106.51342338257002, 31.99116695588048], [-106.51380203760066, 31.99119068038628], [-106.51395975839445, 31.991117362576457], [-106.51409462127664, 31.990970597991943], [-106.51420550854348, 31.990704813814688], [-106.51423947777208, 31.990040940587573], [-106.51416708834012, 31.989565219927105], [-106.51423840830951, 31.989390972594432], [-106.5142151617998, 31.98929770535766], [-106.51434914973865, 31.989228569313617], [-106.51459618090473, 31.989325238588556], [-106.51500094429052, 31.98963927078675], [-106.51517801397269, 31.989545528281695], [-106.51527732375236, 31.9895583551677], [-106.51537766044454, 31.98983469407792], [-106.515368744887, 31.99046565171618], [-106.51539890181097, 31.990713510998173], [-106.51546557994999, 31.99081120631025], [-106.5162357698612, 31.9910742932968], [-106.51653399581775, 31.991220945186424], [-106.51670541432001, 31.991158424814124], [-106.5169001261877, 31.991225316935928], [-106.51731605613641, 31.991225206726885], [-106.51759980248106, 31.991491613721397], [-106.51765921625633, 31.991754546710904], [-106.51763406800974, 31.99204579930478], [-106.51786841376962, 31.9918890843995], [-106.51827839059685, 31.991433808502165], [-106.51836477021776, 31.991407520728554], [-106.51838189957077, 31.991338447265093], [-106.51858317485122, 31.991299930052957], [-106.51855629411973, 31.99123471878162], [-106.51861256182988, 31.991183225003407], [-106.51910155520703, 31.9913469395242], [-106.51918429403194, 31.991463136008964], [-106.51926163935002, 31.99147121597751], [-106.51938065210754, 31.991690391645278], [-106.51939242343136, 31.99152509972317], [-106.519489312538, 31.99148016690936], [-106.51968164113826, 31.991779445940526], [-106.51958932042345, 31.9910262920506], [-106.51943867379919, 31.990789929837952], [-106.51953132794605, 31.99072523188676], [-106.51973954766135, 31.99082436472099], [-106.51989262079171, 31.99101933070027], [-106.52003806079658, 31.991387313123166], [-106.52021217421202, 31.991543214663583], [-106.52037751515294, 31.99159310111271], [-106.52044499338882, 31.991741404573073], [-106.52052864165366, 31.991538734347387], [-106.52064793527438, 31.99144910981742], [-106.52075212387598, 31.991509715001683], [-106.52075763660463, 31.991606620274734], [-106.52083362924901, 31.991675457824737], [-106.52088959026703, 31.99162307044131], [-106.5208814250326, 31.991542524329073], [-106.52079536777788, 31.991367611966716], [-106.52084800834334, 31.991309612064185], [-106.52096539085812, 31.991288657947027], [-106.52118191173301, 31.991590507930603], [-106.52121652515895, 31.991823630582243], [-106.52131687853168, 31.991645474892728], [-106.52133580389618, 31.991144904097133], [-106.52144929380141, 31.991125024033103], [-106.52160666666089, 31.991281366251332], [-106.5215205565699, 31.991369053857795], [-106.52142291268616, 31.991246243944857], [-106.5214086234221, 31.99174129370772], [-106.52125134181382, 31.991969923266897], [-106.52113685909964, 31.991963774999675], [-106.52107595141257, 31.991617050279977], [-106.5209407735598, 31.99138695816502], [-106.5209861943556, 31.991671807017074], [-106.52088846101226, 31.991760465974224], [-106.52078498327266, 31.991766482138605], [-106.52063398876223, 31.991572376980812], [-106.52049632043142, 31.991892969098576], [-106.52043062445219, 31.991920203279832], [-106.52030345336863, 31.991666660531195], [-106.52014583332117, 31.99161717034144], [-106.519941069503, 31.991431833529997], [-106.51979195729491, 31.991056667842233], [-106.51964008563606, 31.99086718436346], [-106.51979822853075, 31.99164513973723], [-106.51971420372466, 31.992060008670673], [-106.5196056163424, 31.992033965109872], [-106.51959387607543, 31.991835840132648], [-106.51949390324543, 31.991674775902005], [-106.51947836570417, 31.99204697104737], [-106.51943823208923, 31.992147687057358], [-106.51936152679018, 31.992148262475354], [-106.51929167727728, 31.991746909452928], [-106.51920386190233, 31.991578112291652], [-106.51911119581355, 31.99153990010906], [-106.51902708746951, 31.991417030976834], [-106.5187452882066, 31.991330820241565], [-106.51881595134653, 31.991473360910017], [-106.5187869082459, 31.991530411230578], [-106.51870342142769, 31.991533585133954], [-106.51861356569302, 31.991461128435773], [-106.51856009550397, 31.99157372909874], [-106.5183459636236, 31.991518824117783], [-106.51794699426452, 31.991953929730688], [-106.51771687247067, 31.99211566898261], [-106.51756108771984, 31.99215484522487], [-106.51751375591064, 31.992085378165136], [-106.51754846921774, 31.991756577979395], [-106.51749530398499, 31.99152725117664], [-106.5172482315938, 31.99129986558978], [-106.51689098259868, 31.991318798331836], [-106.51669413249012, 31.991259347229818], [-106.51651262411853, 31.99131310380078], [-106.515385000187, 31.990875954825263], [-106.51528993619846, 31.99073436851179], [-106.51527789173304, 31.989928943502516], [-106.51520393394289, 31.989650155957506], [-106.51510907294812, 31.98971371301485], [-106.51495823331707, 31.989730750226684], [-106.51453427962797, 31.989404123599236], [-106.5143569877308, 31.98932227384316], [-106.51428225757438, 31.98957631612473], [-106.51434998712396, 31.990041557467585], [-106.514312855506, 31.990725826223816], [-106.514187355447, 31.991023279687255], [-106.51398289989064, 31.99122365968575], [-106.51382518046123, 31.991281537347426], [-106.51342939713918, 31.991259881332038], [-106.51263443396063, 31.991392863885174], [-106.51230551737848, 31.991295806764228], [-106.51218538150864, 31.991062126500044], [-106.51205760300374, 31.991089767596026], [-106.51193698282367, 31.990951035444663], [-106.51137873744064, 31.990948233571753], [-106.51121948269073, 31.990825221511205], [-106.51108853445702, 31.99059681681821], [-106.5109493017605, 31.990487335684183], [-106.51094858137543, 31.99030410524391], [-106.51087804162782, 31.99007289248627], [-106.51072662872267, 31.990084603451642], [-106.51068512823065, 31.989978538085474], [-106.51065657597604, 31.990036351822326], [-106.51072376824199, 31.990275723423625], [-106.51063177962341, 31.990645281817475], [-106.51068928239307, 31.990803516988574], [-106.51067569914854, 31.99113275721098], [-106.51071312390089, 31.9912422459952], [-106.51085267894733, 31.991321742798544], [-106.5110870930384, 31.991643759945855], [-106.51122779359372, 31.99259128601423], [-106.511234753604, 31.992854610749735], [-106.51099397706835, 31.993062083751006], [-106.51031448143654, 31.993208823635108], [-106.50901738041915, 31.99323332747621], [-106.50872471130411, 31.993190662530086], [-106.50868817348267, 31.99333879488748], [-106.5085117051726, 31.993339360306376], [-106.50848136195978, 31.993392631690973], [-106.5082610926719, 31.993477792587722], [-106.50763857096224, 31.99338636630373]]]}}, {"type": "Feature", "properties": {"name": "FMSP Old Tin Mine Road"}, "geometry": {"type": "Polygon", "coordinates": [[[-106.45952357166131, 31.93646325894026], [-106.45892042227692, 31.93630127130755], [-106.45830269715842, 31.9362827105616], [-106.45770528814803, 31.93617769621535], [-106.45740620392952, 31.93597125527622], [-106.45725690307286, 31.935763712358025], [-106.45635100189578, 31.935486950327615], [-106.45593859180545, 31.935288055393418], [-106.45473856636296, 31.93516353205549], [-106.45407111041375, 31.934970502913206], [-106.45335670933643, 31.934564117422603], [-106.45265247441873, 31.933620377357343], [-106.452103357717, 31.933043547371714], [-106.45193149573255, 31.932938904222347], [-106.45141783794995, 31.932798702360586], [-106.45111673070897, 31.932590964721772], [-106.4510504170756, 31.93244549431913], [-106.45113328536691, 31.93242465772971], [-106.45120115833134, 31.932530091071598], [-106.45147328330961, 31.932717642074504], [-106.45198093315273, 31.932855314394924], [-106.45218093020891, 31.932976829043564], [-106.45274181221366, 31.933566547700654], [-106.45343594386613, 31.934499224248064], [-106.45412182337235, 31.93488796271313], [-106.45475953967794, 31.93507198678903], [-106.45597926691103, 31.93520063126201], [-106.45639025483244, 31.93539996625968], [-106.4573142928448, 31.93568335998057], [-106.45743291916551, 31.93578356423207], [-106.45749098488622, 31.935911442203594], [-106.45774571302601, 31.936090977410956], [-106.45831580826744, 31.936190401200626], [-106.45893906458201, 31.936209213374173], [-106.45954328049275, 31.936371063776576], [-106.46032890196172, 31.93624028353468], [-106.4606089027467, 31.936047624282526], [-106.46176687786034, 31.93572704298486], [-106.46236888224264, 31.935672278024647], [-106.46311075899337, 31.93543392624002], [-106.46322177997591, 31.93532631359019], [-106.46352582587431, 31.93483135027155], [-106.46409666706153, 31.93452283819862], [-106.46434020979997, 31.934331649980127], [-106.46475795192848, 31.93413728192542], [-106.46531579339174, 31.933669909969908], [-106.46609618977209, 31.933503482906932], [-106.46674794193893, 31.933553758633824], [-106.46726160938555, 31.933466743124562], [-106.46759673652811, 31.933220072281486], [-106.46837414008557, 31.932957844523408], [-106.4690032808495, 31.93306547491806], [-106.46988780257843, 31.93293412548417], [-106.47079749163322, 31.93297603717369], [-106.47121478046932, 31.93305848137427], [-106.47254146099422, 31.932479511644054], [-106.47286913911921, 31.932054911413285], [-106.4730553174988, 31.93198569466527], [-106.47368732742281, 31.932004140455366], [-106.47568511636568, 31.93222991600625], [-106.47641382755592, 31.932205715719967], [-106.47789813945634, 31.931926097489864], [-106.478591090628, 31.931498444258708], [-106.47881549815969, 31.93142086113853], [-106.4799418366304, 31.931337967826213], [-106.48105675088863, 31.931124221635066], [-106.48314273331955, 31.93108604918436], [-106.4838847134695, 31.93089704697826], [-106.48424729190299, 31.930937275524506], [-106.48453370264032, 31.931091624025292], [-106.48505255186984, 31.93203588606065], [-106.48730211269961, 31.932984588331376], [-106.4870350031059, 31.93370641981284], [-106.4872004829878, 31.934284889340834], [-106.48735645756254, 31.934535475808186], [-106.48737925650654, 31.93466496745086], [-106.4872733953847, 31.93478925503199], [-106.48684497664688, 31.935087555208973], [-106.48677071913016, 31.93534903460171], [-106.48691949814355, 31.935563657334896], [-106.48736482393736, 31.936009913406934], [-106.48751652851436, 31.936086218562124], [-106.48771663767859, 31.936110233097665], [-106.48805099571294, 31.9359595564843], [-106.48811380255057, 31.936006764054564], [-106.48774499430839, 31.936202245016435], [-106.48747037236065, 31.936171045125885], [-106.48728539271602, 31.936074472899943], [-106.48683310901392, 31.93562107553744], [-106.48665566149985, 31.93536170578194], [-106.4867482715529, 31.935037311512442], [-106.4872674038549, 31.934644979680588], [-106.48709715791308, 31.93431604631267], [-106.48692457255218, 31.93370539236389], [-106.48699934979041, 31.9334276051902], [-106.48719205140664, 31.933036136175275], [-106.484988429551, 31.93211216215497], [-106.48488812994493, 31.932016598932222], [-106.48444880712199, 31.931153610859003], [-106.4842133830782, 31.93102678339853], [-106.48388020699522, 31.930990274407357], [-106.48315853307564, 31.931178174171283], [-106.48107197048618, 31.9312165326248], [-106.47996012293709, 31.931429630430763], [-106.47884004777583, 31.9315123164429], [-106.4786467736998, 31.931579092849507], [-106.47793806361157, 31.932012856121826], [-106.47642623118747, 31.93229810697965], [-106.47567516772664, 31.932322491719077], [-106.47367608728655, 31.93209661186049], [-106.47307433447334, 31.932078075235157], [-106.47294519635054, 31.932124125665066], [-106.47273597321414, 31.932445527551955], [-106.47260631493718, 31.93255503617431], [-106.47123501550963, 31.933150570662853], [-106.47104472929965, 31.933147134622935], [-106.47078231982356, 31.93306815511023], [-106.469889268056, 31.933027275448765], [-106.46899544877917, 31.933159374918514], [-106.4683948222475, 31.933049810891564], [-106.46765345157294, 31.933300269372427], [-106.46729715294325, 31.933555532243844], [-106.46675176971013, 31.933647280239803], [-106.4661072030425, 31.93359646358094], [-106.46535855895324, 31.93375627396194], [-106.46482523976779, 31.93421134336726], [-106.46440446424897, 31.934407360854596], [-106.46415963146359, 31.934599007066616], [-106.46360365936758, 31.934898977845553], [-106.46331450943897, 31.93537605821557], [-106.46317040081311, 31.935513487364535], [-106.46240039638674, 31.935761534512633], [-106.46179557343574, 31.93581686502901], [-106.46065279039829, 31.93613324015243], [-106.4603723933746, 31.93632710842774], [-106.45952357166131, 31.93646325894026]]]}}, {"type": "Feature", "properties": {"name": "FMSP Northeast Pipeline Road"}, "geometry": {"type": "Polygon", "coordinates": [[[-106.45126410023627, 31.94629022884436], [-106.45132498801041, 31.946319911508336], [-106.46069620387549, 31.967774328658], [-106.461501752796, 31.970259551619943], [-106.46181192647414, 31.970647591588627], [-106.46372507745784, 31.97472630862418], [-106.46410259189858, 31.97614011150352], [-106.46452637839387, 31.976587560106168], [-106.46697281474914, 31.98191640500751], [-106.46831946274358, 31.983850848908595], [-106.46917142347444, 31.985765990430796], [-106.46972285159637, 31.987562400247874], [-106.48089328850423, 32.000949736845996], [-106.48087654835363, 32.001016579703574], [-106.4808039889726, 32.00100351109202], [-106.46962137832541, 31.987599210643307], [-106.46906781299944, 31.985796218901402], [-106.4682186671034, 31.983887410121753], [-106.46687237385645, 31.981953636913737], [-106.46442741889335, 31.976628021045638], [-106.4640010463192, 31.976177949740396], [-106.46362115270475, 31.974755992866015], [-106.46171239527038, 31.970686699167423], [-106.46140166563603, 31.9702988272854], [-106.4605926777759, 31.967804735043128], [-106.45122219073153, 31.946351976216842], [-106.45126410023627, 31.94629022884436]]]}}, {"type": "Feature", "properties": {"name": "FMSP Newman Trail"}, "geometry": {"type": "Polygon", "coordinates": [[[-106.488705382333, 31.98058189364849], [-106.48847317507338, 31.980516482443537], [-106.48836345561828, 31.98042694108818], [-106.48825666126902, 31.980079065209654], [-106.48827464019828, 31.979409339240355], [-106.48799640810559, 31.979298501776356], [-106.48781618049058, 31.979012589503412], [-106.48785215083122, 31.978528984950437], [-106.48804091429173, 31.978174940535244], [-106.48806299191793, 31.977842890741915], [-106.48787854962305, 31.977880775672], [-106.48748097458683, 31.977831230320255], [-106.4873303802548, 31.977583980667493], [-106.48731653033174, 31.97712389490475], [-106.4874450465445, 31.97637272532327], [-106.48756508957928, 31.9760073940289], [-106.4874883786267, 31.975920201705932], [-106.48751841146893, 31.975643818339826], [-106.48728807229784, 31.975639533518276], [-106.48708268610352, 31.975553619924547], [-106.48694761128594, 31.97532474014119], [-106.48676423335995, 31.974557173160655], [-106.48652056663234, 31.974752494159265], [-106.48640252978365, 31.974784853391853], [-106.48610263504881, 31.97466476796704], [-106.4859240134271, 31.974479182393917], [-106.48578109278974, 31.974022080483355], [-106.48522354686631, 31.97423811385539], [-106.48480507850506, 31.974820089829503], [-106.48482754094609, 31.97498151731149], [-106.48466131698488, 31.975073593082374], [-106.48457167653841, 31.97504448979507], [-106.48451400872797, 31.97484634758873], [-106.48433968141715, 31.97467986474236], [-106.48436123281328, 31.97441645455646], [-106.48415005180134, 31.974509358983628], [-106.48405613479848, 31.974470300348074], [-106.48405839326708, 31.974406167112043], [-106.48414226563847, 31.974322580285936], [-106.48408126992793, 31.973974880213653], [-106.48387665617268, 31.97385217151847], [-106.48363740121549, 31.973616533259126], [-106.48359137932471, 31.973448347577598], [-106.48321344998452, 31.973175540663274], [-106.48298925703622, 31.972822260696706], [-106.48298685449292, 31.972482703778955], [-106.48316880450626, 31.972015195692098], [-106.48351101849948, 31.971844041497846], [-106.48335207077766, 31.971720038683397], [-106.48294075518793, 31.971590595749525], [-106.48209845483329, 31.971546431548266], [-106.481857712206, 31.9714938806736], [-106.48183799772755, 31.971260688462863], [-106.4818739213748, 31.971157703757026], [-106.48234359705988, 31.97079335387097], [-106.48257338081946, 31.97052917877779], [-106.48284448133377, 31.970319734576936], [-106.48260228552085, 31.970197200339374], [-106.48165420385742, 31.969937554100074], [-106.48122553319638, 31.96961807414285], [-106.48049321962984, 31.96934230455436], [-106.4797519349406, 31.96888444612998], [-106.47935302886339, 31.968763611392287], [-106.47850797530604, 31.968684230756192], [-106.47810815422415, 31.96860107976051], [-106.47785815394046, 31.968530212478086], [-106.47775644311557, 31.968407205292102], [-106.47758708682998, 31.968481814908117], [-106.47749219148892, 31.968470241443224], [-106.47737471748142, 31.968383398787452], [-106.47736090497263, 31.968307054760665], [-106.4776416618942, 31.968020399499917], [-106.4772396303979, 31.968112700498178], [-106.47662696105215, 31.968082298559935], [-106.47563469527392, 31.96782141906587], [-106.47532904042252, 31.967851275445994], [-106.47474813256207, 31.968018802772054], [-106.47466693231524, 31.967936388776643], [-106.47477803355864, 31.967826345991043], [-106.47469806624768, 31.967734274217165], [-106.47477845687493, 31.967652228483047], [-106.47461146937378, 31.967628315893144], [-106.47459876631636, 31.967557960640715], [-106.47482293726739, 31.96756489055507], [-106.47488621508352, 31.96762396247718], [-106.47483113218935, 31.967733774905206], [-106.47489178296554, 31.96782200726182], [-106.47481461332639, 31.967920248025873], [-106.47530334736554, 31.967760154564143], [-106.4756339251327, 31.967727354368588], [-106.47663951289995, 31.967988971795428], [-106.47723470094836, 31.96801932153083], [-106.47755330850039, 31.967930379913373], [-106.4776979462669, 31.967936237442956], [-106.47775709599776, 31.968006882648304], [-106.47775153650383, 31.968087148549543], [-106.47747175223623, 31.96833165571496], [-106.47753901329972, 31.96838501033523], [-106.47777736979616, 31.968314115198645], [-106.47785655738919, 31.968348031279742], [-106.47792083552825, 31.968451654855127], [-106.47813402166146, 31.968510712107825], [-106.47852694233931, 31.96859223851685], [-106.4793727279395, 31.968671838658597], [-106.47980058258801, 31.968800861408006], [-106.48055110683707, 31.969262229775076], [-106.48128287182513, 31.9695387837326], [-106.48170361130407, 31.96985397925271], [-106.48264441355943, 31.970107443709157], [-106.48293972083181, 31.970259304658686], [-106.48297269890332, 31.970355023769418], [-106.48196578291085, 31.971210900677793], [-106.4819518002695, 31.97143395777725], [-106.4829684857567, 31.9715006353568], [-106.48340648107194, 31.971638745800547], [-106.48361048061594, 31.97180091537841], [-106.48362352270499, 31.971882961549994], [-106.48358008894625, 31.971930709534174], [-106.48326582279451, 31.97206311601816], [-106.48309448032654, 31.972501248964036], [-106.48309697115221, 31.972802211506092], [-106.48329705481112, 31.97311454714043], [-106.48368160863808, 31.973390478688643], [-106.48372820462099, 31.97356251436978], [-106.48384619936243, 31.97368733834359], [-106.48417009453009, 31.97391453657207], [-106.4842498020644, 31.974241451743943], [-106.48421612832199, 31.974399409075975], [-106.48433130914115, 31.97429841456133], [-106.48444766981807, 31.97430368181878], [-106.48445716097295, 31.974642700743484], [-106.48461689379587, 31.9748099673628], [-106.48465162061495, 31.974977429569755], [-106.4847243094748, 31.974936121498757], [-106.48470872465431, 31.97477552665066], [-106.48514686200221, 31.974169658412087], [-106.48582679602464, 31.973931347664198], [-106.48590410875744, 31.973995999359236], [-106.48602477149277, 31.974442539053317], [-106.4861603513151, 31.97458551755924], [-106.48639616670988, 31.974690178190745], [-106.48653121747087, 31.97462881847674], [-106.4866714093967, 31.97447748849887], [-106.4868213241465, 31.974466048150795], [-106.48695779415372, 31.97478497430994], [-106.48705504287388, 31.97530257922584], [-106.48717096869272, 31.975497400941652], [-106.48762759434418, 31.97558210546358], [-106.48760308915244, 31.975914260918078], [-106.48767734166533, 31.975992380450844], [-106.48755310333235, 31.976389394117827], [-106.48742588669917, 31.977131953375718], [-106.48743583922709, 31.977558271445606], [-106.48753720631969, 31.977748617033452], [-106.48788004396384, 31.977787689662538], [-106.48806407196992, 31.977748705574268], [-106.4881746067726, 31.977820398778356], [-106.48814434498688, 31.978210665798333], [-106.48796084852718, 31.97854299346894], [-106.48792459788892, 31.978998371364145], [-106.48807324326607, 31.979231017071374], [-106.48838507571399, 31.979375888342755], [-106.48836659526324, 31.98007128496122], [-106.48840851928436, 31.980290169621593], [-106.48853015055496, 31.98043687321804], [-106.48863024404741, 31.980480570843383], [-106.4889240719264, 31.980486583645863], [-106.48956310780925, 31.980239862557916], [-106.49002626000089, 31.979914013594676], [-106.49028961528133, 31.97957784778222], [-106.49042475227918, 31.97927486995203], [-106.49055598564942, 31.97917701340019], [-106.49065580275617, 31.97914904495223], [-106.49078529741114, 31.979216917603605], [-106.4909748449656, 31.97923421754137], [-106.49136040159719, 31.979078175881387], [-106.4917356340836, 31.979226294756213], [-106.4918002291538, 31.979329625957995], [-106.4919829989486, 31.97942251748689], [-106.49243264554241, 31.979852958618363], [-106.4925976478054, 31.97988824988643], [-106.4928328176765, 31.98002169561077], [-106.49276921044037, 31.980075311754547], [-106.49237295935333, 31.97993293708208], [-106.49202417362204, 31.97964396711702], [-106.49190884263636, 31.979493131223187], [-106.4915266815788, 31.97922405612632], [-106.4913452537451, 31.979187454801068], [-106.49098136520966, 31.97932877510231], [-106.49075088496907, 31.9793066576939], [-106.4906429559445, 31.979246589633302], [-106.49052109246115, 31.979323244145558], [-106.49038825562555, 31.979622933476918], [-106.4901179049907, 31.97996517355106], [-106.48988445677745, 31.980168722571076], [-106.48912746003263, 31.980524035859762], [-106.488705382333, 31.98058189364849]]]}}, {"type": "Feature", "properties": {"name": "FMSP Owl Mine"}, "geometry": {"type": "Polygon", "coordinates": [[[-106.50703813152646, 31.878961632377266], [-106.50688633682442, 31.878777988461525], [-106.50656842268653, 31.878726433934457], [-106.50654052882047, 31.87865934467657], [-106.50694438494347, 31.878694875147147], [-106.50711799785178, 31.878896371805208], [-106.5072980769161, 31.8789532515097], [-106.50748390159639, 31.878919363559092], [-106.50765721949662, 31.87875112247911], [-106.50812583742497, 31.87845566966662], [-106.50869839555092, 31.878186860995335], [-106.50916698784181, 31.877415992908578], [-106.50940971492578, 31.877168738958034], [-106.50972974289525, 31.876937472407942], [-106.51026210386195, 31.876673430180702], [-106.51082348925486, 31.876323548576725], [-106.51143143862349, 31.876047782595766], [-106.5116212459257, 31.87599935923029], [-106.51195258762466, 31.876038277101664], [-106.5120983649457, 31.8759663511187], [-106.51240846623654, 31.875600591615253], [-106.51235247573752, 31.875429583059088], [-106.51211611538386, 31.875225440001824], [-106.51213424548659, 31.875167672858456], [-106.5121970651386, 31.875167601690038], [-106.5124508428236, 31.875385378696265], [-106.51251682704957, 31.875621632031038], [-106.51216976513113, 31.876037895948603], [-106.51197423274819, 31.87613220021511], [-106.51162595561814, 31.87609334044245], [-106.51148139031892, 31.876130759380327], [-106.51053597727824, 31.876583936792937], [-106.50948431094659, 31.877236955399507], [-106.50925643047601, 31.87747010570897], [-106.5087747842571, 31.878255140634074], [-106.50819117021071, 31.878530594335963], [-106.50772846932276, 31.878822403396285], [-106.5075331550278, 31.87900489164378], [-106.50729009874664, 31.879047950405717], [-106.50703813152646, 31.878961632377266]]]}}, {"type": "Feature", "properties": {"name": "FMSP P1"}, "geometry": {"type": "Polygon", "coordinates": [[[-106.52146703525074, 31.88918444990063], [-106.52102277452771, 31.889089634955923], [-106.52086906814016, 31.888904437737736], [-106.52073211354801, 31.888433550515686], [-106.52039938314562, 31.888309987626954], [-106.5201851541056, 31.888356686964304], [-106.52015428541158, 31.88829044666997], [-106.52039830159039, 31.888214811542078], [-106.52081247751408, 31.88836702912548], [-106.52097213355397, 31.88887116974452], [-106.52109260450385, 31.88901338070219], [-106.52145601661702, 31.889058536007003], [-106.52162324842999, 31.8891763386633], [-106.52160816779347, 31.88904407625509], [-106.52173814707311, 31.88875978588361], [-106.5219102008479, 31.888741955971632], [-106.52191367551993, 31.88879273274909], [-106.52182741622698, 31.888824758846642], [-106.52173485161161, 31.889000065740703], [-106.52172995988097, 31.889234842423246], [-106.52159986823233, 31.88928309014852], [-106.52146703525074, 31.88918444990063]]]}}, {"type": "Feature", "properties": {"name": "FMSP P2"}, "geometry": {"type": "Polygon", "coordinates": [[[-106.52424335425418, 31.890860588233753], [-106.52394452506825, 31.890819907274373], [-106.52393536000311, 31.890589665043542], [-106.52382696531956, 31.890462156762087], [-106.52371517116326, 31.8904579996023], [-106.52351084065684, 31.890274018469732], [-106.52341505905892, 31.890102542231965], [-106.52345949098019, 31.890011449759744], [-106.52339406763748, 31.8899183305285], [-106.52341023351669, 31.889869355820082], [-106.52347739288096, 31.889866076839198], [-106.52354460317525, 31.889941657191205], [-106.52357452465, 31.890012819927623], [-106.52353541497314, 31.890088129236617], [-106.52359940991107, 31.890208248808587], [-106.523712127142, 31.89019980784178], [-106.52370536959099, 31.890308070752084], [-106.52378718078089, 31.8903754587253], [-106.52389514860599, 31.890380901007333], [-106.5240346788476, 31.890547335055654], [-106.52402743326944, 31.89073236761005], [-106.52422668466467, 31.890765557733786], [-106.52449286230903, 31.89064149653701], [-106.52487327031844, 31.89060059212189], [-106.525235036158, 31.890307626842016], [-106.52551296740775, 31.89015831992033], [-106.52592056728464, 31.890078853017968], [-106.52631751884758, 31.889907747892284], [-106.52647699411102, 31.889644181338117], [-106.5266281789485, 31.889542511438197], [-106.52663087658394, 31.889449770169023], [-106.526890806694, 31.889333623804013], [-106.52710558731086, 31.889086050312866], [-106.5272437589021, 31.889048846007594], [-106.52743975376863, 31.88891433159189], [-106.52752592339705, 31.888803450899466], [-106.52756990350692, 31.88857712800598], [-106.52767530767318, 31.888518420254627], [-106.52795143450733, 31.888521514112785], [-106.52812825682398, 31.888150462265788], [-106.52824628760072, 31.888053822090576], [-106.52831778095596, 31.88807061254441], [-106.52803984219638, 31.888581395998255], [-106.5276613781452, 31.888634965121113], [-106.52762888960643, 31.88883718891584], [-106.52751664559189, 31.88898292622353], [-106.52730263792026, 31.8891320334128], [-106.52719601170035, 31.8891515052827], [-106.52694535659242, 31.88941645847876], [-106.52673147526421, 31.889497788659877], [-106.52673393859963, 31.88957669814656], [-106.52657366855505, 31.88969069304258], [-106.52638472321195, 31.889986651114835], [-106.52595646435589, 31.890169036858737], [-106.52557039134412, 31.890239403367428], [-106.52549319601982, 31.89031468896996], [-106.52530670530332, 31.890378406668642], [-106.52491964500297, 31.890687398094776], [-106.52452327393561, 31.890732680870986], [-106.52424335425418, 31.890860588233753]]]}}, {"type": "Feature", "properties": {"name": "FMSP Northwest Access Road"}, "geometry": {"type": "Polygon", "coordinates": [[[-106.52225006624111, 31.990603715448657], [-106.52152039244542, 31.990525754502865], [-106.52141157145795, 31.990573775723256], [-106.52136337920894, 31.990522359324252], [-106.52148003134387, 31.99043782696302], [-106.52166733515556, 31.99042342492995], [-106.5222364701787, 31.99050980190335], [-106.5229628624488, 31.99034903745949], [-106.52354722741873, 31.990304510732017], [-106.52506893678208, 31.99000910140105], [-106.52565954405122, 31.990004046301387], [-106.52677941882592, 31.99022170013047], [-106.52733690025599, 31.99018289159289], [-106.52808244700356, 31.990201494997162], [-106.52896352335772, 31.990124073933114], [-106.52966959048598, 31.989847565048244], [-106.52983395462833, 31.989671338066408], [-106.52984915970922, 31.989462860526135], [-106.5299592143026, 31.98927243391546], [-106.53029036641314, 31.98922627730666], [-106.53056247865128, 31.98930669425281], [-106.53071222226484, 31.98915737302999], [-106.53089020459718, 31.988842516853936], [-106.53175607214365, 31.98877143719974], [-106.53216638844162, 31.988503558293548], [-106.53257060032598, 31.98809350731742], [-106.53283438492413, 31.98789362050519], [-106.53379122483044, 31.987537441461964], [-106.53469962061763, 31.987269575934185], [-106.5361218303386, 31.987349433682056], [-106.53650327437128, 31.98744183662212], [-106.53824855443348, 31.988153629803534], [-106.53854358068571, 31.988349774144027], [-106.53890120015998, 31.98876359692088], [-106.53931154494974, 31.989122735561885], [-106.53944726656991, 31.98938246504389], [-106.53941917411859, 31.989427338464036], [-106.53935273563415, 31.989418393759102], [-106.53922251384945, 31.98917808120397], [-106.53881718887958, 31.988823311059576], [-106.53846285944486, 31.988412676153306], [-106.53819824353522, 31.98823618344349], [-106.53646869372218, 31.987530060398147], [-106.53610809799488, 31.987441722938467], [-106.53470917710389, 31.987362156075438], [-106.53383121987287, 31.98762392688286], [-106.53288903937073, 31.987974555431155], [-106.53223812049895, 31.988574076130895], [-106.53180876298978, 31.98885422751529], [-106.53095202915425, 31.98892017429273], [-106.53080611229201, 31.98920526996132], [-106.53060874875631, 31.98939306773415], [-106.53051258791557, 31.989402700730423], [-106.53028414542447, 31.98931917886908], [-106.53002079099899, 31.98935287406153], [-106.5299573707586, 31.989479258357452], [-106.52993373190137, 31.989711329271334], [-106.52974761405724, 31.989912927921946], [-106.52900010907634, 31.990212093465345], [-106.52808740752897, 31.990294393641935], [-106.52733840241086, 31.990275905077528], [-106.52677777423204, 31.990314686987542], [-106.52564215761934, 31.990095824794075], [-106.52507707464248, 31.990101764203757], [-106.5235694020628, 31.990395503147592], [-106.52298195054112, 31.99044065280847], [-106.52225006624111, 31.990603715448657]]]}}, {"type": "Feature", "properties": {"name": "FMSP Nature Walk"}, "geometry": {"type": "Polygon", "coordinates": [[[-106.51297776901778, 31.92163281158378], [-106.51301825423825, 31.921571377320564], [-106.51330688996751, 31.921628310709163], [-106.51355946282648, 31.921565041514334], [-106.51341623556438, 31.921290848604468], [-106.51349069210681, 31.921174742749212], [-106.51342155797774, 31.921084333655795], [-106.51345707645979, 31.92096284739304], [-106.51332808082297, 31.92077866790001], [-106.51337897162041, 31.920667714682047], [-106.51347459095518, 31.920625778928894], [-106.51343114030702, 31.920523911490168], [-106.51351021230718, 31.920285111202496], [-106.5134908115397, 31.919945284408513], [-106.51337973930836, 31.919811213311963], [-106.51348610515747, 31.919634230774314], [-106.51352273462265, 31.919463814647187], [-106.51339640788726, 31.919189993224307], [-106.51341117697831, 31.918884417828306], [-106.51355981738733, 31.918763098167794], [-106.51369703611466, 31.918506146774355], [-106.51377704005874, 31.91849513452714], [-106.5139405863627, 31.918340134838573], [-106.51419446743199, 31.918215441372727], [-106.514318873193, 31.918080137348046], [-106.51449158446309, 31.91800572226118], [-106.5148058752253, 31.917586485051068], [-106.51503539077636, 31.91748115806123], [-106.51519601854149, 31.91784270706042], [-106.51504063426415, 31.91805794649508], [-106.51501899864331, 31.918213565707916], [-106.51491551352991, 31.918333964483505], [-106.51492397158948, 31.918484536442993], [-106.51471303946393, 31.918647193005103], [-106.51467548995268, 31.918839456435677], [-106.5145797071972, 31.918904952078826], [-106.51458940760847, 31.918962274226054], [-106.51451267073844, 31.919072919923867], [-106.51456066733114, 31.91936009311439], [-106.5144407856543, 31.919533735635444], [-106.51440763047434, 31.919751820346608], [-106.51428997571566, 31.919949562052587], [-106.51423419998375, 31.920182729810033], [-106.51411616994672, 31.92035512341583], [-106.51414868679423, 31.920636808212176], [-106.51378402047769, 31.92095356756029], [-106.51381220104174, 31.92147478766227], [-106.51368621744511, 31.92162116011937], [-106.51349344230067, 31.92170253490507], [-106.51317864578665, 31.921706234867635], [-106.51297776901778, 31.92163281158378]], [[-106.51495523681459, 31.91762310637088], [-106.51487865847068, 31.917657181406017], [-106.51483046417694, 31.91779195028686], [-106.51456619869344, 31.918073877973622], [-106.51400964202503, 31.9184124476347], [-106.51398924388366, 31.918487274470753], [-106.51377301441241, 31.918588037361225], [-106.51366439349198, 31.918799474546102], [-106.51350584204765, 31.91893915041172], [-106.51350589938588, 31.919166500745952], [-106.5136327270071, 31.919464101913093], [-106.51359410400785, 31.91965446886602], [-106.51349496397945, 31.919801883856884], [-106.51360160401175, 31.91994003396387], [-106.51362030103434, 31.92030146596442], [-106.51354461123495, 31.920522265600916], [-106.51360306819325, 31.920579839949625], [-106.51357743792944, 31.920673973929755], [-106.51344045093848, 31.920769785210588], [-106.51359125274132, 31.920934413555162], [-106.51354134768505, 31.92102683640042], [-106.51360902504182, 31.92105986392942], [-106.51360120727485, 31.921203284762647], [-106.5135265698071, 31.921284219599755], [-106.51364733012433, 31.921496472450915], [-106.51370808021323, 31.92143613072437], [-106.51368279270429, 31.920908633573006], [-106.51382277493875, 31.920825802955587], [-106.51403154377054, 31.920601271924955], [-106.51400696330774, 31.920338008666228], [-106.51413073560234, 31.920151107411172], [-106.51418329168914, 31.91992293881635], [-106.51429939354699, 31.919726388736787], [-106.5143369218967, 31.91950400826959], [-106.51444249372302, 31.919339610637408], [-106.51439189028024, 31.919192007633534], [-106.51446446421457, 31.918869023343515], [-106.51457770595724, 31.918794642983123], [-106.5146082841716, 31.918603063665273], [-106.51481621077922, 31.918447756471004], [-106.5148119204768, 31.91829649078017], [-106.51492122614373, 31.91817138146609], [-106.51493645739329, 31.918025573456493], [-106.51508491027448, 31.917829285206032], [-106.51495523681459, 31.91762310637088]]]}}, {"type": "Feature", "properties": {"name": "FMSP Overlook"}, "geometry": {"type": "Polygon", "coordinates": [[[-106.51388813773131, 31.932008588740086], [-106.51381526930818, 31.931752692919318], [-106.51367245315373, 31.931601558607365], [-106.51359156095651, 31.931357781381347], [-106.5136694598133, 31.931331337486164], [-106.51374217767622, 31.93141905337623], [-106.51377238416012, 31.931557882563954], [-106.51391842970129, 31.93171900481354], [-106.51399034150782, 31.931974483337882], [-106.51407489687786, 31.93190101135459], [-106.51430425138955, 31.931138894985697], [-106.51390455496313, 31.930982080645453], [-106.51388359783095, 31.930927830464803], [-106.51394041969971, 31.9308972710403], [-106.51444183225951, 31.931107242068855], [-106.51417522217956, 31.93193982456719], [-106.51399521455356, 31.93208642517979], [-106.51388813773131, 31.932008588740086]]]}}, {"type": "Feature", "properties": {"name": "FMSP Ron Coleman Trail"}, "geometry": {"type": "Polygon", "coordinates": [[[-106.49578081402277, 31.87215883479892], [-106.4958345736423, 31.872031615496248], [-106.49601356980754, 31.87200659910131], [-106.49615071610641, 31.871869456007378], [-106.49631559384973, 31.87189764189474], [-106.49637105908192, 31.872054499138283], [-106.49653133294383, 31.872024298978626], [-106.49659658923193, 31.87212063811258], [-106.49669079286959, 31.872112368391985], [-106.49682560468226, 31.872223585577114], [-106.49682932646076, 31.872291613759305], [-106.4969584229711, 31.872274435336436], [-106.49698815225376, 31.872345540954846], [-106.49716213940465, 31.872317935101496], [-106.49713755676406, 31.87245733463631], [-106.49723047081102, 31.87244229802798], [-106.49727239889219, 31.872486712563422], [-106.49719158585695, 31.872695591636976], [-106.49736077248596, 31.872843063117305], [-106.4975048677755, 31.872860393044252], [-106.49746212136607, 31.872688974945948], [-106.49765361843868, 31.87257913920942], [-106.49795852204012, 31.872681674697876], [-106.49801956189734, 31.872583195414705], [-106.49817265948784, 31.87260925521679], [-106.49842185140638, 31.872772944717934], [-106.49849282284147, 31.87277680064273], [-106.49854645353474, 31.872664173669335], [-106.49849402937016, 31.872451934483987], [-106.49850756807609, 31.87229104923768], [-106.49844357755588, 31.872176839356115], [-106.49836561839845, 31.871726942649218], [-106.4981594816878, 31.871411779922244], [-106.49797572787155, 31.87095721866522], [-106.49793036552995, 31.870244640193444], [-106.49775168344694, 31.869868698947332], [-106.49776175116916, 31.869564190275426], [-106.49720721233047, 31.868803590591412], [-106.49651045330387, 31.86801897584429], [-106.4964813339281, 31.867499727576046], [-106.49655681765552, 31.867476573613274], [-106.49671561195909, 31.86759307653547], [-106.49666157840544, 31.86741021424595], [-106.496412748042, 31.86713383073347], [-106.49641400955467, 31.866756517910463], [-106.49634195947927, 31.866600413870447], [-106.49639936476323, 31.866405410016064], [-106.49615442789063, 31.866096723147024], [-106.49604949213254, 31.865788237743423], [-106.49589272423056, 31.86560324486216], [-106.49536500905609, 31.865210573030296], [-106.49530884761921, 31.865097652180662], [-106.49518759507515, 31.865021579693057], [-106.49504519823353, 31.865057232565796], [-106.49495046340803, 31.865137996614283], [-106.49464272418498, 31.865188047890594], [-106.49436368775955, 31.865035877256187], [-106.49406135013741, 31.864996897106103], [-106.49389122214012, 31.865065081341196], [-106.49377301262349, 31.86505676249644], [-106.49350047797685, 31.86494606630693], [-106.49348477445959, 31.864880679995007], [-106.49330299441291, 31.864844536084302], [-106.49327904054466, 31.864785874665003], [-106.49315640235656, 31.864731518101458], [-106.49252243589706, 31.864825422648167], [-106.49237392080934, 31.86477060668619], [-106.49238114048788, 31.864647602751543], [-106.49244795622458, 31.8645492906396], [-106.49296890893612, 31.864011306373868], [-106.49305112948036, 31.86381768371311], [-106.4928739962523, 31.86373452706468], [-106.49280729784148, 31.863332187451043], [-106.49271523951458, 31.863054078344426], [-106.49260067655699, 31.862878725719913], [-106.49260687881662, 31.862355614022693], [-106.49194157838946, 31.861753480912032], [-106.49179446817821, 31.861527602719352], [-106.49177319929731, 31.86131134821274], [-106.49204579307343, 31.8608886461505], [-106.49205696962137, 31.860802999178258], [-106.49201486019025, 31.86042422995427], [-106.4919113089408, 31.860376964530403], [-106.49187355335782, 31.860190296659887], [-106.49201539508225, 31.86009997841683], [-106.49202410806055, 31.85998858982917], [-106.49217015162736, 31.859885207439618], [-106.49216433374549, 31.859794641803536], [-106.49232460862069, 31.859508262096785], [-106.4922514729027, 31.859403418264804], [-106.49231216307592, 31.859307943485305], [-106.49225187453438, 31.859014484293027], [-106.49235542828806, 31.858855890348217], [-106.49226843212772, 31.85873447185042], [-106.49227217782766, 31.858570308672874], [-106.49212867358963, 31.858376256470876], [-106.4921436860493, 31.858099864917786], [-106.49203657697754, 31.857672617366205], [-106.49207538572459, 31.857448204810414], [-106.49216743718198, 31.857200054868816], [-106.49217454494698, 31.857027874625715], [-106.4923766004321, 31.856811801414594], [-106.49248761987657, 31.856539158872614], [-106.49270171461345, 31.856344398688204], [-106.49283182884108, 31.855795655004904], [-106.49314850400428, 31.85537948173832], [-106.49311353783615, 31.854662109569794], [-106.49297163605178, 31.85410977900648], [-106.49309688376913, 31.8533096503352], [-106.4931940516763, 31.85312675326247], [-106.4931698321562, 31.852670432293372], [-106.49341118746634, 31.85233584051301], [-106.49370443656427, 31.85212715666544], [-106.49403802421337, 31.851566543580198], [-106.49437442534334, 31.851290259546833], [-106.49444106507728, 31.850789812096938], [-106.49454953953735, 31.85058322659389], [-106.49450519498903, 31.850347019289995], [-106.49454111062019, 31.85007860273438], [-106.49475927830773, 31.84975739322596], [-106.49499178966157, 31.84969778429985], [-106.495129462727, 31.84952478729722], [-106.49524919375287, 31.849490641478617], [-106.49572585146925, 31.8491127040418], [-106.4958519888057, 31.848743045083143], [-106.49591478436925, 31.848680492588386], [-106.49617130918558, 31.848790468445745], [-106.49654705892458, 31.848719044472812], [-106.4971397705338, 31.848036069551593], [-106.49718105200938, 31.84793490982795], [-106.4970835437724, 31.847876072215286], [-106.49670211633092, 31.84782141228823], [-106.49637006611606, 31.847909418580652], [-106.49611293733051, 31.847812167791503], [-106.49603663457567, 31.84771307959267], [-106.49536781857495, 31.847483043838164], [-106.49502188575217, 31.847291279427967], [-106.49498501498456, 31.847192421103934], [-106.49488913031074, 31.847145040473908], [-106.4947650344049, 31.846968495196798], [-106.49475956715528, 31.84682763503867], [-106.49457321047855, 31.846710669003198], [-106.4943885560339, 31.846424144063693], [-106.4942548197939, 31.846347221317828], [-106.49404864719035, 31.84609192032967], [-106.49350644679421, 31.845776266124325], [-106.49292842388698, 31.845235463709088], [-106.49249377761407, 31.845124328420297], [-106.4924446683536, 31.844879936467848], [-106.49257087639127, 31.84466149847386], [-106.49232539119794, 31.844238496358876], [-106.49216169611262, 31.84405152158241], [-106.49197665413728, 31.844005734785227], [-106.49163671637342, 31.843800461316988], [-106.49148079482777, 31.843759815887147], [-106.49150530270909, 31.843680683789177], [-106.491686619077, 31.84371681548514], [-106.49196945274602, 31.84389792207408], [-106.49223382493233, 31.84397973260532], [-106.49242337849826, 31.844195813490664], [-106.49267800647306, 31.844640042122546], [-106.4925635533268, 31.844844503166954], [-106.49257930625487, 31.845050879247616], [-106.49286019680692, 31.84509231381708], [-106.49300027661842, 31.845164458091237], [-106.49357655514673, 31.845702110496692], [-106.49413257600604, 31.84601935183224], [-106.49447765044889, 31.846369376784565], [-106.49465974633384, 31.84665319450081], [-106.49485989076067, 31.846780955044085], [-106.49487015856744, 31.846931013120003], [-106.49511209643066, 31.847227945555154], [-106.49541944033457, 31.847400580274446], [-106.49609362253328, 31.84763339722396], [-106.49619956390656, 31.847741452648542], [-106.49636620787203, 31.847809628815067], [-106.49670723169048, 31.847727848098156], [-106.49711913859481, 31.847787554412474], [-106.49723472590084, 31.847838647008704], [-106.4972923841147, 31.847920872739916], [-106.49725705601874, 31.848068948028097], [-106.49662247994755, 31.84879367572592], [-106.49626488146967, 31.848884088139137], [-106.49602549122407, 31.848854141179824], [-106.49594941513874, 31.84879313052361], [-106.4958161077559, 31.849168110633123], [-106.49531046831991, 31.84956956523545], [-106.49520123416178, 31.849599330532644], [-106.4950528647958, 31.849781637391622], [-106.49484709993123, 31.849815376855364], [-106.49464661313222, 31.85010875395058], [-106.49461482895167, 31.850346784116184], [-106.49465941043144, 31.850599916876696], [-106.49455002247605, 31.850806529173802], [-106.49447674566113, 31.85132891029743], [-106.49412827010627, 31.851619728022733], [-106.49379219212862, 31.85218343174485], [-106.49350923759808, 31.85238510128028], [-106.49327851499915, 31.85269061922052], [-106.49330226581542, 31.85314610167921], [-106.49320455800422, 31.85332787828508], [-106.49308134872217, 31.854110244797322], [-106.49322228858402, 31.854648287402878], [-106.49325865638309, 31.85539793044244], [-106.4929317157997, 31.855834935650087], [-106.49280130705108, 31.856390686985744], [-106.49258005151745, 31.856591420182724], [-106.4924740119677, 31.85685464439762], [-106.49227666774942, 31.857066360665918], [-106.49227706312385, 31.85721061853478], [-106.49218268369192, 31.857467449884677], [-106.49214655976292, 31.857672988731046], [-106.49221045567784, 31.85779809489287], [-106.4922536560162, 31.858091113810488], [-106.49223589515499, 31.858350886312678], [-106.49237326916034, 31.85853249119014], [-106.49237584045306, 31.858713794718522], [-106.49246921345383, 31.858829742443223], [-106.49244973095031, 31.858934625341526], [-106.49236598001923, 31.85901700587428], [-106.49244621983378, 31.859341306662184], [-106.49237206908339, 31.859392531719944], [-106.49243470393839, 31.859511491006636], [-106.49226825988426, 31.859827792843888], [-106.49226704797078, 31.85992893992671], [-106.4921259800096, 31.860076193943137], [-106.4921185611729, 31.86014536336826], [-106.49199061656277, 31.8602174924391], [-106.49201444134252, 31.86032553096822], [-106.49211438975294, 31.860377867501384], [-106.49216629032273, 31.860809687256403], [-106.49214827786822, 31.860922455519116], [-106.49188281119548, 31.86132803374786], [-106.49188321600043, 31.861404569940806], [-106.49203182135712, 31.861700382649925], [-106.49271046249319, 31.862320130389968], [-106.49274291737723, 31.862697653441614], [-106.49270605104223, 31.862851144448655], [-106.49281671566911, 31.863017666922126], [-106.49291435469559, 31.863311013076377], [-106.49297519639447, 31.86368956126576], [-106.49315808875507, 31.863788583458604], [-106.4930636730665, 31.864059127463882], [-106.49280984033415, 31.8643453446434], [-106.49264624981548, 31.864460339592835], [-106.49247897007614, 31.864711352346266], [-106.49325058089866, 31.864643551026216], [-106.49329213982195, 31.864693284766233], [-106.49341877294799, 31.864707499739364], [-106.49344588303856, 31.864775549517546], [-106.49357534621242, 31.864779913951637], [-106.49373792779163, 31.864947045623634], [-106.49386902733063, 31.864971700968212], [-106.49406274336218, 31.864899611280116], [-106.49438300770359, 31.86494416243819], [-106.49465360854958, 31.865082871910616], [-106.49490278715443, 31.86504811601174], [-106.49507586372619, 31.86493662710432], [-106.49522653328607, 31.864932946909907], [-106.49596932566624, 31.86553549521929], [-106.49614553948133, 31.86574285755743], [-106.49625556277789, 31.86605777193636], [-106.49644848746405, 31.86626117805932], [-106.49651144189416, 31.86639426302586], [-106.49645349146635, 31.866596662708336], [-106.49652464392393, 31.866746724483303], [-106.49651719147852, 31.86710499860046], [-106.4967621739196, 31.86737205528625], [-106.49683521102921, 31.867622632370345], [-106.4967543522264, 31.867728382896846], [-106.49659801417057, 31.867622223270843], [-106.49661450596942, 31.867988885401342], [-106.49729775724694, 31.86875084937057], [-106.49780654330635, 31.869401971912858], [-106.49786746263733, 31.86953872682112], [-106.49786131640275, 31.86985258060421], [-106.49803943905421, 31.870229616660588], [-106.49808307442139, 31.87093821429399], [-106.4982612248184, 31.871376965861824], [-106.49847094716728, 31.871700524976294], [-106.49854958629244, 31.872150921138683], [-106.49861749283934, 31.8722744883071], [-106.4986033427312, 31.87244481614311], [-106.49865574833534, 31.87267660345298], [-106.49860989528503, 31.872800790901948], [-106.49851429708421, 31.872871166715807], [-106.49837557702922, 31.872859229692658], [-106.49808078507778, 31.872684222635602], [-106.49796504571094, 31.872780876966058], [-106.49766161183892, 31.87267501754064], [-106.49757671338446, 31.872715811224058], [-106.497596494034, 31.87294906142645], [-106.49732767230398, 31.872932387791156], [-106.49720232541796, 31.872877299593274], [-106.49708115763757, 31.87272458507097], [-106.49713478188627, 31.87255413792969], [-106.49701430034773, 31.872552948056054], [-106.49703268553894, 31.872430515768148], [-106.49691871548721, 31.87246719312415], [-106.49687335134321, 31.87237823445805], [-106.49670871279854, 31.872396377636758], [-106.49672272686331, 31.872267660599494], [-106.49664987424809, 31.872205521952093], [-106.4965419848275, 31.872216445158987], [-106.4964767731253, 31.87212261784963], [-106.49630066703617, 31.872155581790725], [-106.49624244771627, 31.87197433804004], [-106.49619499159886, 31.871960816192185], [-106.49608435867134, 31.872082252115995], [-106.4959120266065, 31.8721139324409], [-106.49586899616179, 31.872215049272302], [-106.49560761798243, 31.872420821643654], [-106.49562871954343, 31.872538844250048], [-106.49523689283585, 31.873037091111062], [-106.49501494076782, 31.87319989438531], [-106.49471897180548, 31.8739756796969], [-106.49473212203551, 31.874650167863045], [-106.49463018233592, 31.874937528479172], [-106.4945768329585, 31.8752885385318], [-106.49457964450949, 31.8754803690701], [-106.4947115796568, 31.875844498188744], [-106.49469651416989, 31.876267127841466], [-106.49474808156225, 31.876538407448713], [-106.49468954615854, 31.876640318209482], [-106.49465132690526, 31.876899690962176], [-106.49455300506246, 31.87702426119595], [-106.49384629274913, 31.877471158605328], [-106.49383431705577, 31.877395655518107], [-106.4944773797945, 31.876955884958548], [-106.49454596034215, 31.8768700193205], [-106.49463311238058, 31.876535136587364], [-106.49458690035739, 31.876268826330378], [-106.49460226757873, 31.875856711526712], [-106.49447105821886, 31.875495869019527], [-106.49446726844161, 31.875286127544264], [-106.49452253976945, 31.87491956726529], [-106.4946227895125, 31.874641680984602], [-106.49461294404567, 31.873951242725465], [-106.49491630157473, 31.87315835766954], [-106.49515202750385, 31.87297768503955], [-106.49552014327288, 31.872509777417694], [-106.49550470097024, 31.87237430647071], [-106.49578081402277, 31.87215883479892]]]}}, {"type": "Feature", "properties": {"name": "FMSP Pole Cat Alley"}, "geometry": {"type": "Polygon", "coordinates": [[[-106.4720569459667, 31.937320206541397], [-106.47184471437016, 31.937041808910003], [-106.47187827163609, 31.93691245186475], [-106.47199889576521, 31.93682535031269], [-106.47229323768285, 31.936807438056334], [-106.47275978288897, 31.93669951841035], [-106.47315672654817, 31.936469361940723], [-106.47325718956878, 31.936194837717125], [-106.47297006531316, 31.936296233601723], [-106.47263194925506, 31.936306056910595], [-106.47160415784545, 31.936017622317728], [-106.4715439274031, 31.93592673425981], [-106.47160433010974, 31.935814734345367], [-106.47172565313295, 31.935787024746553], [-106.4720497305073, 31.93585566677842], [-106.47219579462964, 31.935740021415373], [-106.4718637963446, 31.93553726184663], [-106.47152516134871, 31.93522802818566], [-106.47134141129824, 31.93496292837133], [-106.4713808166296, 31.934598769722584], [-106.47131009959175, 31.934478280965216], [-106.47109893302812, 31.934384538271228], [-106.47098161643531, 31.93444381681415], [-106.47079852920761, 31.934893987551632], [-106.47050233633645, 31.93490137129812], [-106.47011677502702, 31.935220659619578], [-106.46971217639975, 31.935198301658975], [-106.46960526991592, 31.935079160658912], [-106.46961657211126, 31.9349854878739], [-106.46973628591522, 31.93489831549039], [-106.46995898605887, 31.934498544056655], [-106.47027482562792, 31.934138518129743], [-106.4706199310226, 31.933835125611736], [-106.4709346894122, 31.933603381752274], [-106.471483917286, 31.93344709586818], [-106.47150496483943, 31.933202204226827], [-106.47133935923489, 31.933087609371107], [-106.47136571287587, 31.933020010600178], [-106.47160796344238, 31.933159898151896], [-106.47162942891023, 31.933365902708466], [-106.47157177439414, 31.93350928397312], [-106.47098280655334, 31.93368824648993], [-106.4706956302684, 31.93390240778313], [-106.4700488098176, 31.934551799103637], [-106.46983413158581, 31.93494463891602], [-106.46971619837811, 31.935062008768828], [-106.46976198674577, 31.935112675375937], [-106.47006367195698, 31.93513552959665], [-106.47036806873425, 31.934859323072043], [-106.47048449059143, 31.93480790558504], [-106.47072056114197, 31.934814455659694], [-106.47088864464914, 31.934392808193383], [-106.47098835494413, 31.934314695455733], [-106.4711210667274, 31.93429078807096], [-106.47138533901644, 31.9344081188736], [-106.47148409627889, 31.934566265772226], [-106.4714531758631, 31.934946957789148], [-106.47161694002934, 31.935176945423493], [-106.47193620930403, 31.935467405926065], [-106.47230134666569, 31.93570349117367], [-106.47229865152036, 31.935799700329092], [-106.4720899620124, 31.935944462820302], [-106.47171921117891, 31.935881354930878], [-106.47167415693885, 31.93589233193739], [-106.47167901005433, 31.935947773378036], [-106.47264391919398, 31.936212444182743], [-106.47294885691906, 31.93620409889593], [-106.47334028345684, 31.936071470260877], [-106.47342310388777, 31.936123277470806], [-106.47330515062617, 31.936296142465203], [-106.47325340488804, 31.936518992666944], [-106.47316293076302, 31.936581531080193], [-106.47279914934965, 31.93678759835701], [-106.47203622295656, 31.936916180553922], [-106.47196563193494, 31.936970661560565], [-106.47195433652408, 31.937022786134854], [-106.47210399780097, 31.937232922873378], [-106.472289794719, 31.937221561743986], [-106.4729369149681, 31.937015498492517], [-106.47314825995335, 31.937063093946144], [-106.4736869114268, 31.937046156923653], [-106.47395411714761, 31.936951732128843], [-106.47409108193341, 31.936830285056374], [-106.47429018715056, 31.936741335317215], [-106.47445970688078, 31.93657233303361], [-106.47475555623653, 31.93644277721901], [-106.47493780930215, 31.9362616451103], [-106.47542491444234, 31.936185435236908], [-106.47566728277424, 31.9360524700681], [-106.47592801821438, 31.935838002365752], [-106.47607534840336, 31.935579464842245], [-106.47616875969872, 31.935593366714432], [-106.47601677090253, 31.935894159285166], [-106.47573169118411, 31.93612871395587], [-106.47545970801808, 31.936274692250496], [-106.47498856281727, 31.936346334064552], [-106.47482956186359, 31.936515396741427], [-106.47453084955909, 31.936643830993432], [-106.47435837476289, 31.936816144148345], [-106.47415744864041, 31.936904239511392], [-106.47401489749133, 31.937032692562454], [-106.4736965660004, 31.93713875108027], [-106.47313338964051, 31.937156116516434], [-106.4729574991164, 31.937107384899345], [-106.47218874678929, 31.937332275182946], [-106.4720569459667, 31.937320206541397]]]}}, {"type": "Feature", "properties": {"name": "FMSP Powerline Road"}, "geometry": {"type": "Polygon", "coordinates": [[[-106.50671110643121, 31.867429179500228], [-106.5069554110967, 31.86719157010857], [-106.5071988095764, 31.867182105240175], [-106.50838921024504, 31.867365739722974], [-106.5076987637591, 31.866777387218047], [-106.50735263729356, 31.86654792979507], [-106.50692548567072, 31.86608571624822], [-106.50663389291253, 31.86592135544715], [-106.50618058357493, 31.86598896876415], [-106.50580272245267, 31.86594846953341], [-106.50558749366898, 31.865723710463882], [-106.50541284555763, 31.864429024784318], [-106.50562563203354, 31.86414277545674], [-106.50562178309615, 31.86404362134919], [-106.5054834208416, 31.863673812503993], [-106.50560088957212, 31.863532451437898], [-106.50671072051254, 31.86310208668466], [-106.50673765107936, 31.863033134318467], [-106.50630600943984, 31.8622726032767], [-106.50586385940208, 31.862017156365116], [-106.50562169144563, 31.86156948977797], [-106.50564687316978, 31.861466437364136], [-106.50645269759276, 31.86082922890232], [-106.50686990977007, 31.860670818354823], [-106.50732119399976, 31.860567620954455], [-106.50740228603686, 31.860488418297557], [-106.50740897916567, 31.860420959104868], [-106.50720480020871, 31.86028368950197], [-106.5068192316714, 31.86017312992858], [-106.5066584094336, 31.860074047564662], [-106.50658560076968, 31.8592102727469], [-106.50677012427269, 31.858833760947835], [-106.50685284144534, 31.858467265178636], [-106.50685995372928, 31.85830351581378], [-106.50677804284992, 31.85796459163635], [-106.50685663914904, 31.857210932985755], [-106.50691601866812, 31.8571687057552], [-106.50696573482847, 31.857219140714673], [-106.50688786056175, 31.857965875769356], [-106.50696948697326, 31.858295520596272], [-106.50696213555347, 31.85847424615632], [-106.50687428219965, 31.8588632244819], [-106.50669642327507, 31.859221930140784], [-106.50676627227077, 31.860043244339494], [-106.50738743129305, 31.860277440722005], [-106.50751687156504, 31.860385599459672], [-106.50750991935479, 31.86051137480977], [-106.50737163017531, 31.860652512139588], [-106.5069076013973, 31.86075826995474], [-106.5065090830602, 31.860909444458322], [-106.50574907739507, 31.861501815652577], [-106.50573267816267, 31.86155349286977], [-106.50595327479728, 31.861960719129492], [-106.50639458263619, 31.862215390757154], [-106.50685136579689, 31.863030484871967], [-106.50678494173452, 31.863178013445452], [-106.50566962066891, 31.863606682195137], [-106.50559662744408, 31.863694831775707], [-106.50573097589523, 31.864033586681945], [-106.50573068893317, 31.86417554477314], [-106.50552481434157, 31.864439995054088], [-106.50569545250276, 31.86569806672005], [-106.50584699578357, 31.865860072036305], [-106.50617926899545, 31.86589545500113], [-106.50665281019724, 31.865826126648173], [-106.50699341337796, 31.86601236649066], [-106.50743025539514, 31.866481812697653], [-106.5077730699087, 31.866709005037176], [-106.50847706342722, 31.86729240806509], [-106.50850272459641, 31.867408616214178], [-106.50835405754947, 31.867468448790003], [-106.507195712777, 31.86727527578376], [-106.50698810751658, 31.867282842630758], [-106.50681422602506, 31.86746135813532], [-106.50652301272837, 31.868398122122546], [-106.50646973419751, 31.870074627505762], [-106.5063426116397, 31.87054061947846], [-106.50630290267617, 31.87130201503061], [-106.50614290807496, 31.871773645938635], [-106.50614211949275, 31.87210070612352], [-106.50630009734644, 31.873099185096393], [-106.50619712864491, 31.873564479795387], [-106.50617915795358, 31.87432232893991], [-106.50607250183005, 31.87451594682639], [-106.50585954598496, 31.874611692964482], [-106.50528757214008, 31.874749758292793], [-106.50464117200139, 31.87507066636696], [-106.5045174287185, 31.875202579266244], [-106.50396936185265, 31.875542821930832], [-106.50394681560786, 31.87546917324569], [-106.50444646716294, 31.87513144402033], [-106.5045710758294, 31.87499816163567], [-106.50524720112567, 31.874662935754404], [-106.50599668694589, 31.874445507737104], [-106.50607198738528, 31.874299311867574], [-106.50608770746106, 31.873558854159818], [-106.50618996315043, 31.87309754958333], [-106.50603313740487, 31.872110525371756], [-106.50603423094648, 31.87175982373337], [-106.50619459838484, 31.871285421404373], [-106.5062341941321, 31.870526222477697], [-106.50636108178364, 31.870061090988713], [-106.50641514915642, 31.868381255522227], [-106.50671110643121, 31.867429179500228]]]}}, {"type": "Feature", "properties": {"name": "FMSP Rock Shock"}, "geometry": {"type": "Polygon", "coordinates": [[[-106.46707768676511, 31.94192103241104], [-106.46803431019305, 31.94234505274407], [-106.46918488318873, 31.943203096635536], [-106.46971753302297, 31.94378298959357], [-106.47015816790253, 31.94409137395488], [-106.47113215794792, 31.944428147126246], [-106.47144889835175, 31.94464976376095], [-106.47231797071335, 31.945740969338736], [-106.47311705677907, 31.946351352496297], [-106.47339398912887, 31.94668918820318], [-106.4735472191896, 31.946980571351926], [-106.47390308925729, 31.94708522202431], [-106.47432571477172, 31.947303863036378], [-106.4748632767675, 31.947922528934093], [-106.47512697402067, 31.948339341309936], [-106.47610526593533, 31.949068506643897], [-106.4773432526785, 31.9493693860415], [-106.47866597376549, 31.94942913053061], [-106.47870253954072, 31.949498474510456], [-106.4778166017094, 31.949507635122643], [-106.47732307229349, 31.949460888805476], [-106.47604662875867, 31.949148509059405], [-106.47504393298195, 31.948401304349296], [-106.47477257783747, 31.947974721985467], [-106.47424883828461, 31.947371223252812], [-106.47385191059007, 31.947167560365173], [-106.47346658920998, 31.94704941456418], [-106.47329865201024, 31.946735351728943], [-106.47303080194463, 31.94640887689055], [-106.47223555930883, 31.945802461198635], [-106.4713721671418, 31.944716512588066], [-106.47107720018724, 31.94450934214863], [-106.47009437532145, 31.94416719650233], [-106.46963607023517, 31.943845439783978], [-106.4691086880545, 31.943270001876236], [-106.46796676521592, 31.94241840952005], [-106.46705379742703, 31.94200362260749], [-106.46703401321803, 31.941955718750965], [-106.46707768676511, 31.94192103241104]]]}}, {"type": "Feature", "properties": {"name": "FMSP Range Rider Road"}, "geometry": {"type": "Polygon", "coordinates": [[[-106.46479230367665, 31.928169639297696], [-106.46460481552755, 31.928156885604533], [-106.4637485020155, 31.92832681025261], [-106.46322246725813, 31.928228318515856], [-106.46259306500076, 31.92818906164223], [-106.46217125507656, 31.92830340180201], [-106.46197168155477, 31.928306382823774], [-106.46153467974007, 31.928202797591574], [-106.46064255073378, 31.92780779025681], [-106.46020115964836, 31.927638465920552], [-106.46005185796349, 31.9276289921095], [-106.45907007404973, 31.92764849838493], [-106.45862421688551, 31.927743065066373], [-106.45792246473027, 31.92769617442942], [-106.45727800901413, 31.927827020754258], [-106.45650655956477, 31.927849731420576], [-106.45572859150113, 31.928069160007208], [-106.45498597968366, 31.92816754207954], [-106.45455504348558, 31.928125732199778], [-106.45392955628677, 31.92790636562688], [-106.45356536820412, 31.927896858274142], [-106.45291707932633, 31.928194947000616], [-106.45267490753673, 31.928248394180642], [-106.4522998795895, 31.928086563220518], [-106.45236780963766, 31.928041210961382], [-106.4526744882354, 31.928153094661003], [-106.45287270536629, 31.928109309923073], [-106.45354568883361, 31.927803989446016], [-106.45395597861587, 31.92781540598599], [-106.45458493492, 31.92803623438823], [-106.45498220800891, 31.92807456388025], [-106.45570149621419, 31.927979068621845], [-106.45648160304624, 31.927758356432015], [-106.45726518292165, 31.927734647914573], [-106.45791366403054, 31.92760282325286], [-106.45861803391102, 31.927649580701218], [-106.45923281026171, 31.927542332004357], [-106.46021942650505, 31.92754641170576], [-106.46157636987013, 31.928116693394276], [-106.46198712945214, 31.92821402885056], [-106.46258645625447, 31.928095932508892], [-106.46324219601556, 31.92813667866949], [-106.46373496825419, 31.92823403194185], [-106.46458971951252, 31.928064567854182], [-106.46482266608311, 31.928080110672447], [-106.46525998338637, 31.928287659730383], [-106.46556806460757, 31.92857350992195], [-106.4658468325878, 31.928863703625964], [-106.4658991303124, 31.92913769741043], [-106.46580952529824, 31.92914148090218], [-106.46574944435051, 31.928908640643055], [-106.46519336998703, 31.928362539249537], [-106.46479230367665, 31.928169639297696]]]}}, {"type": "Feature", "properties": {"name": "FMSP Desert Trail"}, "geometry": {"type": "Polygon", "coordinates": [[[-106.4639689034373, 31.971655911042358], [-106.46357876120237, 31.971554794308904], [-106.46276767698082, 31.9711022375986], [-106.46251499669563, 31.970437235557267], [-106.4617886635317, 31.969941553118808], [-106.46167796780162, 31.96976358492124], [-106.46169988384968, 31.96953336867488], [-106.46177871627883, 31.969406535317372], [-106.46172637868541, 31.969030757765502], [-106.46135821222556, 31.968651357678137], [-106.46140830852787, 31.968283457429422], [-106.46164725761903, 31.967498470277974], [-106.46158336124654, 31.967053293529553], [-106.46135131460679, 31.966818534665972], [-106.46121960040999, 31.966796262968426], [-106.46114210110656, 31.96670059550533], [-106.46119088485965, 31.966466678451827], [-106.46117337512948, 31.966272424776164], [-106.46099421470448, 31.966166452115232], [-106.46093003691371, 31.966041677722824], [-106.46092143388267, 31.96584889006794], [-106.46102307807688, 31.965709572854088], [-106.4612888215931, 31.965780625708852], [-106.46119291035025, 31.9653867067656], [-106.46135540985041, 31.965319557683305], [-106.46150625188194, 31.96536372483042], [-106.46168650619119, 31.965136564015364], [-106.46163282951137, 31.965086314816233], [-106.46146386444383, 31.96506329249083], [-106.46101434427771, 31.964527023621034], [-106.46084259023442, 31.964512981830584], [-106.46054534582869, 31.964322623632317], [-106.46030747874994, 31.96404314129766], [-106.46012372014961, 31.963998489460295], [-106.45982703564133, 31.963555884960677], [-106.45961596514451, 31.96334356923801], [-106.45958759471621, 31.963179447906946], [-106.45946219109013, 31.96301719480874], [-106.45945202313877, 31.96285450839227], [-106.45955354082749, 31.96275448582791], [-106.46008895377784, 31.962667337623436], [-106.46082735365243, 31.962991378441924], [-106.46075585728781, 31.963051055747005], [-106.46007871313996, 31.962763820478372], [-106.45975116266567, 31.96280085114853], [-106.45956092368417, 31.962883257202204], [-106.45956793976204, 31.962987164327405], [-106.45969309609882, 31.9631502275743], [-106.45971491730391, 31.963299707145794], [-106.45991968277008, 31.96350612429394], [-106.46020168303826, 31.963928139653476], [-106.46037458898718, 31.96396660942918], [-106.46062463987967, 31.964257485099058], [-106.46089506019922, 31.964430293460328], [-106.46107895896836, 31.964445396019364], [-106.46153312038413, 31.964986494901368], [-106.46168657188556, 31.96500140064167], [-106.46180623408394, 31.965114061258166], [-106.46156639601587, 31.96545017689342], [-106.46130273532476, 31.96543716573598], [-106.46139410969633, 31.96585916528189], [-106.46117858745652, 31.965873399214065], [-106.4610542929221, 31.96581916187298], [-106.46103139218935, 31.965857528882538], [-106.4610873888217, 31.966115684114936], [-106.4612768680374, 31.966235872862775], [-106.46130029746016, 31.966471198942912], [-106.46125315490102, 31.966675631258102], [-106.4614216931126, 31.966742966823716], [-106.4616903918992, 31.967030294169486], [-106.4617571194271, 31.967509563377636], [-106.46151563393607, 31.968302171268224], [-106.46146996982242, 31.968635370771196], [-106.46183082217922, 31.969000012131126], [-106.46188868131753, 31.969421374020843], [-106.46180631394267, 31.969558550739496], [-106.46178311250776, 31.969734135976054], [-106.46186752499806, 31.969876337525623], [-106.46260602252671, 31.970383090136444], [-106.46273424198762, 31.97063666228837], [-106.46285331663731, 31.971040251417165], [-106.46362640677835, 31.971470996818642], [-106.46399274246782, 31.971564962141915], [-106.4646124695415, 31.97156335868356], [-106.46578423818266, 31.971457017531645], [-106.46657335426835, 31.970808377354935], [-106.46776655743534, 31.970301345414278], [-106.4688894679175, 31.96958599228057], [-106.46962131913465, 31.969282273970055], [-106.4698837936803, 31.96908457923866], [-106.47013463425269, 31.968809805899166], [-106.47034897874177, 31.968805449250336], [-106.4705868534891, 31.96854150369976], [-106.47078549280592, 31.968477765199662], [-106.47080020716061, 31.968391308982333], [-106.47115859800105, 31.968011762416417], [-106.47145442861927, 31.968031050820997], [-106.47177774938606, 31.967739218233188], [-106.4719115042185, 31.967708843255156], [-106.4721598004832, 31.967764461783172], [-106.47236862080781, 31.96766859860992], [-106.47246386592587, 31.96767228724597], [-106.47264558701481, 31.9675090269652], [-106.47283530765347, 31.96743200626722], [-106.47319832462983, 31.967487367048353], [-106.47360221144025, 31.967437702009555], [-106.47389534250084, 31.967568705554186], [-106.4738443608933, 31.967627912860817], [-106.47358557331589, 31.96753065827423], [-106.47319275685788, 31.967580345815318], [-106.47286100267318, 31.967523113810493], [-106.4727064907943, 31.967586754455837], [-106.47250652156158, 31.967764540254283], [-106.47239664464976, 31.967759196011883], [-106.47217321963954, 31.967858247741145], [-106.47184308133936, 31.967818919298303], [-106.47149531690175, 31.968119028548614], [-106.47121067742253, 31.968101174818457], [-106.47089928622881, 31.968436078272646], [-106.47087659010995, 31.968550099653584], [-106.47065915054966, 31.96861364257857], [-106.47039837472953, 31.96889224070821], [-106.47020296756033, 31.96889076528109], [-106.46996742669634, 31.969144980237495], [-106.46968911910109, 31.96935535187013], [-106.46894386786768, 31.96966743951901], [-106.46784606478865, 31.97037137573239], [-106.46663621619068, 31.970884508897687], [-106.4658356717904, 31.971541397446636], [-106.46491570898182, 31.971649978234904], [-106.4639689034373, 31.971655911042358]]]}}, {"type": "Feature", "properties": {"name": "FMSP Mundys Gap Trail"}, "geometry": {"type": "Polygon", "coordinates": [[[-106.48808786246141, 31.921746749205553], [-106.48861259492475, 31.921139009382177], [-106.48893336041284, 31.921069035861805], [-106.48951980673405, 31.921220363349512], [-106.48963852977425, 31.92121014484321], [-106.49036752054474, 31.920828493770184], [-106.49042386556943, 31.920760946081842], [-106.49049016177788, 31.92044859738356], [-106.4910296107732, 31.920037195681992], [-106.49229103736897, 31.91945146360907], [-106.49262410861732, 31.919627179818956], [-106.49261553019373, 31.91949404349164], [-106.49238947809248, 31.91918363325744], [-106.49238609395758, 31.91905719157823], [-106.49290607200072, 31.91825323312745], [-106.49295022805799, 31.91788742837656], [-106.49322883286015, 31.91770745149513], [-106.49321316256558, 31.9174218531313], [-106.49325667565219, 31.917295853579834], [-106.49342408545542, 31.917116375612302], [-106.49376921188575, 31.91694721001976], [-106.49402229571547, 31.916850865330783], [-106.49450184637043, 31.916788199086344], [-106.49464411409403, 31.91652055547449], [-106.49423658778616, 31.91624434577817], [-106.49416761081483, 31.91605843003139], [-106.49445074516761, 31.91531194543086], [-106.49443070345266, 31.915220158266855], [-106.4938304063169, 31.91531093010585], [-106.49370518893373, 31.915307002970483], [-106.49364451995609, 31.91523498422967], [-106.49368023340836, 31.91514888788472], [-106.49397638527664, 31.91508935353794], [-106.4947445895997, 31.914749906975864], [-106.49430518781892, 31.914761284375388], [-106.49405742142248, 31.914868951199367], [-106.49361996339991, 31.91481822314596], [-106.4927974086884, 31.914996913066187], [-106.49254180659804, 31.91497650077549], [-106.49238806114536, 31.914898643675304], [-106.49236168091925, 31.91480333198361], [-106.49245662739686, 31.91467852351692], [-106.4928308864657, 31.914505774974106], [-106.49303789469045, 31.91447625644453], [-106.49338783592385, 31.91434019903297], [-106.49381458201829, 31.914292590653666], [-106.49415919059767, 31.914110948725117], [-106.49448446485945, 31.91412668064342], [-106.4947318022852, 31.91405475675585], [-106.49527491505609, 31.913999140755937], [-106.49542881400697, 31.914046607804597], [-106.49579475596664, 31.914524861968097], [-106.49583113447494, 31.914766725288114], [-106.49595848577141, 31.91496710507983], [-106.4960393763369, 31.915277497114452], [-106.4964995488482, 31.915427869276524], [-106.49717555892384, 31.916122070732804], [-106.49763883607483, 31.91604644841164], [-106.49806426395601, 31.916284594971238], [-106.4984774741427, 31.91633780571518], [-106.49884459099198, 31.9167910921878], [-106.49912766611142, 31.91686424075798], [-106.4993133450269, 31.917202848264168], [-106.50002259396587, 31.917297693014195], [-106.50051723665656, 31.91714324722466], [-106.50092323447456, 31.916899944622674], [-106.5010268344457, 31.91691732191972], [-106.5010511360552, 31.916971822401376], [-106.50094242631762, 31.91718305641272], [-106.50068211084591, 31.91743887995399], [-106.50080160217638, 31.917725754218143], [-106.50104236066738, 31.91789070423533], [-106.5013599787535, 31.917904370663063], [-106.50150783293353, 31.917974201704183], [-106.5018273615557, 31.918197813392567], [-106.50202928791512, 31.918440677653848], [-106.50211310005874, 31.91846982950946], [-106.50276760588444, 31.91843400381034], [-106.50316349096197, 31.918577096812353], [-106.50370049162268, 31.918572509561496], [-106.50410926456915, 31.91866583726398], [-106.5034086599286, 31.918239174073737], [-106.502911503727, 31.918050017778665], [-106.50267171852718, 31.918045390303757], [-106.50258211022275, 31.917872957309804], [-106.50200759769837, 31.917481694439154], [-106.50235867458225, 31.917174169779052], [-106.50270685263773, 31.916985567188092], [-106.50284140787738, 31.91681529605495], [-106.50324202042887, 31.916533997268846], [-106.50372599142119, 31.916573250564994], [-106.50368514628083, 31.91633621107254], [-106.50353686163504, 31.91619194091852], [-106.50340403512395, 31.916139420864194], [-106.502714671575, 31.91607183419666], [-106.50147830757216, 31.915530156813976], [-106.50092893372873, 31.91570224634624], [-106.50093280349098, 31.9154133036723], [-106.50056701613957, 31.914991044666536], [-106.50060055493948, 31.914780480710085], [-106.50079847089553, 31.91466770820857], [-106.50124500730611, 31.9147513842826], [-106.50119389285682, 31.914813917644857], [-106.50080730919817, 31.91476182342297], [-106.50073501803159, 31.914788253766954], [-106.5006668286144, 31.914900960523955], [-106.5007271207757, 31.915061245083773], [-106.50103878712132, 31.915383087852284], [-106.50102810553568, 31.915591232794576], [-106.50139187203962, 31.91542886081683], [-106.50161984189867, 31.915470674957028], [-106.50275250255672, 31.915983898352216], [-106.50342391743027, 31.916047653383306], [-106.50358997433446, 31.916110384760845], [-106.50373696667008, 31.91621760832593], [-106.50383537957904, 31.916427219712375], [-106.5038634741519, 31.916560213335593], [-106.5037904091752, 31.916652076849484], [-106.50367460528922, 31.91667875857063], [-106.50328999174582, 31.91662037703503], [-106.50292494079386, 31.916876753960842], [-106.50278151957191, 31.91705375295554], [-106.50242570301788, 31.917248022336775], [-106.50213473489666, 31.91747198523176], [-106.50266815142658, 31.91781388727903], [-106.5027269158086, 31.91795428825495], [-106.50294708887986, 31.917961041943975], [-106.50346159257208, 31.91815761852504], [-106.5040718849344, 31.918498936675544], [-106.50422961023702, 31.918649910737425], [-106.5042300579447, 31.918702421635263], [-106.50412590159944, 31.918761239641157], [-106.50368960548764, 31.918665879332732], [-106.5033275994589, 31.918692442725654], [-106.50274795846187, 31.918525919554458], [-106.50208767319548, 31.9185608404648], [-106.5019546625653, 31.91851091189706], [-106.5017499486757, 31.918265116879336], [-106.50144623273422, 31.9180513412358], [-106.50133024036823, 31.917994189982267], [-106.50100059386388, 31.917977747656057], [-106.50078582646236, 31.917866416286667], [-106.50070657250781, 31.917772549005644], [-106.5005684460227, 31.91742571902536], [-106.50089725635125, 31.91705017716115], [-106.5005651872685, 31.917226856200077], [-106.50004120821737, 31.91738969870955], [-106.49926664574024, 31.917289323727438], [-106.49905075914663, 31.91693265721593], [-106.49878154376188, 31.916870357710582], [-106.49842177667176, 31.916422852549776], [-106.4980177332529, 31.916369236717546], [-106.49760654289155, 31.91613853028338], [-106.49712613938111, 31.91621177481579], [-106.4964330112478, 31.9155028544155], [-106.49604889329964, 31.91541067812982], [-106.49594724373357, 31.915330763414147], [-106.49585590505693, 31.91500016869062], [-106.49572740176704, 31.91479926574525], [-106.49569214994894, 31.914561321724886], [-106.49536697475287, 31.914125256673707], [-106.49527552777191, 31.914094157964755], [-106.49474562424432, 31.914147522897366], [-106.49450090472793, 31.91421894221882], [-106.49418089982112, 31.91420431313644], [-106.49385135998179, 31.914380411793434], [-106.49341749640585, 31.914429750574538], [-106.49307508218747, 31.914564533457476], [-106.49276078169545, 31.9146276239246], [-106.49253870691588, 31.914741241043902], [-106.49247363768211, 31.914824444231257], [-106.49250906532656, 31.91486655467425], [-106.49278353175998, 31.91490402354626], [-106.4936092182955, 31.91472551936743], [-106.49404687198911, 31.914774507171565], [-106.49428871874441, 31.914668183253788], [-106.49491898590222, 31.91468408647893], [-106.49492971438876, 31.91480785277008], [-106.4946872391699, 31.914853762636472], [-106.49388655048772, 31.915210966265345], [-106.49439308620973, 31.9151141205318], [-106.49452179727437, 31.915159734535955], [-106.49456054557083, 31.915325326328944], [-106.4942863817549, 31.916122719773902], [-106.49468992778954, 31.91642220820999], [-106.49476883307685, 31.916533269534483], [-106.4945719816281, 31.91686149494492], [-106.49405086041814, 31.916941251990586], [-106.49381637683614, 31.91703113530278], [-106.4934946745314, 31.917188412945986], [-106.493353273923, 31.917341350927195], [-106.49332878144398, 31.91775300829046], [-106.49304689584685, 31.91793688534432], [-106.49300937137058, 31.918286751297494], [-106.49249379636878, 31.91908324995032], [-106.49249545916125, 31.91915527533531], [-106.49276376175264, 31.919588196734367], [-106.4926967566434, 31.919700555264146], [-106.49255325661302, 31.91972691324746], [-106.49229792223994, 31.9195503470179], [-106.49108798505037, 31.920115942228982], [-106.49058325039651, 31.92049876699642], [-106.49052863336439, 31.92079338952947], [-106.49044700466668, 31.920893499627304], [-106.48967611498836, 31.921297805149074], [-106.48950184117308, 31.921312441653754], [-106.48893401008739, 31.921162776705042], [-106.48866767739496, 31.921220807141456], [-106.48818253772752, 31.92179361409766], [-106.48790197546505, 31.92225555226197], [-106.48780332916161, 31.923095154545464], [-106.48742761216849, 31.92407652922457], [-106.48707341034864, 31.924611966650808], [-106.48689225767728, 31.925049422991442], [-106.48686058830238, 31.925277522687484], [-106.4869636523939, 31.92547199143497], [-106.48746205907612, 31.925929222665847], [-106.48756016839977, 31.926217790693617], [-106.48765923027588, 31.926899529521645], [-106.48752304679405, 31.927678393182557], [-106.48752860571429, 31.92915829458745], [-106.48770027846483, 31.930015491284692], [-106.48796195132479, 31.930543379236354], [-106.48821379971403, 31.930695287116933], [-106.4882571779895, 31.930994924559528], [-106.48779701522888, 31.931373827827578], [-106.48757031562013, 31.931735875390338], [-106.48757996019415, 31.931884521354544], [-106.48769702198302, 31.93216658757329], [-106.48763306030477, 31.932423746949773], [-106.48733004731477, 31.932996700479535], [-106.48727623192919, 31.93302420331681], [-106.48722685088578, 31.932966640070397], [-106.48753081921068, 31.932390017023337], [-106.4875865382338, 31.932161039052236], [-106.48747181941127, 31.931902348348533], [-106.48746465490353, 31.931709071647543], [-106.48771345978895, 31.931312868272393], [-106.48814545991792, 31.930983797374115], [-106.48811312711537, 31.930742361630735], [-106.48787135105098, 31.93059857505051], [-106.48759614644773, 31.930044854439203], [-106.48741962846954, 31.929168081482253], [-106.4874135982918, 31.927674609592273], [-106.48754938130043, 31.92689366361665], [-106.4874526368346, 31.926235671735615], [-106.48736588972554, 31.925975678225143], [-106.48687647979119, 31.92552983038056], [-106.48675004443214, 31.925279418782345], [-106.48678691927633, 31.925023458196282], [-106.48697172499348, 31.924577184459167], [-106.48732671052561, 31.924040204864298], [-106.48769664162444, 31.923073547212237], [-106.48779695959175, 31.92222708610812], [-106.48808786246141, 31.921746749205553]]]}}, {"type": "Feature", "properties": {"name": "FMSP Schaeffer Shuffle"}, "geometry": {"type": "Polygon", "coordinates": [[[-106.51054009861326, 31.942571140781013], [-106.51018764684794, 31.94224305800128], [-106.51017205551129, 31.941977078735412], [-106.51010591762639, 31.94181027291887], [-106.51019660526285, 31.94152812791768], [-106.5101790976713, 31.941259060762896], [-106.51008804120015, 31.941031749303306], [-106.50979080799668, 31.940689380448404], [-106.50976938046139, 31.9405377997042], [-106.50966624491953, 31.940373140419844], [-106.50962285974869, 31.939914145112688], [-106.50953067907933, 31.939742741225924], [-106.50954253386374, 31.939585302934226], [-106.50945390244584, 31.939537740683033], [-106.50943682508718, 31.93942515442679], [-106.50927097662237, 31.939296814596375], [-106.5091570542815, 31.939004576252557], [-106.50918660827388, 31.938837524090815], [-106.50904932661751, 31.938715982825645], [-106.50906479771952, 31.938599273240776], [-106.50900080514404, 31.938451862678804], [-106.50881870458873, 31.93833215757803], [-106.50891816756697, 31.93817546615903], [-106.50904375404888, 31.938141381717255], [-106.50931187845812, 31.93788025770782], [-106.50979369072753, 31.937830711286722], [-106.51013121671811, 31.937709991471063], [-106.51119963758777, 31.937738077252813], [-106.51128870179042, 31.93763203038006], [-106.51144900862504, 31.937576995018258], [-106.51168981486148, 31.93762734034085], [-106.51227297992205, 31.937487208692456], [-106.5128781076835, 31.937472069171488], [-106.51315152994658, 31.937217993856642], [-106.51321225730571, 31.936658506515922], [-106.5133989285299, 31.936556971685974], [-106.51394954010351, 31.93642752148375], [-106.51401693400035, 31.936459899860846], [-106.51398772247897, 31.936514257793785], [-106.5134363634114, 31.936644616223496], [-106.51330350045919, 31.936718221847492], [-106.51325413911306, 31.937255837617876], [-106.51292363286734, 31.937559868462607], [-106.5122880071745, 31.93758008513828], [-106.51168948976043, 31.93772146734456], [-106.51146377493656, 31.9376712994315], [-106.5113583422065, 31.9377064866086], [-106.51123474689025, 31.937828803180388], [-106.51087721034058, 31.937850874028157], [-106.51014607846668, 31.937802791970924], [-106.5098231795447, 31.937921031752072], [-106.5093742772662, 31.93795839399519], [-106.50912206354752, 31.938214477900615], [-106.50896275259903, 31.93827762838148], [-106.50907629925715, 31.938314252137975], [-106.50906588345204, 31.93837475371594], [-106.50918210215482, 31.93860173590255], [-106.50915020017578, 31.938677130677984], [-106.50928622909315, 31.938797221092962], [-106.50926429817409, 31.938980878167737], [-106.50937112437968, 31.939252679872766], [-106.50952633960908, 31.93936589877607], [-106.50956230358435, 31.93949081771191], [-106.50965505426286, 31.939557088490666], [-106.50964619178153, 31.939724489651642], [-106.50974018946451, 31.93995229013491], [-106.50973535332562, 31.940206852917953], [-106.5098756245755, 31.940509981246514], [-106.50988541689203, 31.940636844011237], [-106.51018109236496, 31.94098242763316], [-106.51028324419408, 31.941228088221276], [-106.51030783257637, 31.941532389790005], [-106.51021558530572, 31.941812439872145], [-106.51027983337222, 31.941959119328747], [-106.51029172321613, 31.94221072609115], [-106.51060361435866, 31.942494436509445], [-106.51074196058272, 31.942555649521132], [-106.51114784615486, 31.94242533392709], [-106.51136512992016, 31.942403030720065], [-106.51153902166715, 31.94230551754221], [-106.51188822479364, 31.942277510626216], [-106.512335957383, 31.941990516594473], [-106.5124962851993, 31.94193405367134], [-106.51262315256379, 31.941961998800227], [-106.5127281296982, 31.941881138671725], [-106.5130160540881, 31.941891078120594], [-106.51368808483825, 31.942191401371545], [-106.51376468935675, 31.942146934238128], [-106.5139139809063, 31.942225901049408], [-106.51405909366039, 31.942166897502013], [-106.51414526035252, 31.94231360546525], [-106.51409080909266, 31.942514872190188], [-106.51414661370866, 31.942524894629575], [-106.51432972569515, 31.942296726060093], [-106.51455541264764, 31.94217614646249], [-106.5147275300116, 31.94214798889445], [-106.51491256011336, 31.94218604990533], [-106.51526378125962, 31.94203723701985], [-106.51565168262356, 31.941946910461375], [-106.5157269061873, 31.9417945399556], [-106.51599915939539, 31.94168170970519], [-106.51593345519935, 31.941520684923674], [-106.51598272694238, 31.94145139683627], [-106.51655342090362, 31.941117321509804], [-106.51672684336017, 31.940899380728148], [-106.51679345307576, 31.940733259036207], [-106.51709764426865, 31.940554546790377], [-106.51751594114245, 31.940405761392334], [-106.51784352785735, 31.940161812069352], [-106.51804512306548, 31.94012176109118], [-106.51832049784285, 31.9401586376304], [-106.5183127943411, 31.939972485963413], [-106.51839702326504, 31.939902197075654], [-106.5182463676298, 31.939710463002825], [-106.51824112892403, 31.939644743535528], [-106.51830582937758, 31.939597211137286], [-106.51823637267336, 31.939452506036467], [-106.51830836989485, 31.93936377039467], [-106.51826421110304, 31.939241626082836], [-106.51830472046649, 31.938952881748918], [-106.51839314533333, 31.938885310174985], [-106.51829927727964, 31.938469631427772], [-106.51835455711209, 31.938278897908038], [-106.51845060757773, 31.938285036257927], [-106.51841689277225, 31.938603812896563], [-106.51850338470747, 31.938880576864094], [-106.51840621653037, 31.9390179991172], [-106.51843302405537, 31.939085034066203], [-106.51837638288117, 31.939251925360622], [-106.51842739164753, 31.93936575016521], [-106.51834787229376, 31.939459641021582], [-106.51843702939115, 31.93958911145677], [-106.51835790846954, 31.93967966074446], [-106.51850903529686, 31.939908917270504], [-106.51842224209342, 31.939998022870316], [-106.51845921493792, 31.940115377876705], [-106.51841409815802, 31.94020700603401], [-106.51831089646441, 31.940273948915387], [-106.51804681132538, 31.940217192855513], [-106.51788355725905, 31.940249960958354], [-106.51757138805361, 31.94048756252775], [-106.5171383099312, 31.94064200962685], [-106.51686789227804, 31.940802356917082], [-106.51682168957514, 31.94094698818302], [-106.51662589929813, 31.941187586771168], [-106.51604604185475, 31.94153362096164], [-106.51612196439116, 31.94175545541207], [-106.51580348556712, 31.941863140212543], [-106.51573536095819, 31.942017832849874], [-106.5153016706209, 31.94212448657567], [-106.5149381456533, 31.942277931527986], [-106.51460463303972, 31.942259836003892], [-106.51442857704721, 31.942345043932914], [-106.51426518458887, 31.942570408210717], [-106.51416068204125, 31.94262317023987], [-106.5139631047735, 31.942580150528176], [-106.51403126806223, 31.942311415251126], [-106.51392510326247, 31.942381561415875], [-106.5138376688718, 31.942327895023354], [-106.51370397383141, 31.94237196000767], [-106.51357182458662, 31.942222541524114], [-106.5129442816706, 31.94197484681407], [-106.5127645306651, 31.941973777615704], [-106.51264820621454, 31.94205507534563], [-106.51246389170069, 31.942037096000526], [-106.51191894996373, 31.942369303318255], [-106.51154259878187, 31.942406784234496], [-106.51134841935813, 31.94250710608492], [-106.51118297765588, 31.942513772903755], [-106.51073858072468, 31.942652056154177], [-106.51054009861326, 31.942571140781013]]]}}, {"type": "Feature", "properties": {"name": "FMSP Sneeds Cory"}, "geometry": {"type": "Polygon", "coordinates": [[[-106.50955723114244, 31.91569305240778], [-106.50968051561979, 31.91531000240215], [-106.50983448053456, 31.915410851130567], [-106.50990246985434, 31.915389209593545], [-106.50995516917081, 31.915297938629106], [-106.51005195857431, 31.915293445540375], [-106.5107125589825, 31.915741139041355], [-106.5109044636661, 31.916155596788702], [-106.51081126122426, 31.91617013902711], [-106.51062997831349, 31.915803689955755], [-106.51033286293628, 31.915572477436857], [-106.51016482132461, 31.915514235659753], [-106.51002164536844, 31.915397329690954], [-106.50996570661535, 31.91546741062989], [-106.50982831455256, 31.91551229815773], [-106.50971581839012, 31.915441637628398], [-106.50966688928074, 31.915690440981653], [-106.5097340899014, 31.915787415269886], [-106.50974355844302, 31.91601014513447], [-106.50962731447338, 31.916125522275006], [-106.5096225442494, 31.916260993053196], [-106.50952740110569, 31.91641814073448], [-106.50956925230882, 31.916590850746427], [-106.50948913116183, 31.91661836288193], [-106.50941838227365, 31.916399314160877], [-106.50951591890578, 31.916233672330936], [-106.5095253481372, 31.916081621712692], [-106.50963424356574, 31.91599581088748], [-106.50963008488097, 31.91582340312056], [-106.50955723114244, 31.91569305240778]]]}}, {"type": "Feature", "properties": {"name": "FMSP Sneeds Cory (Part II)"}, "geometry": {"type": "Polygon", "coordinates": [[[-106.50904851703098, 31.915736213883793], [-106.50878897473721, 31.91558292916441], [-106.50879276146087, 31.91552325824282], [-106.50885422734414, 31.915512247627962], [-106.50909293231611, 31.915650238007885], [-106.50918846909939, 31.915659368917243], [-106.50942637942757, 31.915384986089414], [-106.50961274972245, 31.915290563699866], [-106.5097570614986, 31.915335744550077], [-106.50973337977611, 31.915391956418365], [-106.50963966481184, 31.915382817145083], [-106.50946105079856, 31.91548098561106], [-106.50941136988853, 31.915605262890622], [-106.50923280083387, 31.915748565729878], [-106.50904851703098, 31.915736213883793]]]}}, {"type": "Feature", "properties": {"name": "FMSP Sierra Vista Trail"}, "geometry": {"type": "Polygon", "coordinates": [[[-106.52195123411684, 31.997668411396273], [-106.52209133170342, 31.997554083460347], [-106.52219961003968, 31.99764322775232], [-106.52244913159853, 31.997710459115424], [-106.52258975093754, 31.997852941943393], [-106.52273526065474, 31.997815666885195], [-106.52280527685866, 31.997736727886146], [-106.52271910945534, 31.997516373383533], [-106.52281995474637, 31.997343969086522], [-106.52280353379146, 31.997209900350942], [-106.52262989366585, 31.996990993725884], [-106.52227915991854, 31.996752353672523], [-106.52230047661931, 31.996669360473035], [-106.52237449225989, 31.996635315324177], [-106.52213571568443, 31.996363850284517], [-106.52179053137365, 31.996111693395996], [-106.52160428671371, 31.996085688245753], [-106.52150842971568, 31.99601257205688], [-106.52147534305678, 31.99590152785083], [-106.52126641922686, 31.9957467354796], [-106.5212363673354, 31.99567412657467], [-106.52127212312783, 31.995634236533675], [-106.52157967633502, 31.99565289172666], [-106.52163049326344, 31.99561654929744], [-106.52168515782427, 31.99543272246576], [-106.52141968324297, 31.99527690400839], [-106.52129840526723, 31.995138584863085], [-106.52122101795096, 31.994671631370824], [-106.52127562909041, 31.99454517684816], [-106.52122467185863, 31.99428532770808], [-106.52118340976502, 31.994230294995546], [-106.52093254018959, 31.994177722060023], [-106.52081733404059, 31.99409178691642], [-106.5207463853769, 31.99359745058695], [-106.52075789830374, 31.993362512488133], [-106.52087415521589, 31.99321845937095], [-106.52087252329846, 31.993128507868445], [-106.52134622610664, 31.99250173892794], [-106.52123776763837, 31.992334731691585], [-106.52138983494297, 31.992243463103318], [-106.52150809766295, 31.99223037246506], [-106.52158364807048, 31.992094979328463], [-106.52150542809431, 31.991542284281284], [-106.5215098684183, 31.990949296671296], [-106.52146142472554, 31.990861095597758], [-106.52146358563962, 31.990694619949384], [-106.52137256878095, 31.990553854780195], [-106.5214264309192, 31.990503024813453], [-106.52157021429497, 31.990668739872177], [-106.5215709431236, 31.990844921813927], [-106.52161920186605, 31.990932575713636], [-106.52161495288735, 31.991539584582025], [-106.52169355027704, 31.99210491729639], [-106.52158286227741, 31.99229999454344], [-106.52136085187655, 31.992358238008674], [-106.52146069472259, 31.99243807558695], [-106.52145087779618, 31.992533023661316], [-106.52097959981432, 31.993159344878002], [-106.52097941714233, 31.993251889281773], [-106.52086572271385, 31.993389813924985], [-106.5208559073728, 31.993587446475605], [-106.52091482171978, 31.99404811839701], [-106.52124351285205, 31.99414771480741], [-106.5213303277535, 31.99425693066698], [-106.52137919543338, 31.994443553968697], [-106.52133144666625, 31.99467309667777], [-106.52139883573288, 31.995098407280604], [-106.52179053370702, 31.995398700782506], [-106.52180187938934, 31.99550794317437], [-106.52170993436496, 31.995681237784538], [-106.52160736238137, 31.99574530852642], [-106.52137792269558, 31.99570843163013], [-106.52156766628744, 31.995848145862904], [-106.52166274802646, 31.996005797636123], [-106.52184245053847, 31.996027754887223], [-106.52221740136197, 31.996301793955503], [-106.52252887262894, 31.99663274090299], [-106.52251293298131, 31.99668773517463], [-106.52240410203154, 31.996725390546544], [-106.52270815934665, 31.996922643788068], [-106.52290923757877, 31.99718043854567], [-106.52292906418826, 31.997362777342985], [-106.52283423813313, 31.997519254712426], [-106.52291984789412, 31.99775397563847], [-106.52280045496764, 31.997892213901302], [-106.52255583623375, 31.99794409727409], [-106.52238339217355, 31.997786003215673], [-106.52213493424871, 31.99772388492578], [-106.52208981730351, 31.9976613372184], [-106.52206270199306, 31.99768534366445], [-106.52209464715659, 31.99783178358635], [-106.52205742959892, 31.998141550422464], [-106.52219430245162, 31.9986342834257], [-106.52222175605104, 31.998973471139216], [-106.52214952328805, 31.999140005348202], [-106.52220389066039, 31.999392681764682], [-106.52235848186778, 31.99962381895831], [-106.52237236380704, 31.999869035609304], [-106.52245691436102, 32.00008670774198], [-106.5224907425844, 32.00040271744424], [-106.52245637878568, 32.00052512383815], [-106.5225637978785, 32.000757884064384], [-106.52252116397666, 32.00080936157203], [-106.52246050181368, 32.000784704195524], [-106.5223456102826, 32.00053983070551], [-106.52238041409102, 32.000399642896305], [-106.52225080567166, 31.99964246941078], [-106.5221018844518, 31.99942940122067], [-106.52205783999548, 31.999261827790434], [-106.52203959424655, 31.999128551431806], [-106.52211004057673, 31.99896855607578], [-106.52208508316687, 31.998645483397162], [-106.52194737477234, 31.998146733974547], [-106.52198456079095, 31.997838180137727], [-106.52195123411684, 31.997668411396273]]]}}, {"type": "Feature", "properties": {"name": "FMSP Shortcut 2"}, "geometry": {"type": "Polygon", "coordinates": [[[-106.52036337917059, 31.946939967913753], [-106.52053385039073, 31.94693636648374], [-106.52125247452456, 31.946613234829297], [-106.52171609017725, 31.946484686698053], [-106.52192785459594, 31.946283968098744], [-106.52371142538335, 31.945812673041715], [-106.52434955667171, 31.94572934865138], [-106.52546556834596, 31.945433535128604], [-106.52584566765107, 31.94538480998724], [-106.5269313683974, 31.9453193804818], [-106.52743612094044, 31.945315510699615], [-106.52748256680447, 31.945351402573007], [-106.52743169708782, 31.945408016837845], [-106.52623030462637, 31.94544677124725], [-106.52549335693571, 31.945523511048975], [-106.52437265260951, 31.945820436605995], [-106.52373669791542, 31.94590318240843], [-106.5219821274416, 31.946367151517116], [-106.52177300673229, 31.946565818456], [-106.5213030920875, 31.946696014778148], [-106.52056645348506, 31.94702759642627], [-106.52038140665633, 31.947011635349845], [-106.52036337917059, 31.946939967913753]]]}}, {"type": "Feature", "properties": {"name": "FMSP Shortcut 3"}, "geometry": {"type": "Polygon", "coordinates": [[[-106.5239561602012, 31.95168369757794], [-106.52401992800299, 31.951723174236825], [-106.5241577262097, 31.952648060234583], [-106.52422939578221, 31.95274890123549], [-106.52496380915859, 31.95288583410212], [-106.5256487116687, 31.953179869881513], [-106.52637538526764, 31.953593868710268], [-106.52729360089445, 31.954262781340404], [-106.52785118597969, 31.954559437181842], [-106.52830756860284, 31.954723881878078], [-106.5285755369079, 31.95489139590534], [-106.5285849005502, 31.954947916757195], [-106.52851414617668, 31.954966816055375], [-106.5282522535269, 31.95480458342189], [-106.52745252551419, 31.954470924520685], [-106.52674337309708, 31.9540213165139], [-106.52630587459399, 31.95366576611136], [-106.52559455957423, 31.953260759112545], [-106.52492754969388, 31.952974629566583], [-106.5241664195713, 31.95282638403825], [-106.52404966945477, 31.952663273895336], [-106.52391141083719, 31.951735738614698], [-106.5239561602012, 31.95168369757794]]]}}, {"type": "Feature", "properties": {"name": "FMSP Shortcut 4"}, "geometry": {"type": "Polygon", "coordinates": [[[-106.52793420262002, 31.960593760496966], [-106.5301482634571, 31.96030331069433], [-106.53053398032756, 31.960413624750682], [-106.53093056045446, 31.960416373130354], [-106.53242746754644, 31.960250708957094], [-106.53248819020068, 31.960291489266435], [-106.53244012375553, 31.960343007271803], [-106.53093779000238, 31.960509119656816], [-106.5305148714816, 31.960505774584846], [-106.53014906875885, 31.96039687604827], [-106.52797766128049, 31.96068006018332], [-106.5269214582257, 31.961268061340245], [-106.5260768728972, 31.961558570614887], [-106.52563635016888, 31.961791600553543], [-106.52556659669185, 31.961763285828184], [-106.52572780282998, 31.96161239579347], [-106.52633963496606, 31.96135002621593], [-106.5268675477188, 31.96118495370795], [-106.52793420262002, 31.960593760496966]]]}}, {"type": "Feature", "properties": {"name": "FMSP Sotol Canyon Road"}, "geometry": {"type": "Polygon", "coordinates": [[[-106.46290195759698, 31.972863503040738], [-106.46311084861578, 31.97286223404492], [-106.46338123902929, 31.972615460877698], [-106.46362777397745, 31.97247098464709], [-106.46446367408082, 31.972186721077165], [-106.46471235273579, 31.97195696735468], [-106.46489021117841, 31.971858640511076], [-106.46610094243903, 31.971461760908717], [-106.4665422912935, 31.97142748202769], [-106.4667902862264, 31.97131989374373], [-106.46723618218981, 31.970999595742278], [-106.46791115860943, 31.97089110353519], [-106.46871243755753, 31.970609622371022], [-106.46895584620091, 31.970406002777164], [-106.46941079847198, 31.969490671472492], [-106.469936227036, 31.969103003587154], [-106.47044757795518, 31.9689368086227], [-106.47069912252539, 31.96861589611568], [-106.4717583155402, 31.968326288210204], [-106.4719346265624, 31.968180975735297], [-106.47260078433837, 31.967997379378854], [-106.47341593787799, 31.967585173214715], [-106.47384782038063, 31.96755006731566], [-106.47413794467886, 31.967426305781952], [-106.47469745049621, 31.967534673364376], [-106.47530806196252, 31.967421390630612], [-106.47565676922171, 31.967505048715484], [-106.47600951916644, 31.967521659418146], [-106.476564761884, 31.967441286377245], [-106.47740139195633, 31.967560896661816], [-106.47786969148328, 31.967785984783497], [-106.478802474837, 31.967945289240074], [-106.47912033069814, 31.967839512854443], [-106.47923740516428, 31.96774138596115], [-106.4795275460227, 31.967696546595448], [-106.47958161069853, 31.967734721804092], [-106.47954676758309, 31.967786560581263], [-106.47928322048966, 31.967828139479163], [-106.47917907448931, 31.967919227837253], [-106.47881182067039, 31.9680392635707], [-106.47782984610318, 31.967872923867688], [-106.47737214921912, 31.967650784359062], [-106.47655695245467, 31.967534264408847], [-106.4760114956994, 31.9676147374581], [-106.47563802775487, 31.967596893178634], [-106.47530329087296, 31.96751514940972], [-106.47469929617557, 31.967627769543757], [-106.4741440473652, 31.96752284000253], [-106.47387572397437, 31.9676408066023], [-106.47345526296594, 31.967673748361985], [-106.47264655557784, 31.968081828118887], [-106.4719860581186, 31.968264751115107], [-106.47181097705086, 31.968409357358468], [-106.47075961675685, 31.96869645873918], [-106.47051828894651, 31.96901098582083], [-106.47000012877889, 31.96917894630982], [-106.46950292461032, 31.969543081188082], [-106.46904933169117, 31.97045604786577], [-106.46877027214047, 31.970688832211096], [-106.46794207317392, 31.97098029166866], [-106.46728281167329, 31.97108480804766], [-106.46685312388263, 31.97139651141683], [-106.46657624682864, 31.971516678046047], [-106.4661313183603, 31.971551231433683], [-106.4649356815545, 31.971943299131862], [-106.46452509718468, 31.97226404131712], [-106.46368339599265, 31.972551304381195], [-106.4634524902804, 31.972686386000905], [-106.46315935568487, 31.972950533907774], [-106.46290917472211, 31.972946923737616], [-106.46287458146989, 31.972903132787064], [-106.46290195759698, 31.972863503040738]]]}}, {"type": "Feature", "properties": {"name": "FMSP Scenic Road"}, "geometry": {"type": "Polygon", "coordinates": [[[-106.47867255746146, 31.9494315741703], [-106.48188746901101, 31.94913320436631], [-106.48260455371806, 31.94917432413541], [-106.48296062341684, 31.949243285344977], [-106.48325288022225, 31.949356745674134], [-106.48358904893695, 31.94926961017314], [-106.48495596090017, 31.949253900339297], [-106.48546793675807, 31.948809984834675], [-106.48557580595488, 31.94864655981455], [-106.48557028394161, 31.94853464514653], [-106.48532110001437, 31.948216615314323], [-106.48494868312373, 31.947876207385526], [-106.48492316331026, 31.947642332376187], [-106.48485988754409, 31.94755566073799], [-106.48436149783738, 31.947320217325842], [-106.48413423168583, 31.947074617454184], [-106.48371523625676, 31.947017205136518], [-106.4831885990318, 31.94685501141815], [-106.4830018166301, 31.946506392421973], [-106.48291869173016, 31.946120180425176], [-106.48267276071867, 31.94582543587935], [-106.48264587962544, 31.945479837392718], [-106.48291178981901, 31.944895405984024], [-106.48308174705204, 31.944756748794205], [-106.48424609982956, 31.944568127204906], [-106.48497515351107, 31.94464040459602], [-106.48529610853907, 31.94427792847306], [-106.4856130754705, 31.944073516738136], [-106.48606800079094, 31.944065678926478], [-106.48650635780979, 31.94381818195908], [-106.48616008861727, 31.942994372859516], [-106.48618852097742, 31.94288925232419], [-106.48632024085225, 31.942801795105634], [-106.48648499411756, 31.94281059475688], [-106.48701922594928, 31.94301029655779], [-106.48787168957784, 31.94309812523987], [-106.48757116093032, 31.94248921206011], [-106.48718497410177, 31.94228376846123], [-106.48714171868828, 31.942199496575647], [-106.48722975749024, 31.94209234547139], [-106.48785109084695, 31.941856576080717], [-106.48790758579608, 31.941776270102096], [-106.48786873414134, 31.94165155264427], [-106.48752152519813, 31.941575886310673], [-106.48697473216343, 31.941212162917736], [-106.48658207910903, 31.94085873450601], [-106.48629851802737, 31.940457727921544], [-106.48570967704225, 31.94004001317977], [-106.4856473312521, 31.93993160715215], [-106.48573655156542, 31.939837938103345], [-106.4861137875689, 31.93966604593298], [-106.48638191361977, 31.939119454933554], [-106.4864000498112, 31.938618845067065], [-106.48595903976887, 31.938272414949715], [-106.48584668085223, 31.938126511039712], [-106.48578669582093, 31.93744952084179], [-106.48597609208527, 31.93674986871444], [-106.48633828604751, 31.936459392478334], [-106.48625115388623, 31.935858640978704], [-106.48643893773007, 31.93524281771896], [-106.48679766190146, 31.935054173286492], [-106.48681217099144, 31.935129308192916], [-106.48653730839641, 31.93528932414924], [-106.48636111331179, 31.935867560030005], [-106.48644708906183, 31.936487468443957], [-106.48607575831873, 31.93679396056492], [-106.48589549431883, 31.93746244103788], [-106.48594931312671, 31.938090997263565], [-106.48650768359803, 31.93858489139371], [-106.48649038032023, 31.93913442642052], [-106.48642337325991, 31.93934247546312], [-106.4861982027687, 31.939728079427145], [-106.48576873769889, 31.939937606274952], [-106.48638292287339, 31.94039719563263], [-106.48667101496333, 31.940804430651426], [-106.48704882939427, 31.941143713809552], [-106.4875726444037, 31.941493347281405], [-106.4879550020742, 31.941590490422456], [-106.48801878429188, 31.941788837351343], [-106.48793141081073, 31.941922655855663], [-106.48725920513077, 31.94220452316202], [-106.48765938660642, 31.942432822064223], [-106.48798888668904, 31.943128984125384], [-106.48787676148149, 31.94320041977397], [-106.48699655935039, 31.943101452143903], [-106.48636257450833, 31.94289071072152], [-106.48627096803904, 31.942986014536455], [-106.48642593113905, 31.943402811988076], [-106.48663940409433, 31.943779583957046], [-106.48658431410992, 31.94388514209339], [-106.48610122818096, 31.944155634487895], [-106.48565671343317, 31.944161332673623], [-106.4853741997619, 31.944343730478675], [-106.48502580606691, 31.944725701397385], [-106.4848688706351, 31.94475309196738], [-106.48425139306465, 31.944661172879893], [-106.48313185094014, 31.944841112629465], [-106.48300619457065, 31.944944533408407], [-106.48275549280339, 31.94549229346416], [-106.48277884242214, 31.945797534303296], [-106.4830217486047, 31.946084987912105], [-106.4831070307291, 31.946480380536165], [-106.48326853678448, 31.94678964964153], [-106.48374481363157, 31.946927573053426], [-106.48419300896587, 31.946994931982495], [-106.48442681544499, 31.947244949367605], [-106.4849355039967, 31.94748682284342], [-106.48503000172636, 31.947616656259747], [-106.4850505645233, 31.94783804601499], [-106.48540508983835, 31.948156520495314], [-106.48567010413934, 31.948494296520096], [-106.48568217568383, 31.94867468360591], [-106.48555337653892, 31.948869055065934], [-106.48498611623121, 31.94934582553123], [-106.48359814474328, 31.949362246303917], [-106.48324619944144, 31.949453639822607], [-106.48258709570877, 31.949266202010477], [-106.4818849263049, 31.949226200786047], [-106.4786863638429, 31.949523764583777], [-106.4786247515764, 31.94947970033153], [-106.47867255746146, 31.9494315741703]]]}}, {"type": "Feature", "properties": {"name": "FMSP Sotol Forest Trail"}, "geometry": {"type": "Polygon", "coordinates": [[[-106.47515582570807, 31.956994410663228], [-106.4753967901451, 31.956764245715735], [-106.47566675581625, 31.95678104297964], [-106.4758387041394, 31.956725403073527], [-106.47608870060681, 31.956744603533288], [-106.47619112523962, 31.95687988784763], [-106.47656252465589, 31.956863215884134], [-106.47663631768332, 31.956477388473257], [-106.47679118072945, 31.95630840986378], [-106.47712407091623, 31.956316788349188], [-106.47725623970437, 31.956285511448556], [-106.47731681078598, 31.95619616382377], [-106.47751213521579, 31.95618087992884], [-106.47749057095842, 31.956067601676164], [-106.47713527553064, 31.955739085869176], [-106.47701833261551, 31.955543385451058], [-106.47702517431364, 31.95544049303589], [-106.47708771002532, 31.955342991608468], [-106.47730778908479, 31.95521448250747], [-106.47729381619223, 31.95498560505674], [-106.47733747410655, 31.95487536252602], [-106.47780577178803, 31.95465084583905], [-106.4779817658736, 31.95423728174359], [-106.47816288004155, 31.95407988741603], [-106.47805263680678, 31.953889548869505], [-106.47807942023793, 31.95378440542468], [-106.478026758492, 31.953690182658544], [-106.4780640690439, 31.953581095708422], [-106.4781621143576, 31.95349873389618], [-106.4781867555279, 31.95333376005959], [-106.47812645369173, 31.95316150003706], [-106.47788037669643, 31.953054933795492], [-106.47785250191673, 31.95298212619774], [-106.47791062950733, 31.95290126917952], [-106.47827783761798, 31.95262560338345], [-106.47851281632711, 31.95256928432076], [-106.47946795904467, 31.95264361418515], [-106.48042602494269, 31.95254737664943], [-106.48061569219722, 31.952565815187928], [-106.48101195738747, 31.95248667191476], [-106.48104101608578, 31.9524279808797], [-106.48105457266304, 31.952313567177264], [-106.48084715270771, 31.952194540703623], [-106.48079051138527, 31.95200563592386], [-106.48104318118642, 31.951596308221255], [-106.48116862824611, 31.951250070979512], [-106.48114736616422, 31.95054495679381], [-106.48134840645052, 31.95035486615275], [-106.48139734694311, 31.950225035819575], [-106.48092699049471, 31.950178198218257], [-106.48039635928129, 31.95021629232532], [-106.47973797466618, 31.95013180317495], [-106.47897884099942, 31.94983057003205], [-106.47873068858017, 31.949663506940265], [-106.47861252304364, 31.949522553785282], [-106.4786199783697, 31.949472120129776], [-106.47869359355086, 31.949464382847417], [-106.47904133259918, 31.949754024845422], [-106.47977378075839, 31.9500435091108], [-106.48040280754483, 31.95012347215854], [-106.48093259372821, 31.95008486439309], [-106.48147494276128, 31.950140891811998], [-106.48152098857129, 31.950280890757103], [-106.48125368757542, 31.950580823626346], [-106.48127565849575, 31.951270275890554], [-106.4811450703968, 31.951630668899654], [-106.48090098348082, 31.952018441713832], [-106.48093259892288, 31.952132941807882], [-106.4811636557645, 31.952275269479447], [-106.48109667559665, 31.952553754499707], [-106.48063288784196, 31.952658855570498], [-106.48043129950626, 31.952640844677685], [-106.4794700769169, 31.95273678717455], [-106.47852926144486, 31.95266159067286], [-106.47833512446164, 31.952706297025326], [-106.47798365932393, 31.952972196712402], [-106.47821545325769, 31.953099159123575], [-106.47829613824746, 31.9533197567161], [-106.47826518477977, 31.953536083674717], [-106.47814084717443, 31.953685238595188], [-106.4781922534374, 31.953770957689077], [-106.47816338935954, 31.953870504084527], [-106.47827719364953, 31.954102732560234], [-106.47807706256118, 31.954291952351625], [-106.47789247891194, 31.954709542322227], [-106.47774203996188, 31.954817894238793], [-106.47742588999839, 31.954938552026544], [-106.47744421057779, 31.955172986289227], [-106.47740266229292, 31.955262905964076], [-106.47713336251337, 31.95545828262293], [-106.477127504397, 31.955519958651706], [-106.4772725973292, 31.955746923036873], [-106.47738469633285, 31.955799035502814], [-106.47746281797993, 31.955929778097563], [-106.4775911975755, 31.956024783007546], [-106.47762535150977, 31.956183532069293], [-106.47759390131527, 31.95625168722729], [-106.4773743969717, 31.95628180296858], [-106.47732104328983, 31.956364938685272], [-106.4771450954178, 31.956408284550722], [-106.47685083840153, 31.956392776887004], [-106.47673881039847, 31.956511493266728], [-106.47669909463693, 31.956836842035617], [-106.47661624067142, 31.95695196073728], [-106.47615132357069, 31.95696915194084], [-106.47602176387275, 31.956830797246603], [-106.47585093525436, 31.956818940225084], [-106.47567500504229, 31.956875951883898], [-106.47543940447545, 31.956853328677976], [-106.47525974722267, 31.95703158616889], [-106.47524174914422, 31.95719977020584], [-106.47507048711411, 31.957383370947028], [-106.47481996792678, 31.957884430201727], [-106.47456648035791, 31.95812339064711], [-106.47445370332336, 31.95839254348775], [-106.47441828170619, 31.958604357800294], [-106.47434268429068, 31.95867888209974], [-106.47432809316685, 31.95885235477415], [-106.47450408902638, 31.958972247542484], [-106.47448186206117, 31.95908060038534], [-106.47438401769759, 31.95914045460808], [-106.47437328562499, 31.95920837552432], [-106.47438525811536, 31.95927457127157], [-106.47451797154987, 31.95939030450843], [-106.4745410541308, 31.959790838496588], [-106.47448804456998, 31.959888503570223], [-106.47430218170275, 31.960016695114973], [-106.47424008996279, 31.960203622322638], [-106.47416805438377, 31.96026672547214], [-106.47416955057527, 31.960819337925912], [-106.47389556298263, 31.961274922165497], [-106.47386108329601, 31.96143355096191], [-106.47396283049507, 31.961993356815395], [-106.47402851987218, 31.96207814627199], [-106.47403856947214, 31.962278085323266], [-106.47425037418807, 31.962641384312352], [-106.4745180114126, 31.962970453648524], [-106.4748725743184, 31.963195815965264], [-106.4748709771002, 31.963308700517217], [-106.47463867273486, 31.96359575381258], [-106.47362598816373, 31.96398177017446], [-106.47295860510675, 31.96434057922652], [-106.47301020048647, 31.964431434732873], [-106.47346391831812, 31.964816787546496], [-106.4739379331179, 31.96509736739842], [-106.47399183528564, 31.965184280310776], [-106.47416551967824, 31.965259113219844], [-106.47439893306047, 31.96547023381355], [-106.474383998767, 31.96555568693588], [-106.47450557321491, 31.965720552940144], [-106.47440474078853, 31.96585023477834], [-106.47451227069203, 31.966284037358708], [-106.47467418014287, 31.96640670039409], [-106.47466594324658, 31.966640416827477], [-106.47453481249367, 31.966718223930574], [-106.47448704776797, 31.966815379947718], [-106.4745942073706, 31.967084418316226], [-106.47460753461026, 31.967362894935764], [-106.47470042698541, 31.967545467702845], [-106.47464715713828, 31.967603206964274], [-106.47449607416898, 31.967377223030336], [-106.47448764862374, 31.967107743728956], [-106.4743727393073, 31.966827335146537], [-106.47444438998191, 31.966662231946508], [-106.47456549020639, 31.96659296156443], [-106.47457732013318, 31.9665205862673], [-106.47456736420357, 31.966442060432133], [-106.47440348589518, 31.966306255738402], [-106.47429366911555, 31.965833559050257], [-106.47438996184052, 31.965722137917727], [-106.47427011260076, 31.965585235172167], [-106.47429119514815, 31.965495132630473], [-106.47409739272305, 31.965332161642333], [-106.47391159814752, 31.96525143521231], [-106.47385913990958, 31.96516413270542], [-106.47338567035732, 31.964883450428932], [-106.47292573853488, 31.96449125097382], [-106.47284388202141, 31.964320986100955], [-106.47357764381222, 31.96389827194644], [-106.47456416489484, 31.963515305427713], [-106.4747651876196, 31.96327633129361], [-106.47443316548053, 31.963030096455917], [-106.47415717407131, 31.96269290700096], [-106.4739352521231, 31.962310925379754], [-106.47375148774722, 31.961431115935518], [-106.47379838168072, 31.961229660447074], [-106.47406132489945, 31.96079184264699], [-106.47406332977485, 31.960231982387214], [-106.47414372860862, 31.96015685819686], [-106.47421023049573, 31.95995709850707], [-106.47443128346882, 31.959776242900375], [-106.4744107500852, 31.959420984057786], [-106.47428568914057, 31.959319505462727], [-106.47426320246876, 31.959208821406015], [-106.47428454932461, 31.959091475564406], [-106.47439004272391, 31.959000752609597], [-106.474220038668, 31.95889297472285], [-106.47423291915828, 31.95865067994841], [-106.47431471640559, 31.95856862940843], [-106.4744672628271, 31.958081246826485], [-106.47479495429076, 31.95774207977122], [-106.47497349684025, 31.957339823721274], [-106.47514062740957, 31.957159229199508], [-106.47515582570807, 31.956994410663228]]]}}, {"type": "Feature", "properties": {"name": "FMSP South Clydesdale"}, "geometry": {"type": "Polygon", "coordinates": [[[-106.50684814059372, 31.872932357491788], [-106.50641187940911, 31.872764552923186], [-106.50622572981693, 31.872824244902226], [-106.50616609649576, 31.872774126620182], [-106.50625021743058, 31.872690146783334], [-106.50641722652557, 31.87267097808236], [-106.50684879975694, 31.872832559671277], [-106.50692552698584, 31.872796564319476], [-106.50774530730209, 31.871955612537196], [-106.5081170733788, 31.87164110643338], [-106.5083373311868, 31.871534714560912], [-106.50854179964296, 31.871509035801765], [-106.50934753290817, 31.870886402411386], [-106.5100447406067, 31.870473303924577], [-106.51012316978935, 31.870489003846508], [-106.51011319579843, 31.870545501289993], [-106.50941504923614, 31.870959750658876], [-106.50860122239523, 31.871588435897635], [-106.50837840204974, 31.871623053934467], [-106.50818791309791, 31.871713141386564], [-106.50782636214477, 31.8720182463869], [-106.50699433009204, 31.872870043759885], [-106.50684814059372, 31.872932357491788]]]}}, {"type": "Feature", "properties": {"name": "Old Jeep Road"}, "geometry": {"type": "Polygon", "coordinates": [[[-106.47787390234349, 31.918931170073837], [-106.47643502034015, 31.918719555873555], [-106.47552700761456, 31.918648163980937], [-106.47547813391219, 31.91859378600786], [-106.47553710947352, 31.918555597282168], [-106.47644735258801, 31.91862716460954], [-106.47787597041798, 31.91883716855515], [-106.47978067080754, 31.918118470755573], [-106.48128337206977, 31.91748171784074], [-106.48154906018608, 31.917228476178405], [-106.48195609186357, 31.917037190672296], [-106.48225050159087, 31.91676800648959], [-106.4827554584013, 31.916466909548184], [-106.48446253435168, 31.915775761035974], [-106.48534109403685, 31.91577552847083], [-106.48661242482258, 31.915944260819266], [-106.48688525474633, 31.916304031321673], [-106.4871025339184, 31.91646130141321], [-106.48760495649576, 31.91667341089543], [-106.488037527462, 31.916813163643404], [-106.48835487888728, 31.916823902709947], [-106.48873829583934, 31.916692662736757], [-106.48900755516613, 31.916770488887032], [-106.48896862990806, 31.916824086594676], [-106.48874769206599, 31.916787551179112], [-106.48837027040068, 31.91691698665458], [-106.48801689860834, 31.91690508284945], [-106.48703675605054, 31.916535865209344], [-106.48680103825996, 31.91636440436941], [-106.48656285539879, 31.916031408540167], [-106.48532802805678, 31.915867905607247], [-106.48448168405396, 31.915868273832707], [-106.48281119340132, 31.916547063027732], [-106.48232192840074, 31.916838817856448], [-106.4820254536894, 31.917109893646764], [-106.48161894419445, 31.91730093488759], [-106.48134267917142, 31.917560349947554], [-106.47982605216059, 31.91820308223719], [-106.47787390234349, 31.918931170073837]]]}}, {"type": "Feature", "properties": {"name": "FMSP Old 4X4 Road"}, "geometry": {"type": "Polygon", "coordinates": [[[-106.47164279542181, 31.944022122629622], [-106.46937279851294, 31.943460762439646], [-106.46933554575202, 31.943403147941275], [-106.4694034416701, 31.943371536318114], [-106.47166318398182, 31.943930361141945], [-106.47409325814536, 31.94371994495805], [-106.4757356717904, 31.94326385677937], [-106.47735244197955, 31.943370106220623], [-106.47802298313245, 31.943192874313198], [-106.47839436851743, 31.942983975713855], [-106.47956690338714, 31.942070877411698], [-106.47968815957408, 31.941957815966344], [-106.48005374827684, 31.941220079565976], [-106.48029867361547, 31.940937280758764], [-106.4804890592451, 31.940818169197197], [-106.48104521328514, 31.940652618705847], [-106.48166759876928, 31.940552019332205], [-106.48203867815401, 31.94041935830925], [-106.4823891543299, 31.940420827201784], [-106.48324184085547, 31.94010281724623], [-106.4839892320347, 31.939924615757768], [-106.48446654659591, 31.939852324386436], [-106.48567616010986, 31.939873459888418], [-106.48572910736864, 31.939912584036172], [-106.48567446875022, 31.939966386535353], [-106.48447032705279, 31.939945346685477], [-106.48401126477792, 31.940015684085775], [-106.48327839428983, 31.940190505252367], [-106.48241937653695, 31.940511563426334], [-106.48206382644751, 31.940510781196014], [-106.4817022912146, 31.94064041285976], [-106.48106970916602, 31.940743270881192], [-106.48054227485834, 31.940899974014506], [-106.48037660672662, 31.94100334969637], [-106.48014915449444, 31.941266376016852], [-106.47978549027069, 31.942001174759035], [-106.47964624500403, 31.942134979017293], [-106.47846341799222, 31.94305628429389], [-106.47807539757731, 31.94327478747707], [-106.47778005385052, 31.9433690999762], [-106.47735323440739, 31.943463382362825], [-106.47575044595814, 31.943356692436065], [-106.47411507004124, 31.943811352556448], [-106.47164279542181, 31.944022122629622]]]}}, {"type": "Feature", "properties": {"name": "FMSP Trans to Clydesale (Part II)"}, "geometry": {"type": "Polygon", "coordinates": [[[-106.5121124894243, 31.87597236684941], [-106.51217570057293, 31.876027257587726], [-106.51213290740608, 31.876116844554083], [-106.51198059922734, 31.876232342725206], [-106.51198161401285, 31.876597563888282], [-106.51193347279693, 31.876777545550667], [-106.5110717414264, 31.878106852338465], [-106.51041994414486, 31.878982790303084], [-106.51034499816957, 31.878998737583196], [-106.51032587130514, 31.878935170581915], [-106.51097702190653, 31.87806009211269], [-106.51183299788634, 31.87674003181167], [-106.51187574006411, 31.87619405240454], [-106.5121124894243, 31.87597236684941]]]}}, {"type": "Feature", "properties": {"name": "FMSP The Maze"}, "geometry": {"type": "Polygon", "coordinates": [[[-106.46239103238936, 31.934651812560972], [-106.46167659513914, 31.934682459714008], [-106.46079373508326, 31.93455404532761], [-106.45885202211757, 31.93465590586836], [-106.4586471509847, 31.934599508242577], [-106.45838367195512, 31.93443010873691], [-106.4574502670779, 31.934300791161313], [-106.45689845288122, 31.934058165489077], [-106.4561966934156, 31.934045683565785], [-106.4551196898594, 31.93391058292922], [-106.45494909396798, 31.933788641943707], [-106.4547401252218, 31.9337337200201], [-106.45420562317261, 31.933637664136143], [-106.45385854706626, 31.933665261097364], [-106.45360239377905, 31.933601836520715], [-106.4532690116224, 31.933442581486077], [-106.45299028183507, 31.93347795735955], [-106.45244644082436, 31.933327110538535], [-106.45241375798204, 31.933281581078603], [-106.45248133149175, 31.933239378274006], [-106.45301470088937, 31.933385194316198], [-106.4532886136405, 31.93334571119047], [-106.4536538014271, 31.933518284295964], [-106.45396936504507, 31.93358504258925], [-106.45421253893078, 31.933544816299598], [-106.4546562423356, 31.933618135069054], [-106.4549973473784, 31.933703109718007], [-106.45515752155981, 31.93382124750039], [-106.45621160722229, 31.933952964924703], [-106.45641149787757, 31.933926449530293], [-106.45691996824505, 31.93396575722929], [-106.45748308042168, 31.934210415869945], [-106.4584172711271, 31.934340143884086], [-106.45870422952513, 31.934519080626753], [-106.45887002829579, 31.93456367241618], [-106.46079454808931, 31.934460006766184], [-106.46167428418718, 31.93458864724356], [-106.46228214468394, 31.93454855392614], [-106.46307344598124, 31.934734839748344], [-106.46352456961158, 31.934913099530704], [-106.46355522777569, 31.934963914927142], [-106.46348678156424, 31.935000000171247], [-106.46303390906954, 31.9348215460896], [-106.46239103238936, 31.934651812560972]]]}}, {"type": "Feature", "properties": {"name": "FMSP The Maze (Part II)"}, "geometry": {"type": "Polygon", "coordinates": [[[-106.45922743370906, 31.935104500014997], [-106.4583274118945, 31.934872423199607], [-106.45816249603725, 31.934895756356426], [-106.45793503103887, 31.935032167984453], [-106.45784415279475, 31.93501973177236], [-106.4570609994949, 31.93450109054382], [-106.45635110376762, 31.934265236151465], [-106.45600142507445, 31.934273645126808], [-106.45583043749085, 31.93433474135827], [-106.45483627393132, 31.934185667080094], [-106.4546767337707, 31.934088510068428], [-106.45451902713395, 31.934098338064235], [-106.45384435119199, 31.93395767548668], [-106.45359536268485, 31.933797863984207], [-106.45329009151112, 31.933776436782495], [-106.45323259544736, 31.933667269985076], [-106.45329553567615, 31.933593124824277], [-106.45360866485976, 31.933510134746747], [-106.45363478107792, 31.933588817929127], [-106.45335386147217, 31.933696122953336], [-106.4536272120337, 31.93370527124898], [-106.45395678524063, 31.933894458758527], [-106.45453177673004, 31.934004417390703], [-106.45471390745695, 31.93399915079208], [-106.4548549178001, 31.934089459805108], [-106.45536526757515, 31.934179673990588], [-106.45582283059609, 31.934240277226117], [-106.45620342614895, 31.934153206252326], [-106.45638427655324, 31.93417646611044], [-106.45711621798195, 31.93442072529093], [-106.45791309835447, 31.93493905858756], [-106.45811439930878, 31.934811479169138], [-106.45834069776402, 31.93477961330304], [-106.45920294269553, 31.935010078736788], [-106.45959906530443, 31.93478860631387], [-106.45994567929213, 31.934797490296617], [-106.46012990332997, 31.934854694524194], [-106.46043056403613, 31.934746204686142], [-106.46076119523995, 31.934817761293523], [-106.46095620648866, 31.934752707687966], [-106.46124923792536, 31.93478991304087], [-106.46143288391876, 31.93472001571495], [-106.4615726609094, 31.934592631134972], [-106.46165186788183, 31.934631826538922], [-106.46149740107505, 31.934795475618348], [-106.46126945004681, 31.93488446208827], [-106.46097139670071, 31.934846629987657], [-106.46075711353069, 31.93491228969473], [-106.46043428441173, 31.934839835900817], [-106.46014511046795, 31.934952615077858], [-106.45992744203079, 31.934889374267488], [-106.4596271964747, 31.934880665721817], [-106.45922743370906, 31.935104500014997]]]}}, {"type": "Feature", "properties": {"name": "FMSP The Maze (Part III)"}, "geometry": {"type": "Polygon", "coordinates": [[[-106.45980547664355, 31.93594839363765], [-106.45977038545001, 31.93585872540162], [-106.45980891500146, 31.935696295933575], [-106.45991630927858, 31.935646852683742], [-106.46014592944881, 31.93564061055213], [-106.46045655992411, 31.935401409356146], [-106.4609276086661, 31.93533787023024], [-106.46131820224065, 31.935105062578398], [-106.46137609822836, 31.935033315042524], [-106.46137154030004, 31.93494756078063], [-106.46125272076257, 31.934987564600334], [-106.4608030979797, 31.93499289379424], [-106.46071549063468, 31.935040189318876], [-106.46007783227587, 31.934996404339078], [-106.45973577376515, 31.935103256100145], [-106.45937475575336, 31.93509136344479], [-106.45886145931544, 31.93526504431616], [-106.45829084094807, 31.935221289127153], [-106.45751326994173, 31.934991310845767], [-106.45686328517814, 31.934694309747634], [-106.456371580395, 31.934667234031714], [-106.45582146810291, 31.934481615847993], [-106.45570269966892, 31.934363991134912], [-106.45571352902802, 31.93427279240127], [-106.45579181069223, 31.93424763175241], [-106.45587425863341, 31.934399250550523], [-106.45639788590407, 31.934576509354404], [-106.4568918091236, 31.934603715787926], [-106.45755842316646, 31.93490657330899], [-106.45830412854156, 31.935128283476608], [-106.45884647951256, 31.935171517765436], [-106.45934562880642, 31.935000382121043], [-106.45971743717736, 31.935009751924586], [-106.46005531650233, 31.93490389752555], [-106.46069630789846, 31.93494567129757], [-106.46077430929502, 31.934900906309462], [-106.4612303304333, 31.934894970672083], [-106.46136130006781, 31.934852246824605], [-106.46147156333848, 31.934886643453762], [-106.46148119638396, 31.935066504500544], [-106.46130178668862, 31.935240539309437], [-106.46093247864866, 31.93543858931516], [-106.4605008001924, 31.93548874484823], [-106.46018907520617, 31.935727872097907], [-106.45989413068642, 31.935761439398448], [-106.459881053995, 31.935851881656863], [-106.459942774309, 31.93592441957216], [-106.46023887739514, 31.935732663297387], [-106.46041580674964, 31.93574262227698], [-106.46070250564676, 31.935593967414963], [-106.46123271254977, 31.93541816815145], [-106.46192661919525, 31.93528109012164], [-106.46270462366499, 31.935267782836608], [-106.46281017419919, 31.935209922141052], [-106.46295011204714, 31.934876703368857], [-106.46322548166135, 31.934653057272133], [-106.46322128742716, 31.93456321227707], [-106.4633687975857, 31.93435282241634], [-106.4635609968663, 31.93421478554152], [-106.46376516523554, 31.934199677697293], [-106.46436084023173, 31.93380880970243], [-106.46442678952222, 31.933695937965602], [-106.46440863854608, 31.933599267201878], [-106.46446567175911, 31.933439816013767], [-106.46470067929258, 31.933202346259062], [-106.46470494832104, 31.932995511762982], [-106.46480382458952, 31.93298842749309], [-106.46480760419811, 31.93323092853774], [-106.46456370221708, 31.933483857307223], [-106.46453624843345, 31.933716496323157], [-106.46444871452647, 31.9338663527629], [-106.46381580444947, 31.934284564062], [-106.46360380988091, 31.934303002944336], [-106.46345323869281, 31.93441297512378], [-106.46332848757226, 31.934590882537346], [-106.46333038214013, 31.93470050070586], [-106.46304840752089, 31.934920016748546], [-106.46288284194844, 31.935280737822936], [-106.46272407515409, 31.935362528107458], [-106.46194116340162, 31.935373444557943], [-106.46126202600352, 31.935508743986425], [-106.46074986222051, 31.935678320618926], [-106.46044286348639, 31.935834472623924], [-106.46027130268143, 31.93582240186288], [-106.46016744271539, 31.935863621714933], [-106.45996787077489, 31.936025411769556], [-106.45980547664355, 31.93594839363765]]]}}, {"type": "Feature", "properties": {"name": "FMSP Tom Mays Trail"}, "geometry": {"type": "Polygon", "coordinates": [[[-106.51323221288204, 31.93073337389037], [-106.5131071921166, 31.930204805275572], [-106.51285278851013, 31.929912265226392], [-106.51281264845545, 31.929723932217247], [-106.51264448385338, 31.92962848337786], [-106.51244471566129, 31.92935486112756], [-106.51228625325027, 31.929345603472946], [-106.51213337356602, 31.929249575273946], [-106.51182711329768, 31.9292388096873], [-106.5116829386312, 31.929038477957395], [-106.51177026712026, 31.928800680977506], [-106.51159349999803, 31.92841495417019], [-106.5115789226699, 31.927614036490898], [-106.51151208550084, 31.927465138804756], [-106.51161117352365, 31.927228150402385], [-106.51156913652129, 31.926965731842255], [-106.51167315259481, 31.926820035287708], [-106.51168608139515, 31.926724264767586], [-106.51161450762932, 31.92644311149608], [-106.51152749398625, 31.9263281582063], [-106.51162080649299, 31.92618743426791], [-106.5116258848475, 31.926039068922613], [-106.51151399518363, 31.92596679026084], [-106.51150691412852, 31.92589358465759], [-106.51154853918729, 31.925720122046435], [-106.51168528267569, 31.9255876726748], [-106.51184761766271, 31.925543652154992], [-106.5119338288412, 31.925363505549125], [-106.5119333799116, 31.925030331966262], [-106.51202968430788, 31.924729009202675], [-106.51199505819532, 31.924631832061333], [-106.51179951607882, 31.924585781920285], [-106.51176589493117, 31.924496580487293], [-106.51198860406248, 31.924271701755565], [-106.51202554538042, 31.923972044040518], [-106.5121722913385, 31.92382973676198], [-106.51220340448953, 31.923735273783887], [-106.5122932263412, 31.923671007100474], [-106.51232408453512, 31.923538564878736], [-106.51243775612643, 31.923432924696353], [-106.51241690991242, 31.923281822548546], [-106.51247020495065, 31.923146829697835], [-106.51240263484408, 31.922972962021472], [-106.51241413515028, 31.922794598405133], [-106.51234839883625, 31.9227222614134], [-106.51223617225436, 31.922186928291566], [-106.5123582285504, 31.9219486671285], [-106.5124114734562, 31.921702001096808], [-106.51262351550638, 31.921492090187265], [-106.51265556325534, 31.92139505585461], [-106.51247848980789, 31.921074916487743], [-106.5122362781586, 31.92085959164655], [-106.51220665429811, 31.92075543754515], [-106.51228106837713, 31.920679747770638], [-106.51234979698827, 31.92012060324453], [-106.51199999305582, 31.91960902810553], [-106.51216070429379, 31.919435832666675], [-106.51231267933053, 31.919398036977285], [-106.51224535605446, 31.91927364001176], [-106.51223901864239, 31.918895165900697], [-106.51243262292587, 31.918636625133423], [-106.51245920817145, 31.918322502872925], [-106.51257395608957, 31.918243221892634], [-106.51262756472596, 31.918137662097276], [-106.51258597856622, 31.91802372464765], [-106.51291163182411, 31.91761857282112], [-106.51283448121849, 31.917529629455696], [-106.5127027842059, 31.917479814086978], [-106.51268739533276, 31.91739924181919], [-106.51275756973776, 31.917302661292645], [-106.51291725559877, 31.917244584093147], [-106.51301615702212, 31.917062799167635], [-106.51301716350504, 31.91682527250663], [-106.51317992087347, 31.916703977899243], [-106.5132829534839, 31.916697783963706], [-106.51328203702492, 31.91660148608483], [-106.51333440179543, 31.916553672178814], [-106.51354250020894, 31.91650832306431], [-106.51366010058113, 31.91654608882279], [-106.51397489051901, 31.916473455590797], [-106.51430964379651, 31.9165459424132], [-106.51447089384911, 31.916452619743886], [-106.51450669440004, 31.91638426462766], [-106.51449102620678, 31.91616153821897], [-106.51486968160948, 31.915498937673163], [-106.51514814834505, 31.91515549559424], [-106.51527651333713, 31.914905516437642], [-106.51524276193588, 31.914601939311527], [-106.51509223890272, 31.914258013399497], [-106.51494601831493, 31.914283712148407], [-106.51484486375723, 31.91418558446261], [-106.51497115684826, 31.913990681003767], [-106.51480711999906, 31.914026592551203], [-106.51423318845289, 31.913836446108178], [-106.51402932873528, 31.913603539334805], [-106.51393504127459, 31.913331291832378], [-106.51410192657201, 31.9129070157499], [-106.51440189911517, 31.912558678579618], [-106.5146842502236, 31.91237820996629], [-106.51498885677431, 31.912319197660903], [-106.51525052561773, 31.912405119708655], [-106.51574969575982, 31.912366634168418], [-106.51582952537952, 31.912113993181656], [-106.51556950599772, 31.91187734198283], [-106.51561166596974, 31.91176544989268], [-106.51574106339815, 31.911747270001484], [-106.51557131291504, 31.911720359039194], [-106.51532465363222, 31.91155610775201], [-106.51568034461098, 31.911463039743044], [-106.51572619395573, 31.911336612994095], [-106.51587659952686, 31.91115973242459], [-106.51619288419914, 31.911143717421172], [-106.51635651246342, 31.91106471397147], [-106.51653464334144, 31.911114172681533], [-106.51698637097702, 31.911118484761708], [-106.51755687349151, 31.910979194885456], [-106.51802697993313, 31.91100989761587], [-106.51818693211038, 31.91080567898362], [-106.5188878302555, 31.91052380751812], [-106.51904484396812, 31.910412654200407], [-106.51943649040724, 31.90974872438551], [-106.52006468574531, 31.90893638836629], [-106.52049467670935, 31.908568906008014], [-106.52104798334021, 31.908286528864895], [-106.5216065207666, 31.908172744126784], [-106.52236477308777, 31.908483856715417], [-106.52281161736448, 31.908483529514296], [-106.52312702223573, 31.908404553457416], [-106.52333763021132, 31.908077047633707], [-106.52378499744862, 31.90788576099984], [-106.52413277186332, 31.9075741665445], [-106.52531539905931, 31.90689738947329], [-106.52576942479031, 31.90681530489806], [-106.52613696939393, 31.9068651330249], [-106.52708992638865, 31.90671250636431], [-106.52737962012199, 31.906497534176236], [-106.52832050652657, 31.906031839902482], [-106.52900627940964, 31.905521979603048], [-106.52941797200158, 31.905362040911953], [-106.52964521728993, 31.905035853319703], [-106.53005357106575, 31.90418533389513], [-106.53054732205077, 31.903904651490805], [-106.53080290512438, 31.90339546063312], [-106.53091029456542, 31.902892114723954], [-106.5313544473229, 31.902720557147106], [-106.53181311501021, 31.902771082058695], [-106.5319287213469, 31.90311946356938], [-106.53236261087805, 31.903289942637482], [-106.53284686109376, 31.903347719379763], [-106.53414978140326, 31.90296057210496], [-106.53467294391125, 31.90292615618588], [-106.53510732294802, 31.902808648854556], [-106.53516787795421, 31.902614826619768], [-106.53501142950219, 31.902454103180226], [-106.53481039399205, 31.90182271208844], [-106.53499387943825, 31.90163593554578], [-106.53515467677771, 31.901583586294063], [-106.53514188844642, 31.901426773051025], [-106.53499996826608, 31.901258486129056], [-106.53508952247071, 31.900879344110447], [-106.53496927328968, 31.900764100889305], [-106.53491767672237, 31.900554752603906], [-106.5350080097917, 31.900517750501578], [-106.5350687862465, 31.900721336999503], [-106.53519947866369, 31.90085229599766], [-106.53511499385732, 31.901242311386525], [-106.53524668268824, 31.90139348095163], [-106.53526668058879, 31.901619516622148], [-106.53505883557735, 31.901712344931074], [-106.53492803310036, 31.9018318782528], [-106.53511273509426, 31.902415483712776], [-106.53528156604521, 31.902593151551386], [-106.53518538421179, 31.90288241518893], [-106.5346929459545, 31.903017893373292], [-106.53417701624292, 31.903050797990414], [-106.53285466539018, 31.90344190032974], [-106.5323314866749, 31.903379615564205], [-106.53185037431426, 31.903190519572334], [-106.53175202048403, 31.902857424589214], [-106.53137101517108, 31.902814386642714], [-106.53099071754951, 31.90296240196851], [-106.5309086961307, 31.903420932446153], [-106.53064158833105, 31.903954030391223], [-106.5301449124615, 31.90424005614453], [-106.52974513649636, 31.905074081338928], [-106.52949865267925, 31.905427812657212], [-106.52906942213002, 31.905598173736035], [-106.5283884900564, 31.90610518520621], [-106.5274418008538, 31.90657415796204], [-106.52713133593133, 31.906800260946547], [-106.52614220246944, 31.90695872702989], [-106.52577522512081, 31.906908911283328], [-106.52536166006044, 31.906982581066757], [-106.52420359754299, 31.907645453189566], [-106.5238508326298, 31.90796095137073], [-106.5234096708049, 31.908149756040107], [-106.52318013636676, 31.908488187394237], [-106.52282905769391, 31.90857579064346], [-106.52235301857577, 31.90857683850293], [-106.5215964501527, 31.908268441627538], [-106.52109670579155, 31.90837013205383], [-106.5205639100228, 31.90864139571701], [-106.52014948795426, 31.908995610123508], [-106.51953141960838, 31.90979526979607], [-106.51913374583917, 31.910468535484647], [-106.51895308613292, 31.910598669635508], [-106.51825360377535, 31.9108812992917], [-106.51806918554989, 31.911105637710282], [-106.51756883435405, 31.911071734171944], [-106.51700414154145, 31.911210523338074], [-106.5165217698224, 31.91120673510308], [-106.51636209102777, 31.911162395137993], [-106.51622669470639, 31.911233299110382], [-106.51593047982058, 31.91124771950545], [-106.51576438198845, 31.911531079714823], [-106.51554332350541, 31.91159600238766], [-106.51583835455558, 31.911669423184755], [-106.51591358388107, 31.91176930801527], [-106.51588429396925, 31.911827292353436], [-106.51568640673797, 31.91185585730906], [-106.51588105611776, 31.91198385747545], [-106.51594022290624, 31.912099437992563], [-106.51583647371795, 31.912431354701194], [-106.51561600323848, 31.912500085933612], [-106.51524292688714, 31.91249833246107], [-106.51498690952789, 31.912418437246806], [-106.51471804587042, 31.912468806777337], [-106.51448688526608, 31.912618632005657], [-106.51419763386227, 31.912953777195945], [-106.5140462725627, 31.913331494605753], [-106.51412817840242, 31.913562014962334], [-106.5142945586635, 31.91375728890192], [-106.5148243212385, 31.913932196449824], [-106.51503437281485, 31.91390801951899], [-106.51510176901444, 31.914015258472094], [-106.51496200893799, 31.914166258961362], [-106.5151735958054, 31.91417999950154], [-106.51534986627385, 31.914580909504203], [-106.51538776836901, 31.914920045529783], [-106.51459661577894, 31.9161898036628], [-106.51461563524092, 31.91640707284144], [-106.51456577956789, 31.91650391481999], [-106.5143316569426, 31.916638989932416], [-106.51402267750916, 31.916566190495068], [-106.51366062208774, 31.916641491133575], [-106.51354232488858, 31.916603650214505], [-106.51339209384405, 31.916634473501723], [-106.51336336043806, 31.91676871863589], [-106.51312259586742, 31.91686173523749], [-106.51312342659449, 31.917081995548063], [-106.51300402934586, 31.917301913818182], [-106.51279558795972, 31.917418135064366], [-106.51296682595321, 31.917509454783197], [-106.51303186667843, 31.91761996139961], [-106.51269968502386, 31.918054298650155], [-106.51273981657869, 31.91814649545672], [-106.51266193865423, 31.918301653278245], [-106.51256051412562, 31.91836153877291], [-106.5125321247592, 31.918680215337982], [-106.51234800471796, 31.918917239393434], [-106.51235579259652, 31.919261100043535], [-106.51241876416323, 31.919427137472457], [-106.51211079627404, 31.919617826845926], [-106.51225571763804, 31.919761938250325], [-106.51245867937625, 31.920103641481823], [-106.51239967638432, 31.92039153164495], [-106.5124159485191, 31.920555900417554], [-106.5123833197366, 31.920727696668422], [-106.5123219942786, 31.920766532098764], [-106.51234082572157, 31.920827745158245], [-106.51256693089982, 31.921017776801143], [-106.51276529477673, 31.921384460171016], [-106.51275328678203, 31.921490987065635], [-106.51251268196924, 31.92173978601088], [-106.51246298891317, 31.921975829736635], [-106.51234863526794, 31.922211687043852], [-106.51241655242026, 31.922366543792727], [-106.51245342403885, 31.922692919061216], [-106.51251947632592, 31.9227621503045], [-106.51251244655487, 31.92296582078831], [-106.51258043138839, 31.923129359714647], [-106.51252651066545, 31.923286250369163], [-106.51254685766915, 31.923458643657906], [-106.51241855385437, 31.923586289490633], [-106.51239580191879, 31.923711240562486], [-106.512291554193, 31.92379171774021], [-106.51226443819321, 31.923886086071217], [-106.51212622544838, 31.92400909141432], [-106.51208529460142, 31.92431542669233], [-106.51187955184956, 31.924513464422205], [-106.51208206993225, 31.924569456970524], [-106.51214114955332, 31.924725506803984], [-106.512044377292, 31.925044597128824], [-106.51204176920749, 31.92537994783115], [-106.51192197103865, 31.92561622006582], [-106.51173080232994, 31.925675731526646], [-106.51165666256156, 31.925754374738936], [-106.51161628229082, 31.92589891084311], [-106.5117335311261, 31.926012867635656], [-106.51173282128504, 31.92619078954843], [-106.51163901965312, 31.926330479157812], [-106.5117186948818, 31.926407724093973], [-106.51179580961727, 31.926719041240812], [-106.51177320495913, 31.926863642648268], [-106.51167768659319, 31.926984124210755], [-106.51172309472504, 31.927237576337838], [-106.51162273154038, 31.927464203518163], [-106.511694074328, 31.927599792883125], [-106.51170219279969, 31.92840142764683], [-106.51188389437003, 31.928794404449118], [-106.51179212025518, 31.929020387153635], [-106.5118707326425, 31.9291498504234], [-106.51216539242942, 31.929159712705143], [-106.51232333622642, 31.929255348147997], [-106.51250587707409, 31.92927598462134], [-106.51273969348505, 31.929577966127795], [-106.51289778746201, 31.929664367360253], [-106.51296212995877, 31.9297751006086], [-106.5129589120663, 31.929875743168285], [-106.51321019485576, 31.93017078845486], [-106.51332028730462, 31.93067567752911], [-106.51352129003358, 31.930737449620015], [-106.51354786952665, 31.930785749467088], [-106.51344907388238, 31.930823422970143], [-106.51323221288204, 31.93073337389037]]]}}, {"type": "Feature", "properties": {"name": "FMSP Trench Town Road"}, "geometry": {"type": "Polygon", "coordinates": [[[-106.4807173759797, 31.932803083197534], [-106.48098266773752, 31.932442785464108], [-106.48176184519723, 31.932440520689635], [-106.48317327448999, 31.932001034666687], [-106.48415924988741, 31.930969277817134], [-106.48425233973822, 31.93098414243922], [-106.48344983206229, 31.93190005114344], [-106.48322920869053, 31.932082127592214], [-106.4817832879179, 31.93253246343123], [-106.48102129992454, 31.93253352053684], [-106.48088056249928, 31.932800350262454], [-106.48077748993039, 31.932881784847474], [-106.48022208547854, 31.93305481591707], [-106.47936631074664, 31.93397549227456], [-106.47862905998196, 31.934476422483677], [-106.47841960622345, 31.934691415571166], [-106.47797439201642, 31.935634042744493], [-106.47740709828788, 31.93617706339606], [-106.4771715117332, 31.936322000972424], [-106.4754770197104, 31.936951411812103], [-106.47475824178746, 31.93734315949932], [-106.47265444751997, 31.938686297445575], [-106.47082094590436, 31.939427133576626], [-106.46888410466876, 31.940791834618427], [-106.46863370395154, 31.941068545200103], [-106.46752132723456, 31.94191208831031], [-106.46694681831141, 31.94204317743726], [-106.45280721500986, 31.942314350532985], [-106.4527549588324, 31.94228476426557], [-106.4528047520195, 31.942221434986074], [-106.4669370763176, 31.94195041980031], [-106.46747288205873, 31.941827289430616], [-106.46855674770188, 31.941002271321686], [-106.46880848804746, 31.940724422002432], [-106.4707642213727, 31.939347280638117], [-106.4725987289931, 31.938606019972735], [-106.4746934691824, 31.937268187471233], [-106.4754229464199, 31.936870482735035], [-106.47712362501044, 31.936238220378765], [-106.47733880415926, 31.93610430644068], [-106.47787689963141, 31.935590350310697], [-106.47832332424919, 31.934646718474596], [-106.47854903877725, 31.934412693726426], [-106.47928580750563, 31.93391238085061], [-106.48015577040688, 31.932979087836763], [-106.4807173759797, 31.932803083197534]]]}}, {"type": "Feature", "properties": {"name": "FMSP Ten Minutes of Hell"}, "geometry": {"type": "Polygon", "coordinates": [[[-106.52763130612675, 31.898581292326245], [-106.52738414332946, 31.898527381226828], [-106.5252600912714, 31.899495354589554], [-106.52476151750469, 31.89954058464074], [-106.52423759241823, 31.899726105408046], [-106.52379733182018, 31.89972889474073], [-106.52321349235456, 31.89966160315202], [-106.52283431777082, 31.899749197758442], [-106.52250910146637, 31.899726946774546], [-106.52209154685595, 31.899488575806714], [-106.52137493751343, 31.899373823777594], [-106.52111291350587, 31.89926523268603], [-106.52097002105849, 31.89933493976086], [-106.52035000480336, 31.899335269849065], [-106.52006278798316, 31.899473327804323], [-106.51990059441654, 31.899487531569694], [-106.51946814968461, 31.89925397753694], [-106.5184005121416, 31.898822957180844], [-106.51818779676655, 31.89883964670688], [-106.51763684325428, 31.898728780913146], [-106.51752834128649, 31.89866140730802], [-106.51742295481688, 31.8984583074422], [-106.51716066527037, 31.89824157220864], [-106.51723013326034, 31.898201630962355], [-106.51739455636805, 31.898289847503932], [-106.5176903094507, 31.898647355947134], [-106.51820026594379, 31.89874698266961], [-106.51843177792689, 31.8987329815004], [-106.51952149176189, 31.89917264947629], [-106.51992784652641, 31.899395542570517], [-106.52032042929632, 31.899245247076554], [-106.52094987435062, 31.89924213079472], [-106.52109942134172, 31.899169010431816], [-106.52139749569172, 31.89928217778704], [-106.52213308969067, 31.899401526087825], [-106.52254043781677, 31.89963678867584], [-106.5228330880573, 31.89965602940645], [-106.52321754554302, 31.899568168569083], [-106.52422265572235, 31.89963311415086], [-106.5247343319577, 31.899449493085505], [-106.52522955075777, 31.89940582697338], [-106.52739064658189, 31.898432796668107], [-106.52768158457913, 31.8984977836265], [-106.52820591835977, 31.8988230859353], [-106.52846201436044, 31.89920859979456], [-106.52858816360686, 31.899493510237768], [-106.52888602006074, 31.89976780635752], [-106.52928677365645, 31.899929726678103], [-106.52939141624248, 31.90020987987223], [-106.52986256580355, 31.90065263443788], [-106.53017934677861, 31.900711196300662], [-106.53061856142058, 31.900936998930725], [-106.53087898943534, 31.900957140329133], [-106.5310485691882, 31.901049012219183], [-106.53176908696368, 31.901096813879054], [-106.5318053354615, 31.901161050278862], [-106.53101694792956, 31.90113954003463], [-106.5308467008751, 31.901047430644226], [-106.53058004589269, 31.901025297321414], [-106.53013853624205, 31.900798187247236], [-106.52979933473756, 31.900731074575322], [-106.52929678587007, 31.900258885211468], [-106.52920289114202, 31.899996166104273], [-106.52881793849924, 31.89984171454161], [-106.52849592575716, 31.899545178564527], [-106.52812573875097, 31.89888793685907], [-106.52763130612675, 31.898581292326245]]]}}, {"type": "Feature", "properties": {"name": "FMSP Trans to Clydesale"}, "geometry": {"type": "Polygon", "coordinates": [[[-106.5100832912467, 31.882271730538214], [-106.50995530099101, 31.882132765366823], [-106.50901107453404, 31.882345411493617], [-106.50866816502204, 31.882381288283774], [-106.50827629380684, 31.8823446496511], [-106.50798997986091, 31.88224010349865], [-106.50772836284361, 31.882035390638997], [-106.50768518248334, 31.881900519832303], [-106.5077512616969, 31.881594222114863], [-106.5080761544424, 31.881178404150617], [-106.50864955330218, 31.880641352571807], [-106.5092664114141, 31.879854344456753], [-106.50981693447508, 31.879428135332397], [-106.51044465074843, 31.878824527600827], [-106.51162556171471, 31.878144528228542], [-106.51203620238255, 31.877987598469186], [-106.51238224701474, 31.877721660944108], [-106.51305888542512, 31.877649555364655], [-106.51351610591173, 31.877440295313466], [-106.51391455408407, 31.87713745442954], [-106.51420891819565, 31.87699206060899], [-106.51453030051995, 31.876892408426404], [-106.51515385219878, 31.87684828223241], [-106.5153143941665, 31.876705932702304], [-106.51581890606218, 31.87651348170724], [-106.51587217762781, 31.876540207599376], [-106.51592672670529, 31.876708102624942], [-106.51594612277353, 31.876550413262077], [-106.51600909823216, 31.87651810122462], [-106.51622571256092, 31.876747631199546], [-106.51635409636958, 31.876357130780324], [-106.5166319277034, 31.876244508690075], [-106.51669533311116, 31.876175412319505], [-106.51668420734036, 31.87605404648842], [-106.51660655586765, 31.875936086484785], [-106.51668049990111, 31.875916538353284], [-106.5167778551436, 31.87600325314079], [-106.51679926156062, 31.87621264117091], [-106.51669678205566, 31.87632113234147], [-106.51644007550811, 31.87641866800616], [-106.51629708483549, 31.876843357931715], [-106.51613535486284, 31.876822665397984], [-106.51603705015795, 31.876703594179947], [-106.5160006043124, 31.87683366830043], [-106.5158617295941, 31.87679890540009], [-106.5157863107575, 31.87662395279413], [-106.51537636824244, 31.876783565782326], [-106.51519936061092, 31.87693641711766], [-106.51455174601408, 31.876984025847012], [-106.51425123336539, 31.87707793970716], [-106.51398305790568, 31.877210423745943], [-106.51357431220437, 31.877519285555486], [-106.51310162599134, 31.87773564636714], [-106.51243613823453, 31.877804969607357], [-106.51209656398015, 31.878065898872713], [-106.51167973461678, 31.87822555795878], [-106.51051189814119, 31.87889817362739], [-106.50989715911864, 31.879491501492904], [-106.5093496006357, 31.879915238492046], [-106.50873637514596, 31.880698446627065], [-106.5081613164323, 31.881237052357292], [-106.50785688580564, 31.881620647816614], [-106.50779604559301, 31.881899920089385], [-106.50782373423856, 31.881985903683834], [-106.50804979146449, 31.882161409309916], [-106.50830431607618, 31.882254211757733], [-106.50866775583793, 31.88228797323215], [-106.50934381632537, 31.882201871520323], [-106.50962387224163, 31.882089426068738], [-106.509993677523, 31.882037469894737], [-106.5101832619514, 31.882233027824817], [-106.5102725399504, 31.88244394786327], [-106.51028021915035, 31.882676767854825], [-106.50960472852015, 31.883583744188496], [-106.50922727048307, 31.884002380329793], [-106.50888153493358, 31.88459672655031], [-106.50797939860436, 31.885597661644933], [-106.50778414246908, 31.885989161709112], [-106.50687369107777, 31.887197656955323], [-106.50679461422466, 31.887210804281665], [-106.50678036017504, 31.88714899446656], [-106.50768945005859, 31.885942117687215], [-106.50788638762879, 31.885548429629356], [-106.50878943958182, 31.884546305798533], [-106.50913311054245, 31.88395446919652], [-106.50951272406473, 31.88353323052592], [-106.51017186624951, 31.882653188891197], [-106.51016417519753, 31.88246096292187], [-106.5100832912467, 31.882271730538214]]]}}, {"type": "Feature", "properties": {"name": "FMSP Uphill"}, "geometry": {"type": "Polygon", "coordinates": [[[-106.48389369376186, 31.932600395209708], [-106.48343298833531, 31.93225366653856], [-106.48304931851071, 31.93212982915312], [-106.48303008747604, 31.932066267812584], [-106.48308712651136, 31.932044148318752], [-106.48349010512196, 31.932173135951412], [-106.48395063725071, 31.93252066742582], [-106.48415524683847, 31.93257695886428], [-106.48434234790598, 31.932535429381538], [-106.4845152863576, 31.932429626959905], [-106.48478811650439, 31.932129660926368], [-106.48496402672696, 31.93201451769904], [-106.48503221772488, 31.932039294564536], [-106.48459387019612, 31.932495630384537], [-106.48439242003782, 31.932618945949397], [-106.4841520228668, 31.93267181671982], [-106.48389369376186, 31.932600395209708]]]}}, {"type": "Feature", "properties": {"name": "FMSP Upper Foothills"}, "geometry": {"type": "Polygon", "coordinates": [[[-106.52856336581202, 31.974861191570007], [-106.52837727353763, 31.97480251115025], [-106.52836188233339, 31.974621494999806], [-106.52871558971246, 31.97430331343255], [-106.52858012605844, 31.973852816178418], [-106.528381702784, 31.973619250099375], [-106.52809366385634, 31.972802839536186], [-106.52812525302474, 31.972593666366308], [-106.52806643196253, 31.97226911426933], [-106.52794681589826, 31.971919596625927], [-106.52780613597352, 31.97168689260691], [-106.52785790215651, 31.971214653026635], [-106.52761597503407, 31.970945422537305], [-106.52735411179938, 31.970444991465193], [-106.5271752752696, 31.970293547425538], [-106.52741717536033, 31.97000516300871], [-106.52764872683777, 31.969828570767003], [-106.52777288354012, 31.969527547121174], [-106.52773979272587, 31.96918429859487], [-106.52755913357517, 31.968852692239686], [-106.52761324949215, 31.968589913094142], [-106.52754570138993, 31.96846776073605], [-106.52786879676826, 31.968030871297234], [-106.52774005574291, 31.967792644825234], [-106.52773536302011, 31.967585626874563], [-106.52766512482488, 31.96743698107259], [-106.52732192942543, 31.9673054179644], [-106.5272341059256, 31.96722214494563], [-106.52716660167167, 31.9670467359257], [-106.52688530297817, 31.966989663354664], [-106.52681311242377, 31.966919130887245], [-106.52680991865317, 31.96684936818147], [-106.5266376403928, 31.966723982757788], [-106.52665418214745, 31.966418224001885], [-106.52643963103534, 31.966273800790017], [-106.5262469512677, 31.966067330445146], [-106.5262106369696, 31.96593373037531], [-106.52624954760877, 31.96565256313125], [-106.52588802265947, 31.965346813908305], [-106.5257140647068, 31.965034404691885], [-106.52555555640883, 31.96486471875191], [-106.52557663878854, 31.964779799425592], [-106.52574088641846, 31.964748741155585], [-106.5258800219576, 31.964639501004868], [-106.52620976095251, 31.96426401343157], [-106.52647948400121, 31.964162463697853], [-106.52620226251751, 31.963619764125838], [-106.52607482952055, 31.9632023301937], [-106.5258135284116, 31.96262631474362], [-106.52582699907592, 31.962291471876636], [-106.5255959178457, 31.962089085743035], [-106.52554521314123, 31.961684637945705], [-106.5252759664435, 31.96167642257567], [-106.52508338602823, 31.961568691774506], [-106.5250488277167, 31.9614599124379], [-106.52512791553812, 31.961255580248185], [-106.52505543178917, 31.961111111040122], [-106.5250502273456, 31.96079309072437], [-106.52512779709771, 31.960672501847206], [-106.52491220600359, 31.960327157462498], [-106.5242264122005, 31.959995300910297], [-106.52410326874008, 31.959773690283463], [-106.52380401218204, 31.959472068818616], [-106.52380907204586, 31.959237506861133], [-106.52392320817432, 31.959058344161747], [-106.52383337816866, 31.9589202070804], [-106.52356686903991, 31.958835828543293], [-106.5232630686306, 31.95848734917575], [-106.52328472428101, 31.95842248018515], [-106.5236057626064, 31.95825036209335], [-106.52366028104404, 31.958101327548878], [-106.52341851316032, 31.957775222966156], [-106.52292339641721, 31.957329578312503], [-106.52295532424468, 31.957263852034316], [-106.5233624178607, 31.957127097765383], [-106.52334386339616, 31.957068428944062], [-106.52320950166684, 31.956988708568705], [-106.5232093304238, 31.95692481897803], [-106.52352717530461, 31.956830852856356], [-106.52369795256779, 31.956613792619354], [-106.523622399237, 31.956017909242124], [-106.52357415434138, 31.95594190425994], [-106.52359250765504, 31.955760348353547], [-106.52351960875502, 31.95561630954372], [-106.52359257376524, 31.955261472616908], [-106.52369220430653, 31.955172833123076], [-106.52367804601498, 31.955081159197665], [-106.52379194311723, 31.95480000803718], [-106.52377625277256, 31.954569164703805], [-106.52346595686258, 31.95431760539917], [-106.52348832275536, 31.954092952425153], [-106.52316646904438, 31.953872810590234], [-106.52308473334055, 31.953480743605326], [-106.52319465060981, 31.953235010422045], [-106.52311456319187, 31.95309109406502], [-106.52316297987363, 31.952933234335426], [-106.52312309448985, 31.952684456983825], [-106.52322157437968, 31.95236831389727], [-106.52348710788691, 31.952209140561013], [-106.52391515582747, 31.95166352281124], [-106.52387209680309, 31.95104892013528], [-106.5236254912173, 31.950057318236997], [-106.52357719745049, 31.949941071562282], [-106.52330274531704, 31.949681025433936], [-106.52252919319193, 31.94958696391597], [-106.5216604902026, 31.94892104662578], [-106.52140881133354, 31.948407479995442], [-106.52052630819526, 31.94779083320408], [-106.52038441568256, 31.94752247562586], [-106.52015938435325, 31.947322974838546], [-106.52015956607273, 31.947233606274832], [-106.52031995034768, 31.947054342996733], [-106.52032690865838, 31.946766969038528], [-106.52020114860387, 31.94664187067097], [-106.5200055140841, 31.946624312700447], [-106.51980016916737, 31.946394385510537], [-106.51990905722053, 31.945909600644118], [-106.51979044001291, 31.945628549825777], [-106.51973063959225, 31.94522151501771], [-106.51982967178667, 31.944970673261174], [-106.51980538713198, 31.944803129773565], [-106.52016233583049, 31.94415182914569], [-106.51992455624287, 31.94390965648448], [-106.51988054544366, 31.943807528319088], [-106.52012620883048, 31.943156602592016], [-106.52016498865946, 31.942720229718503], [-106.52011285087684, 31.942580573626632], [-106.52017868208824, 31.942392587141875], [-106.52047836142776, 31.942128520884843], [-106.52070613146469, 31.942010613669687], [-106.52100669412991, 31.941991484160372], [-106.5211245626465, 31.941730734958995], [-106.52141401563202, 31.941494168802762], [-106.5216764698029, 31.94149554176227], [-106.52193211633323, 31.941238569317814], [-106.52221610056348, 31.941149153064828], [-106.52237982487111, 31.940878975643745], [-106.52283841832, 31.940727965608477], [-106.52332065797171, 31.940450264282788], [-106.52342383236916, 31.940251753169825], [-106.52328227948333, 31.939997365492424], [-106.52292534445117, 31.939819566979228], [-106.52255797500484, 31.939555169725942], [-106.52231018443683, 31.939184431654727], [-106.52234484256324, 31.93911959251942], [-106.52240409582605, 31.939137299152396], [-106.52263976856209, 31.93949242874986], [-106.52299032790468, 31.939744375146986], [-106.52336696937876, 31.93993720818693], [-106.52353240888479, 31.94019211703407], [-106.5235296484699, 31.94027674336193], [-106.52339219058655, 31.94052474642705], [-106.52323787462286, 31.940577551306358], [-106.52288076725473, 31.940814833397166], [-106.52244798702802, 31.94095311196525], [-106.52229167015618, 31.94121990866461], [-106.5219954493544, 31.94131556987434], [-106.52174078832068, 31.94157285673151], [-106.52148210317448, 31.94156957716676], [-106.52139953413118, 31.941676667710723], [-106.52122066555417, 31.94177864225743], [-106.52106641341466, 31.942074857287597], [-106.52075733636711, 31.94209331488949], [-106.52054587916554, 31.94220438002938], [-106.52027445833781, 31.94243822420302], [-106.5202232108227, 31.942582016809173], [-106.52027504745786, 31.94271080335692], [-106.52023734055963, 31.9431618125929], [-106.51999081364681, 31.9437979643965], [-106.52019824482956, 31.94400324826456], [-106.52027437184026, 31.94415401904237], [-106.52016943601414, 31.94441958265848], [-106.5199099022709, 31.944832055588005], [-106.51993864129513, 31.944986448208898], [-106.51984015263035, 31.9452262554427], [-106.51989760162513, 31.94560627884217], [-106.52001878749907, 31.945900957028556], [-106.51998780535433, 31.946188937013936], [-106.51990895056039, 31.946366444523182], [-106.52006353919322, 31.946542810013266], [-106.52024808802224, 31.94655621246754], [-106.52043371110143, 31.94674116686731], [-106.52042387885392, 31.947086388614103], [-106.52026056877442, 31.94727831621171], [-106.52047460365297, 31.94746969489881], [-106.52061285956908, 31.947732835444228], [-106.52074362010606, 31.947846363401755], [-106.52149423119616, 31.94834748167677], [-106.521740419403, 31.94885598597055], [-106.52258187195079, 31.94950306340159], [-106.52307178360564, 31.949583791915188], [-106.52328419523742, 31.949564985589245], [-106.5233737551893, 31.949609452478594], [-106.52367367163194, 31.949895126712764], [-106.52377365201588, 31.950183032998893], [-106.52398062726847, 31.951035119362622], [-106.52402423668937, 31.951673903450885], [-106.5239974232065, 31.951772448144755], [-106.52356790166954, 31.952272691484794], [-106.5233210593739, 31.95241267359623], [-106.52323305256917, 31.952685152609703], [-106.52327272748566, 31.95293113284321], [-106.52322730391305, 31.953083239619403], [-106.52330675995641, 31.95324870053964], [-106.52319700609023, 31.953477393546475], [-106.52326842329892, 31.953827035245798], [-106.52357223075687, 31.954032815951805], [-106.52360881917288, 31.954124256281858], [-106.52357487256621, 31.95429106667006], [-106.52376872510968, 31.95440768496631], [-106.52388423340034, 31.954545471010103], [-106.52390141873803, 31.954815367163903], [-106.52378836089382, 31.95509315474284], [-106.52379304026103, 31.955211167159526], [-106.5236972248058, 31.955292774847177], [-106.52363198288248, 31.95561426841201], [-106.5237014183106, 31.955743822747593], [-106.52368503141719, 31.95592781858419], [-106.5237297095214, 31.95599651730604], [-106.52381068306052, 31.956622670620238], [-106.52362426589706, 31.956884499344035], [-106.52337648697274, 31.95697129393003], [-106.52346147575828, 31.957050374233297], [-106.52344896278983, 31.95718733987565], [-106.52306609355034, 31.957346610148047], [-106.52350283776885, 31.957715147804397], [-106.52376735677139, 31.95807680388458], [-106.52374608333918, 31.958238006537492], [-106.52368615536268, 31.958314124525252], [-106.52338258376176, 31.958476653420444], [-106.52364035369196, 31.95875674673724], [-106.52390876082347, 31.958851713256124], [-106.52402702266984, 31.95902697183067], [-106.5240176577392, 31.95913217865491], [-106.5239232106808, 31.959233431494656], [-106.52389917655545, 31.95942507000355], [-106.52420051565512, 31.959728106279478], [-106.52430538727513, 31.959930175160423], [-106.52494762723144, 31.960208621831168], [-106.52523380283694, 31.960639247854328], [-106.52516016862272, 31.96079823453165], [-106.52516652113255, 31.961095823385936], [-106.52523914065105, 31.96125768116633], [-106.52516639328282, 31.961492507313757], [-106.52525081335861, 31.961571051542123], [-106.52552711800531, 31.961583481984803], [-106.52564100825859, 31.961637707719046], [-106.5256738252104, 31.961997204906808], [-106.5257309880486, 31.962103760875245], [-106.52589413464194, 31.962192136138057], [-106.52593511582619, 31.962270929666193], [-106.52591838750648, 31.962599131885174], [-106.52617788828593, 31.963170501242256], [-106.52633806846526, 31.963663703074744], [-106.52660429590759, 31.96416391158729], [-106.5264896973697, 31.964273779436702], [-106.5262787323434, 31.964337160374097], [-106.52582712643452, 31.964809061181537], [-106.52566554207343, 31.964845585474286], [-106.5258074717851, 31.964985280632604], [-106.52597120672046, 31.96528559815457], [-106.52635551281682, 31.965621763500213], [-106.52632046343462, 31.96593158305858], [-106.52634919767773, 31.9660331143875], [-106.52676091417061, 31.966390136570368], [-106.52673888412583, 31.966683905825807], [-106.52691657192365, 31.96680426350173], [-106.52693474937861, 31.96690395989734], [-106.52724078775249, 31.966978104031877], [-106.52738598688417, 31.96722830716755], [-106.52775917685962, 31.967385979378903], [-106.52785719775169, 31.967622256487928], [-106.52784809690611, 31.967771171992126], [-106.52797091876431, 31.96797323035163], [-106.52797455550446, 31.968069421405595], [-106.52765881941885, 31.968466220150304], [-106.52772486925333, 31.968579150299778], [-106.52766744856011, 31.968837012408226], [-106.52784562587549, 31.96915999378264], [-106.52788087442306, 31.96954451085818], [-106.52773839127345, 31.969882044827386], [-106.52729740826949, 31.970279532844025], [-106.52744228442738, 31.97038910434459], [-106.52771376843823, 31.97090136752908], [-106.5279650614763, 31.971188951103823], [-106.52791590764478, 31.971669410329046], [-106.52805059358238, 31.97188902208996], [-106.52817490175424, 31.972254081216757], [-106.52823473486335, 31.97258785381513], [-106.52820291272924, 31.97278340632359], [-106.5284821167735, 31.973581030781105], [-106.52868242977573, 31.97381930280268], [-106.52881675367344, 31.974258075276573], [-106.52881850767258, 31.974365570320423], [-106.52848192128323, 31.974621377156094], [-106.52846391083534, 31.974739922165224], [-106.52858413992762, 31.97474594307928], [-106.52865776995172, 31.974811749944315], [-106.52873745257152, 31.975010182676], [-106.52891982290562, 31.97525753592513], [-106.52896235875298, 31.975476135808414], [-106.52891263452133, 31.97559527677002], [-106.52926064527799, 31.975869896150876], [-106.52939214417117, 31.976076962387644], [-106.52932961975988, 31.976329033770764], [-106.5293319117981, 31.976667377210816], [-106.52909215764538, 31.976957436447606], [-106.52907754594723, 31.9770488915227], [-106.52913666525721, 31.977327714159667], [-106.52913176119732, 31.97767086424272], [-106.52930111374084, 31.977819553387647], [-106.52941381676978, 31.978065380845575], [-106.52941162408398, 31.978255869697936], [-106.52935684583149, 31.97838270533056], [-106.52936624846978, 31.978777730190394], [-106.52944018386717, 31.978965814219404], [-106.52958896796422, 31.97982348012113], [-106.52986080635539, 31.980414615926485], [-106.53014693336542, 31.980595813216887], [-106.53020962090709, 31.980674039240547], [-106.53021644405634, 31.98082520015854], [-106.53046767953344, 31.980959185057046], [-106.53067808235798, 31.98115034559459], [-106.5308305146591, 31.981375632668577], [-106.53085004514445, 31.981978106320355], [-106.53068042321223, 31.982443703809786], [-106.53072004185483, 31.983173655929146], [-106.53068220233774, 31.98370890304845], [-106.53076280935629, 31.984032708176315], [-106.53077749703196, 31.984792819926678], [-106.5309270282195, 31.985072884360985], [-106.53094666290846, 31.98520050764387], [-106.53089322627397, 31.985325493276736], [-106.5304171138285, 31.985892876188437], [-106.5303946606218, 31.98626678963799], [-106.52984380122074, 31.98754606439425], [-106.53004786531828, 31.98798313604051], [-106.53090981486874, 31.988857378941606], [-106.53087148102372, 31.98893096281612], [-106.53064628060869, 31.988768321211854], [-106.5299527656045, 31.988030488609155], [-106.529731892826, 31.987542511769814], [-106.53028936260694, 31.986240599487147], [-106.53031142750852, 31.985861565758633], [-106.53083664535374, 31.985187210813656], [-106.5306677842416, 31.984804305845735], [-106.53065367456809, 31.984040704533907], [-106.53057286045376, 31.98371769408564], [-106.53061049275514, 31.983173242022215], [-106.5305707651007, 31.982440395262987], [-106.53074154164258, 31.981961406616044], [-106.53072286346901, 31.98139584198475], [-106.53038767463553, 31.98102383726947], [-106.53012615379625, 31.98089209340969], [-106.53006803731427, 31.98066060323508], [-106.52977160612349, 31.980468716068053], [-106.5294830339611, 31.979847482426937], [-106.52933151960231, 31.978979160423822], [-106.52925613068125, 31.978790166751736], [-106.52924572850505, 31.978377272787082], [-106.52930260715434, 31.978242618700836], [-106.52930101555668, 31.97807346340458], [-106.52921035512813, 31.977872025853866], [-106.52902611202026, 31.977700867809546], [-106.52902709685121, 31.977330801455054], [-106.52896754618915, 31.977055871951144], [-106.52899367653228, 31.97691344786976], [-106.52922444130752, 31.976635632989932], [-106.52922058142897, 31.976319945980286], [-106.52928554230827, 31.976101600287603], [-106.5291754462367, 31.975928482188184], [-106.52880973786077, 31.975634454474005], [-106.52885245279974, 31.975473963105024], [-106.5288192855602, 31.97529478617471], [-106.52863611107442, 31.975051129599322], [-106.52856336581202, 31.974861191570007]]]}}, {"type": "Feature", "properties": {"name": "FMSP Thousand Steps Trail"}, "geometry": {"type": "Polygon", "coordinates": [[[-106.49394642264689, 31.809212108375593], [-106.49385832814328, 31.808996177899935], [-106.49382504508912, 31.80863747873548], [-106.49362585323018, 31.808354689930272], [-106.49315574460671, 31.80785547456677], [-106.4931157276525, 31.807721442217513], [-106.49314491867574, 31.807613436411003], [-106.49360521292155, 31.8072440643764], [-106.49419485861755, 31.80636754127503], [-106.4941775907328, 31.806304036898254], [-106.49375095468326, 31.806218605414767], [-106.49350605768612, 31.80608998752822], [-106.49331993342466, 31.805738649402986], [-106.4934304861472, 31.805468725228945], [-106.49329740590807, 31.805253464547377], [-106.49322943587228, 31.804928568403717], [-106.49279095061527, 31.804702387759065], [-106.49249365083821, 31.8046666696963], [-106.49239509683534, 31.80458727578121], [-106.49238413858652, 31.804425240418635], [-106.49262718945508, 31.804186787767676], [-106.4927202424125, 31.803968658215297], [-106.4926391303091, 31.803714095504255], [-106.49249863210278, 31.803588715728733], [-106.49223737722461, 31.80373510514077], [-106.49192473168443, 31.803775410733508], [-106.49155990531176, 31.803912527870356], [-106.49108877619067, 31.803847630992635], [-106.49101383018818, 31.803924819966152], [-106.4903256517906, 31.803692744755562], [-106.48954770853062, 31.80374095935119], [-106.48889562531801, 31.803658553955298], [-106.48820277318393, 31.8039565277289], [-106.48810654818074, 31.803878834049566], [-106.48805827465256, 31.803755348823387], [-106.48799919630102, 31.803736647874526], [-106.48781259439593, 31.80388857050817], [-106.48763279554204, 31.803927856003533], [-106.48748390083165, 31.803896006012117], [-106.48710107086205, 31.803986852468473], [-106.48698220965021, 31.80390090238234], [-106.48701288420067, 31.803568400092228], [-106.48694057708741, 31.803491606730557], [-106.48664001225114, 31.803595274269114], [-106.48631109097963, 31.803861062107906], [-106.48619980307468, 31.804074216915073], [-106.48595512346478, 31.804071083480817], [-106.48579077994265, 31.804299547382723], [-106.48563588836038, 31.804313765096385], [-106.4850820145394, 31.804612203266718], [-106.48477074608222, 31.804437504983003], [-106.48445249525257, 31.804101236099267], [-106.4842576946837, 31.80407933286102], [-106.48423255765131, 31.80401707984072], [-106.48432194878929, 31.803983167189095], [-106.48450930351521, 31.804018984014885], [-106.4848441247114, 31.804368268277646], [-106.48508197481642, 31.804516277552366], [-106.48559037492865, 31.804226216183814], [-106.48573050597018, 31.804218491924104], [-106.48590610185407, 31.803986750656424], [-106.48607058343273, 31.803956635930376], [-106.48613196386717, 31.803989965702367], [-106.48621317042408, 31.803809088549244], [-106.48656912608881, 31.803520938274172], [-106.48694257196144, 31.803389381700732], [-106.48711004681323, 31.80348354085454], [-106.4871151420667, 31.803886907592883], [-106.48747982932254, 31.803801474935447], [-106.48762660732167, 31.803832437835514], [-106.4877789005273, 31.80379908164718], [-106.48796754856443, 31.80364273206631], [-106.48813638612872, 31.8036884627638], [-106.48821441164802, 31.803849650759368], [-106.488885178637, 31.803564464321152], [-106.48954240063567, 31.80364760143445], [-106.49033513834061, 31.80359650024207], [-106.49096545753333, 31.803798744033397], [-106.49102059941045, 31.803734784334818], [-106.4915474381376, 31.803818596049492], [-106.49189426278443, 31.803685544973558], [-106.4921941948993, 31.80364837645895], [-106.4925221247665, 31.803483754462004], [-106.49273349018785, 31.80366536574486], [-106.4928311135878, 31.80397257720702], [-106.4927205193807, 31.804237571958897], [-106.49248985132702, 31.804457269482818], [-106.49249659158166, 31.804544754683143], [-106.492831489324, 31.80461559400864], [-106.49332057645411, 31.804872593201925], [-106.49340131320571, 31.805222296682967], [-106.4935455326765, 31.805459257041846], [-106.49343140723863, 31.805722315114885], [-106.49360171129098, 31.806041566326897], [-106.49378583631378, 31.80613025194469], [-106.4942527331357, 31.806226691632297], [-106.49430674818623, 31.806365630879895], [-106.49369618313814, 31.80729639090647], [-106.49323895031739, 31.807665097310487], [-106.4932264968224, 31.807721649149833], [-106.49325305917203, 31.807810586777816], [-106.49371365136126, 31.808298959240858], [-106.49392807906713, 31.808603393430946], [-106.49396678812352, 31.808979633912667], [-106.49407191796774, 31.809193028776363], [-106.4944873720483, 31.809075593868922], [-106.49480201052552, 31.808768830544516], [-106.49542226570755, 31.808001400561082], [-106.49559559986871, 31.807894608472687], [-106.49603296816696, 31.807742932106017], [-106.49696510707714, 31.807612732151206], [-106.49770099784106, 31.807739502203354], [-106.49842411072687, 31.80752720601267], [-106.49846165609658, 31.807628201824162], [-106.49833768471586, 31.80806114558085], [-106.49797825082987, 31.80864744083538], [-106.49875945316892, 31.808072652878398], [-106.49884426271313, 31.808102264908694], [-106.49809433823441, 31.808703953421713], [-106.49774705112895, 31.808873597861613], [-106.49770285426095, 31.808827971763332], [-106.49773816082642, 31.808738146459895], [-106.49796913252692, 31.80847776947126], [-106.49815157043108, 31.808105147736192], [-106.49823679555121, 31.808021290478116], [-106.49835064609005, 31.80762487745364], [-106.4977048083259, 31.807833443940403], [-106.49696623077368, 31.807706542282958], [-106.49606611490879, 31.807831771004377], [-106.49550139263532, 31.808066731393158], [-106.4948905390804, 31.80882369455223], [-106.49455897580724, 31.809146575854125], [-106.4941531252204, 31.80929438889083], [-106.49402208348997, 31.809278670730873], [-106.49394642264689, 31.809212108375593]]]}}, {"type": "Feature", "properties": {"name": "FMSP West Cottonwood Spring Spur"}, "geometry": {"type": "Polygon", "coordinates": [[[-106.49884343162172, 31.9131235303375], [-106.49850058894977, 31.91309758740854], [-106.49834194096589, 31.91301766915706], [-106.49809225382496, 31.91307945573054], [-106.49792918295665, 31.913179787703736], [-106.4978576565771, 31.91313381707779], [-106.49804901132369, 31.912991980039283], [-106.49833956900711, 31.912916108773878], [-106.49852927490478, 31.913006369748206], [-106.4987413151738, 31.91299325283062], [-106.49891494094993, 31.913049180125384], [-106.49923623364853, 31.913514063057786], [-106.49937420371313, 31.913833958237937], [-106.49967033148262, 31.91390426084377], [-106.49971260050138, 31.914008152889394], [-106.49990160399723, 31.914124740381514], [-106.50025657416872, 31.91420440258182], [-106.50045807161351, 31.91459729998371], [-106.50059416596784, 31.91470048249995], [-106.50071777107907, 31.91471555569391], [-106.50072630199044, 31.91477810265765], [-106.50055279209056, 31.91478936213866], [-106.50037225553982, 31.914656309125668], [-106.50019070097616, 31.914286031743412], [-106.49985770694487, 31.914211973317844], [-106.49962702411317, 31.91407177773873], [-106.49959547327985, 31.913981772156], [-106.49929967111224, 31.913905852005286], [-106.49918723162796, 31.91373900407903], [-106.49913550616166, 31.913551719686367], [-106.49884343162172, 31.9131235303375]]]}}, {"type": "Feature", "properties": {"name": "FMSP West Cottonwood Spring Trail"}, "geometry": {"type": "Polygon", "coordinates": [[[-106.49709695955849, 31.913172737962185], [-106.49728968826919, 31.9129058593251], [-106.49742278754948, 31.912923676689775], [-106.49746284049948, 31.91297893064759], [-106.4974708113511, 31.913385658715036], [-106.49751353618107, 31.913468323084388], [-106.49765049664136, 31.91350399324251], [-106.49781472710352, 31.9136715898118], [-106.49781519724873, 31.913607857931954], [-106.4975781962405, 31.913327281735818], [-106.49756086710374, 31.91322313921248], [-106.49760884153878, 31.9131436982977], [-106.49788815707507, 31.91311454312893], [-106.49804147094231, 31.913049392183193], [-106.49812899057478, 31.91307140032337], [-106.49830093458912, 31.912574796187286], [-106.4987966042194, 31.912286336580028], [-106.4989404640801, 31.91234744097946], [-106.49916715778068, 31.912332177689255], [-106.4993082366465, 31.912552677781008], [-106.49988283503512, 31.912813099212496], [-106.4999147097307, 31.912893658656916], [-106.50012735215527, 31.91299997018942], [-106.50050401795822, 31.91310432222131], [-106.50069891794611, 31.91332144633584], [-106.50088280823348, 31.91339178244185], [-106.50109332559555, 31.913438880207167], [-106.5019331973975, 31.91337058860196], [-106.50242433967749, 31.913470043958885], [-106.50321086755187, 31.91331532283938], [-106.50331044297567, 31.913225416409464], [-106.50375844789066, 31.913047347423355], [-106.50508930419906, 31.913090999520108], [-106.50547506303171, 31.91301425026418], [-106.50560263439802, 31.912932600747553], [-106.5057997666617, 31.912588044599136], [-106.50606956690831, 31.9124748401058], [-106.50610879743782, 31.912229906004097], [-106.50635025341536, 31.911975600083824], [-106.50650092529031, 31.91190997114177], [-106.50681424548426, 31.912403683199624], [-106.50682668476645, 31.912535578433605], [-106.50703658220681, 31.912739322192756], [-106.50707171587734, 31.912889725102097], [-106.50706210956326, 31.91315141851927], [-106.50699213756558, 31.913185338804087], [-106.50695427374875, 31.913145935900236], [-106.50693668542907, 31.91278159687145], [-106.50672587334323, 31.912577492415963], [-106.50671165843472, 31.91244086885095], [-106.50647651327354, 31.912021127209204], [-106.5062056739945, 31.912277292783248], [-106.50616438239626, 31.912530906676217], [-106.5058836788017, 31.912654983833715], [-106.50568775260793, 31.912992507821073], [-106.50551312438341, 31.913101911190562], [-106.50509300655492, 31.913184593398174], [-106.5037729532653, 31.913142450607094], [-106.50337188961595, 31.913303536747577], [-106.50325541058346, 31.91340297088245], [-106.50243554924816, 31.913563473005976], [-106.50192475368976, 31.91346461568072], [-106.50108195023184, 31.91353190728254], [-106.50063074417184, 31.913396054369], [-106.5004477463467, 31.913184833389135], [-106.50008155895587, 31.91308453027285], [-106.49983181186495, 31.912962120885112], [-106.4998027902622, 31.91288051508774], [-106.49923852306421, 31.912624965270663], [-106.49909537375652, 31.912419839034545], [-106.49893531024763, 31.912440935550865], [-106.49876566021473, 31.91238502873204], [-106.49838943325749, 31.912630081744453], [-106.49818752269499, 31.913163155333667], [-106.49773787357331, 31.91319579297972], [-106.49767253436355, 31.913242846954855], [-106.49771004291792, 31.913357558980536], [-106.49795097393799, 31.91363000252129], [-106.49785624909406, 31.913777661617754], [-106.49775366235228, 31.91377168553171], [-106.49758973813385, 31.913587290188026], [-106.49751007451655, 31.913605613446613], [-106.49741880345475, 31.91351573450644], [-106.49736265742085, 31.9134044218629], [-106.49734861696537, 31.912995555764613], [-106.49720599683266, 31.913188123587677], [-106.49727197097671, 31.91375561739221], [-106.4972461890884, 31.913954239198684], [-106.49710762827266, 31.914178595332025], [-106.49717252438086, 31.914522162758022], [-106.49711993623045, 31.914638043130807], [-106.49720247308508, 31.915023914277384], [-106.49742456327263, 31.915381908785772], [-106.49747825484206, 31.91562971867987], [-106.49764609137229, 31.915972320239415], [-106.49759727312609, 31.91603285950191], [-106.49748160039795, 31.915901779443754], [-106.49732281901125, 31.915416391828636], [-106.49709851654, 31.915053645882224], [-106.49701060880302, 31.914645453622267], [-106.49705961438033, 31.914515679182106], [-106.49699821462424, 31.91416646060131], [-106.49714072652814, 31.913926859384365], [-106.49716257813006, 31.91375095264901], [-106.49709287615765, 31.91343660082496], [-106.49709695955849, 31.913172737962185]]]}}, {"type": "Feature", "properties": {"name": "FMSP Upper Sunset Trail"}, "geometry": {"type": "Polygon", "coordinates": [[[-106.51397340155575, 31.930889972655912], [-106.51379883216791, 31.9307918938998], [-106.51379289028209, 31.93072914241048], [-106.51385814295975, 31.930715264805706], [-106.51402002794087, 31.930804755462578], [-106.51442269825347, 31.930794532706493], [-106.51526565778836, 31.9290162597702], [-106.5156578692697, 31.928016005627402], [-106.51583990986245, 31.92775399601543], [-106.51597721908212, 31.927645277704215], [-106.51597448859307, 31.92728904016841], [-106.51578389863357, 31.926737285012937], [-106.51603427620053, 31.926302428280174], [-106.5161363696482, 31.92590962193299], [-106.51622993078094, 31.92574340882472], [-106.5162477838745, 31.92550285278899], [-106.51612657464062, 31.925046559629635], [-106.51616278236368, 31.924957279638438], [-106.51612427920608, 31.92463352684004], [-106.51617404612082, 31.92445617958406], [-106.51687250893409, 31.923849587800227], [-106.51745526158582, 31.923679113136387], [-106.51754107021735, 31.923597213438793], [-106.51776606792362, 31.923506944898048], [-106.51802511700548, 31.923250791097026], [-106.51805231819918, 31.92317065499365], [-106.51796162998023, 31.922752416481565], [-106.51834309343828, 31.922263855952885], [-106.51845874260623, 31.92194035008609], [-106.51842774842639, 31.921804919744485], [-106.51821851168084, 31.921549895351724], [-106.51820656060761, 31.92135881557762], [-106.51827914550098, 31.921206664747686], [-106.51828854136954, 31.921024874635773], [-106.51824839312964, 31.920716129028442], [-106.51806266423407, 31.920583092327973], [-106.51808388054981, 31.92014893339415], [-106.51801147495881, 31.920187730864694], [-106.51795262873327, 31.920155641702806], [-106.51790353723803, 31.919765160163177], [-106.5178334302141, 31.919750333518163], [-106.51759818201128, 31.919516287960914], [-106.5173843028161, 31.919483767171695], [-106.51731992428563, 31.91937115046604], [-106.51738524461489, 31.919166516176464], [-106.51750445254437, 31.919014474322093], [-106.51751703022174, 31.918870681690755], [-106.51677514486643, 31.91750699663655], [-106.51682576480954, 31.91743335275376], [-106.51666348677053, 31.917171313405454], [-106.51659406277334, 31.916915693511356], [-106.51667327854443, 31.916655154458752], [-106.51662767430804, 31.916474458828503], [-106.51666083090036, 31.916213968214578], [-106.51675654250266, 31.916145282879924], [-106.51694043420666, 31.9158407053309], [-106.51672421895715, 31.915533285530245], [-106.5166451307817, 31.91520101011125], [-106.51671140277128, 31.914971292550128], [-106.51668349057458, 31.914564065231936], [-106.51674978593326, 31.914334320074847], [-106.51672721571511, 31.914270728484645], [-106.51682064029596, 31.914174021256667], [-106.5168631135209, 31.91421331021436], [-106.51686507908715, 31.914343698881247], [-106.5167940708323, 31.914560311268595], [-106.5168215546114, 31.914982556925555], [-106.5167573700488, 31.915206449505668], [-106.51682708523649, 31.915498164222882], [-106.51705618243585, 31.915848526057932], [-106.51684507260352, 31.91621220375947], [-106.51677012464702, 31.916237834357357], [-106.51674105622621, 31.916473080527684], [-106.51678336484687, 31.916656642649336], [-106.5167099488277, 31.916906872820956], [-106.51676879399974, 31.9171365313116], [-106.51693309466684, 31.91741181349178], [-106.51690354275019, 31.9175113559901], [-106.51762612161883, 31.918854149712836], [-106.51760917834403, 31.919048022253197], [-106.51742780355929, 31.91934887575936], [-106.51745017872183, 31.919393382072926], [-106.51766131783396, 31.91943886350182], [-106.517897408409, 31.91967220236442], [-106.51797886038601, 31.919686901321278], [-106.51803881772123, 31.919797183087802], [-106.51806184705336, 31.92004456432686], [-106.51819532874045, 31.920090464200506], [-106.51817083436774, 31.920551903886864], [-106.51835015054851, 31.92067059803758], [-106.51839816065764, 31.92102065144925], [-106.51839110778573, 31.921224065952828], [-106.51831915735461, 31.921360609219843], [-106.51832993200158, 31.921532749150014], [-106.51852914380572, 31.92176704375229], [-106.5185685658634, 31.921945595351268], [-106.5184406293319, 31.922306170284042], [-106.5180750218083, 31.922763510593892], [-106.51816292466246, 31.92317407626692], [-106.51811681223617, 31.923306691374098], [-106.51768879795573, 31.923670245564413], [-106.51761508219256, 31.923667457990422], [-106.51750953723254, 31.92376511468521], [-106.51740878844359, 31.923766543798425], [-106.5171955082207, 31.923886306955982], [-106.51692942729339, 31.923935748755618], [-106.51626944185577, 31.924507761982294], [-106.51624258128786, 31.925042346596403], [-106.51635770393142, 31.925488456905548], [-106.51634739311525, 31.92570340816149], [-106.51624310856265, 31.92593163712922], [-106.5161842538193, 31.926226080853287], [-106.51589954630532, 31.926747917569045], [-106.51608906156258, 31.927271915301937], [-106.5160808866291, 31.927682287687823], [-106.51592498197495, 31.927813309750768], [-106.51575801462224, 31.928053804933626], [-106.51536884135783, 31.92904768870021], [-106.51452008403619, 31.930843693318682], [-106.51442874680762, 31.93089965020137], [-106.51397340155575, 31.930889972655912]]]}}, {"type": "Feature", "properties": {"name": "FMSP Wounded Knee"}, "geometry": {"type": "Polygon", "coordinates": [[[-106.4612393079055, 31.933712499223425], [-106.46061357651496, 31.9336326741058], [-106.46031046331525, 31.933456451728556], [-106.45983052461722, 31.933423018476915], [-106.45939571233578, 31.93331095338034], [-106.45850338441099, 31.933288406726742], [-106.45784075011477, 31.932901075441897], [-106.457477706335, 31.932752160500435], [-106.45668996969431, 31.932636496040892], [-106.45620381950819, 31.932737865859906], [-106.45563135710077, 31.932762676587004], [-106.45525250262651, 31.932969619804158], [-106.45470064708503, 31.93287346651639], [-106.4543266803041, 31.932926145731372], [-106.45407330389095, 31.933048548112268], [-106.45381696686955, 31.933102445379394], [-106.45342261101094, 31.932875936934444], [-106.4531402347816, 31.932612762281], [-106.4528300388252, 31.932677689308907], [-106.45222505696779, 31.932995942718414], [-106.4521157918999, 31.932954900768753], [-106.45278756014015, 31.932591412939665], [-106.45315259647434, 31.932515120507166], [-106.45349533346132, 31.93280583792935], [-106.45383303860034, 31.93300575010375], [-106.454298763655, 31.93283585917481], [-106.45470167390529, 31.932780364303653], [-106.45522968080357, 31.93287085635472], [-106.45560255363537, 31.932672239997697], [-106.45619310416764, 31.932644662481653], [-106.4566964332504, 31.93254355498931], [-106.45751333399956, 31.93266380222641], [-106.45790294494338, 31.932823929088435], [-106.45853638063959, 31.933197524498397], [-106.45941572684141, 31.933218848689776], [-106.4598466480363, 31.933330840827196], [-106.46034720790387, 31.933368122092965], [-106.46065887848434, 31.933544692985098], [-106.4612349956611, 31.933615673596876], [-106.46142188247242, 31.933539181024607], [-106.46184023098942, 31.933598034035587], [-106.46217615585952, 31.933532915082523], [-106.4624685114817, 31.933536793393827], [-106.46273749316931, 31.933373267500883], [-106.46328793535761, 31.933261961427863], [-106.46391696618956, 31.933034749337505], [-106.46408978694618, 31.933042480284232], [-106.46423114274033, 31.932941685777582], [-106.46443757330519, 31.932893444018607], [-106.46476639441673, 31.932938270130112], [-106.4651244193506, 31.932787986257846], [-106.46568488438922, 31.932916434273135], [-106.46581710465459, 31.933001761579938], [-106.46599897253084, 31.93291718999866], [-106.46669662619888, 31.932865345168974], [-106.4671159779268, 31.933002608491215], [-106.467675752383, 31.93279663249325], [-106.46784261258216, 31.932805311621394], [-106.46792780720367, 31.93293844712029], [-106.46785040194072, 31.933049350851295], [-106.46790200458936, 31.93318735683382], [-106.46784602885776, 31.933232777009025], [-106.46773523266859, 31.933048625831283], [-106.46780920391741, 31.932941261212513], [-106.46777745114426, 31.9328895414219], [-106.46712632457073, 31.933096156976355], [-106.46669124680882, 31.932958876789307], [-106.46602423665098, 31.93300902782397], [-106.46582747549999, 31.9330967852947], [-106.46571505390587, 31.933077285943693], [-106.46564151592692, 31.93300490307334], [-106.46514072202977, 31.93288074942249], [-106.46478286242338, 31.933030502213782], [-106.46444351971088, 31.932987074448665], [-106.46427319174276, 31.93302817205133], [-106.46412280995223, 31.93313511850449], [-106.4639406276581, 31.933127405760086], [-106.46332227007814, 31.93335112059034], [-106.46278292928585, 31.933458148045865], [-106.46249608210627, 31.933629608914984], [-106.46218721858334, 31.9336254760451], [-106.46184420774073, 31.933692056656753], [-106.46142722368113, 31.93363579561785], [-106.4612393079055, 31.933712499223425]]]}}, {"type": "Feature", "properties": {"name": "Lost Dog Access"}, "geometry": {"type": "Polygon", "coordinates": [[[-106.53705293346889, 31.898923301217216], [-106.53753888288237, 31.898620643472192], [-106.53794348174382, 31.898577761323132], [-106.53823118400554, 31.89865820884221], [-106.53866284515486, 31.898522830818827], [-106.53888836918316, 31.898289957933986], [-106.53965595133108, 31.898144577259178], [-106.53990820518234, 31.897916454428586], [-106.53996327604499, 31.897751157850788], [-106.53996434033206, 31.89750872725041], [-106.54046207279173, 31.89724257355913], [-106.54074642656064, 31.896551098739323], [-106.54109684895214, 31.896385291034335], [-106.54123941676829, 31.89624160335816], [-106.54147064556668, 31.89611638718998], [-106.54171990352027, 31.895503029360782], [-106.54191021123974, 31.89532127203277], [-106.54203502658422, 31.894876546559825], [-106.5423394419275, 31.894585871633943], [-106.54242402480905, 31.8942407805278], [-106.54291791987659, 31.89365120689088], [-106.54385452089589, 31.893039493579195], [-106.54503907934632, 31.892443347125393], [-106.54588390803966, 31.891830686541173], [-106.54625097902075, 31.891901147606507], [-106.54743291896618, 31.890994165186076], [-106.54776072820079, 31.891013137048613], [-106.54825437435561, 31.89072655096809], [-106.54807667255912, 31.890656400565568], [-106.54737723671818, 31.890667018585276], [-106.54720522504634, 31.890478262824622], [-106.54700943464267, 31.890116329093573], [-106.54664714156212, 31.88986075189295], [-106.5467454262483, 31.889458472410624], [-106.54631273884642, 31.88905299789781], [-106.54618366128315, 31.888164172330796], [-106.54683922541052, 31.887252281326933], [-106.54696009145638, 31.88717397557139], [-106.54685106428748, 31.8867540344229], [-106.54666930301235, 31.886360761047417], [-106.5466636460059, 31.886203631354697], [-106.54676570769603, 31.886164580205484], [-106.54688701630837, 31.885826520802457], [-106.54674006483702, 31.885678727926347], [-106.54674940402079, 31.885583402674143], [-106.54686413802125, 31.885421638044324], [-106.54713210053943, 31.885264730512898], [-106.54771523811773, 31.885148530060743], [-106.54868014356855, 31.88464696352103], [-106.54877472449877, 31.88447145428121], [-106.54870919939235, 31.884348818633594], [-106.54859429549138, 31.884219146063632], [-106.54830239514358, 31.884041027874026], [-106.54847477714505, 31.883682902148433], [-106.55006282188074, 31.882651872096716], [-106.55013314416051, 31.88265467865195], [-106.55012920516906, 31.882725841653773], [-106.54856547850872, 31.88373768605632], [-106.54842805997457, 31.88401230215645], [-106.54867648058764, 31.884157324713165], [-106.54888102679523, 31.884445317288016], [-106.54886646151765, 31.88458165759799], [-106.54875809486921, 31.88471355553931], [-106.54775798156868, 31.88523495088295], [-106.54717930740105, 31.885349416586234], [-106.54694103193539, 31.885489317403056], [-106.54685613996993, 31.885606348689745], [-106.54699901663584, 31.885818811020748], [-106.54696340241522, 31.88602306105307], [-106.54684765438252, 31.886233923768422], [-106.54677326323372, 31.88625749903229], [-106.54677784624303, 31.886340787419986], [-106.5469549964412, 31.886724330328516], [-106.54707552627204, 31.887199486878746], [-106.54692681493208, 31.88730888657772], [-106.54629383778783, 31.888184563398536], [-106.54641714939459, 31.88901806599594], [-106.54685856982992, 31.88943553554795], [-106.54675491296281, 31.88981868874033], [-106.54709976521704, 31.890061734337742], [-106.54729981349259, 31.89043079623146], [-106.5474407454316, 31.890585673112636], [-106.54809411816422, 31.890563302707154], [-106.54839549528064, 31.890680381405705], [-106.54840839392567, 31.89074685329163], [-106.54779933764009, 31.891102817450772], [-106.54748001782968, 31.891081987290427], [-106.54629640533362, 31.891991572165615], [-106.54592262345273, 31.89192225110701], [-106.54510555494461, 31.89251748382687], [-106.54391833031623, 31.893115131067017], [-106.5429955753672, 31.893717067472284], [-106.5425213790247, 31.894285162020125], [-106.54243734319029, 31.89463148439576], [-106.54213201929409, 31.894921723083122], [-106.54201155819746, 31.89536173694131], [-106.54181798606879, 31.895546702875052], [-106.54156208663841, 31.896171262214526], [-106.54131117236572, 31.896312582980755], [-106.54116392360861, 31.89645981901996], [-106.54083733693999, 31.896609414655856], [-106.54055359812088, 31.897297507987112], [-106.54006215033523, 31.897564012574183], [-106.54007281964779, 31.89776174922975], [-106.5400069264608, 31.897959607498922], [-106.53971820462971, 31.898223373168847], [-106.53894006465363, 31.8983747665763], [-106.5387284598558, 31.898599524071674], [-106.53824189957167, 31.898753242917273], [-106.53793636551222, 31.898671686223082], [-106.53757587074286, 31.898709750232747], [-106.53709710772195, 31.899009310688832], [-106.53575410359883, 31.89935809380801], [-106.53564609708855, 31.899698971021465], [-106.53527684758961, 31.900064950144184], [-106.53520589221269, 31.90030159009492], [-106.53508327992827, 31.900498249288265], [-106.53499367290789, 31.900494499009795], [-106.5351807484139, 31.900017768631436], [-106.5355490328478, 31.89965331374603], [-106.53567043510336, 31.89928969875954], [-106.53705293346889, 31.898923301217216]]]}}, {"type": "Feature", "properties": {"name": "Round House Road"}, "geometry": {"type": "Polygon", "coordinates": [[[-106.45737769444612, 31.960395804662205], [-106.45743551188662, 31.960439518713784], [-106.45738398745117, 31.9604885718141], [-106.44278258666846, 31.961201542835788], [-106.44272476922788, 31.96115782914691], [-106.44277629366339, 31.96110877640406], [-106.45737769444612, 31.960395804662205]]]}}, {"type": "Feature", "properties": {"name": "FMSP Los Pueblos Access"}, "geometry": {"type": "Polygon", "coordinates": [[[-106.50672507577004, 31.863101708972764], [-106.50690946618684, 31.863098539205026], [-106.50765492147877, 31.86283667052898], [-106.50870325752668, 31.862167586609626], [-106.50891553367974, 31.862146659109662], [-106.50999845230918, 31.861594301246182], [-106.51023789170672, 31.861628566797627], [-106.51021045579417, 31.861683631751163], [-106.5100370858724, 31.861682317142577], [-106.50961101313388, 31.861878303191457], [-106.50895706011303, 31.86223323449286], [-106.50875201999709, 31.862252852014905], [-106.50770117684858, 31.862921033935553], [-106.50693163355464, 31.863190516655507], [-106.50672420612725, 31.863181830219798], [-106.50672507577004, 31.863101708972764]]]}}, {"type": "Feature", "properties": {"name": "FMSP Lower Sunset Road"}, "geometry": {"type": "Polygon", "coordinates": [[[-106.52986588017043, 31.913412578401406], [-106.53058462219653, 31.913209273994497], [-106.53387280295424, 31.913244438896363], [-106.53500032334112, 31.913411422555512], [-106.53504560431293, 31.91345716890597], [-106.53498139129884, 31.91350299122683], [-106.53386825334506, 31.91333742276807], [-106.53059315189383, 31.913302216116538], [-106.52989166121573, 31.91350300106294], [-106.52877957198788, 31.913687539160588], [-106.52837835588656, 31.913866141812683], [-106.52786191259372, 31.914245649550463], [-106.5271647515394, 31.914498059251788], [-106.52708995062217, 31.914465804262875], [-106.52712183555926, 31.914412526556855], [-106.52780558414337, 31.914165334745274], [-106.52831576374717, 31.913789423366993], [-106.52874019126929, 31.913600563252945], [-106.52986588017043, 31.913412578401406]]]}}, {"type": "Feature", "properties": {"name": "FMSP Vinton Canyon Road Shortcut 5"}, "geometry": {"type": "Polygon", "coordinates": [[[-106.51946825827594, 31.965686801491263], [-106.51986373460703, 31.965556770987796], [-106.52038885860439, 31.965561363546325], [-106.52141039447164, 31.964944333501283], [-106.52240722837908, 31.964662799143856], [-106.52446460326759, 31.964349361427846], [-106.52621963174781, 31.96396733017171], [-106.52692146109933, 31.96394282423402], [-106.52929950663749, 31.964292178230398], [-106.53007274171091, 31.964482506465252], [-106.53174526085046, 31.964680422228593], [-106.53212507603918, 31.964609452313617], [-106.53419614200034, 31.96399610518557], [-106.53652278964739, 31.963062161824947], [-106.53810707537862, 31.962252312254265], [-106.53870053532233, 31.962042322004063], [-106.53900829774621, 31.9620190619155], [-106.53905815807472, 31.962061227388766], [-106.53901787123438, 31.962110208120485], [-106.53872917371008, 31.9621327427569], [-106.53815274097273, 31.96233697811387], [-106.53657367309724, 31.96314445473768], [-106.53423887153593, 31.964081694313148], [-106.53215971749255, 31.964697707229718], [-106.53175996589324, 31.96477281785045], [-106.53005352549778, 31.96457424586582], [-106.52927772991819, 31.96438327846146], [-106.52690937204784, 31.96403534811978], [-106.52623582652505, 31.964059625450197], [-106.52449001611718, 31.964439763298245], [-106.52267774324756, 31.964711765561248], [-106.52213535765362, 31.96483364100549], [-106.52146155353978, 31.965026764803937], [-106.52062269155292, 31.96556631024852], [-106.52041541449852, 31.965652317498336], [-106.51987820926563, 31.965652859961427], [-106.51948798689534, 31.965778327881424], [-106.51829227924456, 31.965880366826784], [-106.51734139801692, 31.966031083349133], [-106.51675624227562, 31.96621594765982], [-106.51634913049195, 31.966282231170535], [-106.51629482947737, 31.966244435946646], [-106.51632903999462, 31.966192394545164], [-106.51672505099349, 31.966126435754028], [-106.51732011774467, 31.965939877994078], [-106.51827755946285, 31.965788269364328], [-106.51946825827594, 31.965686801491263]]]}}, {"type": "Feature", "properties": {"name": "FMSP Old Jeep Road II"}, "geometry": {"type": "Polygon", "coordinates": [[[-106.48096282488403, 31.932434164597506], [-106.48102299875706, 31.932470976327448], [-106.48098474035264, 31.932524909662337], [-106.48043190720443, 31.932581876083674], [-106.47819583051154, 31.933750089799226], [-106.47694787670082, 31.933848790484237], [-106.47663159276127, 31.933966442779482], [-106.47642213055443, 31.93408376195889], [-106.47622779530941, 31.934280917984047], [-106.47609148467271, 31.934776564339835], [-106.4759912953864, 31.934780527723156], [-106.47613202711267, 31.934233896223315], [-106.47635007305564, 31.934013122213965], [-106.47657794810995, 31.93388522300148], [-106.47692176137424, 31.933757788649412], [-106.47815473623065, 31.933662862599952], [-106.48038579824585, 31.932496920758126], [-106.48096282488403, 31.932434164597506]]]}}]}
